keyword,search_volume
buy to let mortgage,33100
buy to let mortgages,33100
buy to let mortgage calculator,22200
buy to let mortgage rates,9900
limited company buy to let mortgage,2400
ltd company buy to let mortgage,2400
buy to let mortgage limited company,2400
let to buy mortgage,1900
buy to let remortgage,1300
best buy to let mortgages,1300
hmo mortgage,880
holiday let mortgage,880
british expat mortgage,880
spv company,720
buy to let limited company,480
transfer property to limited company,480
expat mortgage,480
spv mortgage,320
limited company buy to let,320
limited company buy to let mortgage rates,320
company buy to let mortgage,260
portfolio mortgage,260
first time buyer buy to let,260
non resident mortgage uk,260
spv for property,210
portfolio landlord,170
setting up a limited company for buy to let,140
ltd company btl,110
hmo buy to let mortgage,110
buy to let mortgage no income,110
expat buy to let mortgage,110
portfolio landlord mortgage,90
buy to let mortgage self employed,90
spv buy to let mortgage,50
buy to let portfolio mortgage,40
portfolio buy to let mortgage,30
first time landlord mortgage,30
day one remortgage,30
85 ltv buy to let,20
section 24 buy to let,20
buy to let stress test,20
spv btl mortgage,10
5 year fixed buy to let,10
incorporation relief buy to let,10
should i buy property through a limited company,10
portfolio landlord remortgage,
moving buy to let into a company,0
buy to let mortgage bad credit,
non resident landlord mortgage,
rental income calculator buy to let,
