keyword,search_volume,cpc,competition
business rate valuation office,9900,6.01,LOW
business rates valuation office,9900,6.01,LOW
valuation office business rates,9900,6.01,LOW
valuation office agency business rates,9900,6.01,LOW
business rates valuation office agency,9900,6.01,LOW
employee-ownership trust,2400,7.96,MEDIUM
employee ownership trust,2400,7.96,MEDIUM
employee trust ownership,2400,7.96,MEDIUM
management buyout,2400,3.04,LOW
business rates valuation,1300,9.19,LOW
sell my business,880,33.47,MEDIUM
business valuation,880,16.85,MEDIUM
calculator for business valuation,720,7.04,HIGH
find a business rates valuation,720,5.24,LOW
valuation calculator business,720,7.04,HIGH
business valuation calculator,720,7.04,HIGH
check your business rate valuation,590,6.92,LOW
what is a management buyout,590,,LOW
what is management buyout,590,,LOW
valuation of a business,480,7.34,MEDIUM
valuation for business,480,7.34,MEDIUM
valuation of business,480,7.34,MEDIUM
valuation business,480,7.34,MEDIUM
valuation in business,480,7.34,MEDIUM
valuation of the business,480,7.34,MEDIUM
management buyout meaning,480,,LOW
find your business rates valuation,390,6.44,LOW
check business rates valuation,390,4.61,LOW
exit plan for business,390,10.83,LOW
exit strategy business,390,10.83,LOW
exit strategies in business,390,10.83,LOW
exit strategy for business,390,10.83,LOW
exit strategies business,390,10.83,LOW
business exit strategy,390,10.83,LOW
business exit plans,390,10.83,LOW
exit strategy of a business,390,10.83,LOW
exit strategy in business,390,10.83,LOW
business exit plan,390,10.83,LOW
exit strategies for a business,390,10.83,LOW
business exit planning,390,10.83,LOW
business exit strategies,390,10.83,LOW
exit strategies for business,390,10.83,LOW
exit plan for a business,390,10.83,LOW
exit strategy for a business,390,10.83,LOW
how do i sell my business,320,14.87,MEDIUM
how sell my business,320,14.87,MEDIUM
sell my business uk,320,24.41,MEDIUM
how to sell my business,320,14.87,MEDIUM
how can i sell my business,320,14.87,MEDIUM
business valuation methods,320,6.34,MEDIUM
valuation of a business methods,320,6.34,MEDIUM
business rate valuation,320,11.15,LOW
methods of valuation of business,320,6.34,MEDIUM
business rates valuation account,320,,LOW
business valuation methodologies,320,6.34,MEDIUM
valuation of business methods,320,6.34,MEDIUM
business valuation method,320,6.34,MEDIUM
find my business rates valuation,320,10.5,LOW
methods for business valuation,320,6.34,MEDIUM
methods of business valuation,320,6.34,MEDIUM
business valuation methodology,320,6.34,MEDIUM
business valuation techniques,320,6.34,MEDIUM
what is employee ownership trust,320,4.95,MEDIUM
what is an employee ownership trust,320,4.95,MEDIUM
business valuation service,260,26.04,MEDIUM
find business rates valuation,260,8.46,LOW
how to calculate business valuation,260,5.61,HIGH
business valuation services,260,26.04,MEDIUM
how to calculate a business valuation,260,5.61,HIGH
business valuation calculator uk,210,7.71,HIGH
business property valuation,210,6.74,MEDIUM
uk business valuation calculator,210,7.71,HIGH
business valuation of a company,210,16.06,MEDIUM
business valuation formulas,170,4.48,MEDIUM
formula for business valuation,170,4.48,MEDIUM
valuation of business formula,170,4.48,MEDIUM
business valuation formula,170,4.48,MEDIUM
employee ownership trust problems,170,6.86,LOW
sell my business quick,140,29.59,HIGH
sell my business quickly,140,29.59,HIGH
how much could i sell my business for,140,9.55,MEDIUM
how much can i sell my business for,140,9.55,MEDIUM
sell my business fast,140,29.59,HIGH
uk business valuation,140,16.34,HIGH
business valuation uk,140,16.34,HIGH
valuation of business uk,140,16.34,HIGH
private business valuation,140,5.42,MEDIUM
business valuation service company,140,11.93,MEDIUM
gov.uk business rates valuation,110,7.21,LOW
gov.uk check your business rate valuation,110,5.01,LOW
valuation of a small business,110,24.94,MEDIUM
accounting business valuation,110,,MEDIUM
what is business valuation,110,,LOW
independent business valuation,110,16.69,MEDIUM
business valuation accounting,110,,MEDIUM
business valuation small business,110,24.94,MEDIUM
gov uk business rates valuation,110,7.21,LOW
small business valuation,110,24.94,MEDIUM
what is a business valuation,110,,LOW
business valuation accountant,110,,MEDIUM
gov uk check your business rate valuation,110,5.01,LOW
business valuation accountants,110,,MEDIUM
what is valuation in business,110,,LOW
valuation of small business,110,24.94,MEDIUM
employee ownership trust explained,110,5.76,MEDIUM
employee ownership trust pros and cons,110,4.8,MEDIUM
business exit,110,11.31,LOW
exit the business,110,11.31,LOW
exit a business,110,11.31,LOW
exit business,110,11.31,LOW
i want to sell my business,90,31.27,MEDIUM
i want sell my business,90,31.27,MEDIUM
business valuation based on profit,90,3.81,MEDIUM
check my business rates valuation,90,16.38,LOW
valuation of business based on profit,90,3.81,MEDIUM
how does an employee ownership trust work,90,5.2,MEDIUM
employee ownership trust disadvantages,90,1.86,LOW
management buyout finance,90,23.67,HIGH
how does a management buyout work,90,3.97,MEDIUM
financing management buyout,90,15.81,HIGH
financing a management buyout,90,15.81,HIGH
management buyout definition,90,,LOW
management buyout financing,90,15.81,HIGH
exit strategy in a business plan,90,,LOW
exit strategy for a business plan,90,,LOW
exit strategies business plan,90,,LOW
exit strategy business plan,90,,LOW
exit strategy for business plan,90,,LOW
planning an exit strategy from a business,90,,LOW
business plan exit strategy,90,,LOW
business exit strategy planning,90,,LOW
exit strategy in business plan,90,,LOW
business valuation and divorce,70,26.08,MEDIUM
business valuation divorce,70,26.08,MEDIUM
business valuation firm,70,,LOW
business valuation based on turnover,70,4.24,MEDIUM
define valuation in business,70,,LOW
business valuation firms,70,,LOW
business sale valuation,70,4.32,HIGH
free business valuation,70,24.76,MEDIUM
valuation business definition,70,,LOW
business valuation free,70,24.76,MEDIUM
valuation business for sale,70,4.32,HIGH
find a business rates valuation gov uk,70,5.43,LOW
challenge business rates valuation,70,21.24,MEDIUM
business valuation meaning,70,,LOW
divorce and business valuation,70,26.08,MEDIUM
business valuation definition,70,,LOW
business valuation for sale,70,4.32,HIGH
business valuation for divorce,70,26.08,MEDIUM
business valuation means,70,,LOW
business valuation in divorce,70,26.08,MEDIUM
employee ownership trust examples,70,,LOW
employee ownership trust example,70,,LOW
management buyout examples,70,,LOW
management buyout example,70,,LOW
management buyout funding,70,35.18,HIGH
where do i sell my business,50,23.13,HIGH
where can i sell my business,50,23.13,HIGH
sell my business for free,50,17.85,HIGH
where to sell my business,50,23.13,HIGH
how do i sell my business uk,50,15.4,HIGH
sell my small business,50,39.09,MEDIUM
sell my business online,50,25.51,LOW
how to sell my business uk,50,15.4,HIGH
sell my online business,50,25.51,LOW
find a business rate valuation,50,19.48,LOW
business valuation ebitda,50,5.15,MEDIUM
business valuation expert,50,20.96,MEDIUM
business valuation course,50,7.77,MEDIUM
gov uk business rate valuation,50,,LOW
business valuation experts,50,20.96,MEDIUM
business valuation classes,50,7.77,MEDIUM
business valuation using ebitda,50,5.15,MEDIUM
gov uk business rates valuation account,50,,LOW
business valuation courses,50,7.77,MEDIUM
ebitda business valuation,50,5.15,MEDIUM
ebit business valuation,50,5.15,MEDIUM
courses on business valuation,50,7.77,MEDIUM
business valuation near me,50,7.76,MEDIUM
gov uk check business rate valuation,50,6.03,LOW
employee ownership trust tax,50,20.33,MEDIUM
employee ownership trust tax-free bonus,50,2.96,LOW
employee share ownership trust,50,17.6,LOW
employee ownership trust benefits for employees,50,,LOW
eot employee ownership trust,50,6.47,HIGH
employee stock ownership trust,50,17.6,LOW
employee ownership trust uk,50,7.54,MEDIUM
employee ownership trust tax free bonus,50,2.96,LOW
advantages and disadvantages of management buyout,50,,LOW
management buyout loans,50,25.84,HIGH
management buyout uk,50,6.99,MEDIUM
advantages of management buyout,50,,LOW
management buyout loan,50,25.84,HIGH
free business valuation calculator,40,6.57,HIGH
business valuation multiple,40,,MEDIUM
multiplier for business valuation,40,,MEDIUM
ebitda business valuation calculator uk,40,5.98,HIGH
expert witness business valuation,40,,MEDIUM
business rates valuation office contact number,40,19.43,LOW
ai for business valuation,40,36.51,MEDIUM
multiple for business valuation,40,,MEDIUM
business valuation multiples,40,,MEDIUM
simple business valuation,40,4.59,MEDIUM
business valuation expert witness,40,,MEDIUM
valuation business rates,40,11.76,LOW
business valuation examples,40,,LOW
valuation for business rates,40,11.76,LOW
business valuation example,40,,LOW
how to get business valuation,40,8.51,HIGH
check your business rates valuation,40,,LOW
business valuation calculator free,40,6.57,HIGH
business valuation services uk,40,15.28,MEDIUM
family business valuation,40,,LOW
business rate valuation login,40,,LOW
business valuation advisors,40,,LOW
multiples for business valuation,40,,MEDIUM
basic business valuation,40,4.59,MEDIUM
free business valuation calculator uk,40,13.18,MEDIUM
how to get a business valuation,40,8.51,HIGH
employee ownership trust rules,40,2.94,HIGH
employee ownership trust accounting treatment,40,,LOW
employee ownership trust inheritance tax,40,,LOW
employee ownership trust employee benefits,40,,MEDIUM
employee ownership trust hmrc manual,40,23,LOW
management buyout private equity,40,,LOW
management buyout calculator,40,5.5,MEDIUM
management buyout process,40,11.76,LOW
exit strategy for family business,40,,LOW
family business exit strategy,40,,LOW
can i sell my business,30,11.03,HIGH
how can i sell my business fast,30,13.91,LOW
sell my business broker near me,30,,MEDIUM
how to sell my business quickly,30,13.91,LOW
if i sell my business what tax do i pay,30,3.82,MEDIUM
how to sell my business fast,30,13.91,LOW
sell my business broker,30,24.98,MEDIUM
brokers to sell my business,30,,LOW
if i sell my business do i pay tax,30,3.82,MEDIUM
broker to sell my business,30,,LOW
best agent to sell my business,30,20.64,HIGH
business valuation software,30,2.07,MEDIUM
business valuation calculation,30,4.28,HIGH
business valuation program,30,2.07,MEDIUM
find business rate valuation,30,13.35,LOW
online business valuation,30,19.18,HIGH
valuation of a small business calculator,30,6.82,HIGH
check your business rate valuation gov uk,30,,LOW
business valuation industry multiplier,30,6.48,HIGH
business valuation ebitda multiple,30,1.45,MEDIUM
valuation of online business,30,19.18,HIGH
business valuation certification,30,6.54,MEDIUM
business valuation programs,30,2.07,MEDIUM
how to do business valuation,30,10.89,MEDIUM
business valuation online,30,19.18,HIGH
industry multiples for business valuation,30,6.48,HIGH
business rates valuation account login,30,,LOW
business valuation certifications,30,6.54,MEDIUM
check your business rate valuation sign in,30,,LOW
how to determine business valuation,30,6.58,MEDIUM
business valuation website,30,19.18,HIGH
certificate in business valuation,30,6.54,MEDIUM
voa business rates valuation,30,10.64,LOW
small business valuation calculator,30,6.82,HIGH
discounted cash flow business valuation,30,,MEDIUM
business valuation discounted cash flow,30,,MEDIUM
business valuation and forensic accounting,30,,HIGH
valuation of small business calculator,30,6.82,HIGH
forensic accounting business valuation,30,,HIGH
forensic accountant business valuation,30,,HIGH
business valuation based on ebitda,30,6.18,HIGH
how to calculate small business valuation,30,4.75,MEDIUM
discounted cash flow for business valuation,30,,MEDIUM
valuation office check business rates,30,,LOW
dcf business valuation,30,,MEDIUM
business valuation dcf,30,,MEDIUM
business valuation multiple of ebitda,30,1.45,MEDIUM
how to do a business valuation,30,10.89,MEDIUM
how does employee ownership trust work,30,2.66,MEDIUM
management buyout structure,30,,LOW
management buy in buyout,30,6.34,MEDIUM
what does management buyout mean,30,,LOW
buy in management buyout,30,6.34,MEDIUM
how does management buyout work,30,3.42,MEDIUM
buy-in management buyout,30,6.34,MEDIUM
management buyout structures,30,,LOW
small business exit strategies,30,,LOW
business owner exit planning,30,22.67,LOW
exit strategies for small business,30,,LOW
exit strategy for a small business,30,,LOW
what is an exit strategy for a business,30,1.44,LOW
exit strategy small business,30,,LOW
exit plan for small business,30,,LOW
what is an exit strategy in business,30,1.44,LOW
exit planning for business owners,30,22.67,LOW
exit strategy selling business,30,,LOW
exit my business,30,,LOW
small business exit strategy,30,,LOW
exit strategy for small business,30,,LOW
what is exit strategy in business,30,1.44,LOW
sell my small business uk,20,29.77,HIGH
business brokers to sell my business,20,,LOW
can i sell my car to my business,20,,LOW
sell my ifa business,20,29.59,MEDIUM
business broker to sell my business,20,,LOW
help me sell my business,20,,LOW
how to value my business to sell,20,5.23,MEDIUM
help sell my business,20,,LOW
can i sell my business before divorce,20,13.28,LOW
how much can i sell my business for uk,20,10.3,HIGH
sell my business london,20,47.78,HIGH
should i sell my business,20,55.74,LOW
can i sell my house to my business,20,,LOW
how do i value my business to sell,20,5.23,MEDIUM
business valuation services near me,20,18.69,HIGH
business valuation modeling,20,5.09,MEDIUM
business valuation icon,20,,LOW
small business valuation calculator uk,20,,
business valuation consultants,20,8.12,LOW
my business rates valuation,20,,LOW
need for business valuation,20,,
business valuation consulting,20,8.12,LOW
business valuation for tax purposes,20,,
cost of a business valuation,20,12.29,HIGH
business valuation model,20,5.09,MEDIUM
business valuation rule of thumb,20,1.6,MEDIUM
business valuation market approach,20,,
market approach business valuation,20,,
reasons for business valuation,20,,
small business valuation multiples by industry,20,4.07,HIGH
business rates valuation appeals,20,18.34,MEDIUM
quick business valuation calculator,20,6.81,HIGH
business valuation process,20,,LOW
business rates valuation agency,20,,LOW
business valuation online course,20,,LOW
valuation agency business rates,20,,LOW
business valuation tool,20,8,HIGH
business valuation law firm,20,15.42,LOW
business rates valuation account sign in or set up,20,,LOW
check and challenge your business rates valuation,20,9.16,LOW
business valuation based on revenue,20,2.34,HIGH
rule of thumb business valuation,20,1.6,MEDIUM
business valuation companies,20,,MEDIUM
business valuation multiplier by industry,20,4.19,MEDIUM
business valuation course online,20,,LOW
business valuation cost,20,12.29,HIGH
business valuation multiples by industry,20,4.19,MEDIUM
business valuation report,20,10.56,HIGH
business rate valuation account,20,,LOW
business valuation costs,20,12.29,HIGH
appeal business rates valuation,20,18.34,MEDIUM
fair market value business valuation,20,,
how to work out business valuation,20,4.63,HIGH
online business valuation course,20,,LOW
cost of business valuation,20,12.29,HIGH
business valuation methods divorce,20,,
business valuation models,20,5.09,MEDIUM
consulting business valuation,20,8.12,LOW
business valuation courses online,20,,LOW
business valuation fees,20,12.29,HIGH
business valuation tools,20,8,HIGH
industry multiplier for business valuation,20,4.19,MEDIUM
employee ownership trust budget 2025,20,,LOW
employee ownership trust bonus,20,,LOW
employee ownership trust benefits,20,,LOW
employee ownership trust budget,20,,
employee ownership trust capital gains tax,20,,LOW
employee ownership trust valuation,20,,LOW
employee ownership trust tax benefits,20,2.77,HIGH
employee ownership trust dividends,20,,LOW
funding an employee ownership trust,20,,LOW
leveraged management buyout,20,,
management buyout tax implications,20,,LOW
gunvor management buyout,20,,LOW
management buyout vs management buy-in,20,,LOW
management buyout vs buy in,20,,LOW
mbo management buyout,20,,MEDIUM
management buyout model,20,,LOW
management buyout advice,20,91.79,HIGH
management buyout mbo,20,,MEDIUM
management buy-in vs buyout,20,,LOW
management buyout advantages and disadvantages,20,,LOW
how to fund a management buyout,20,12.52,MEDIUM
management buy in vs buyout,20,,LOW
management buyout vs management buy in,20,,LOW
management buyout vs leveraged buyout,20,,LOW
management buyout vs buy-in,20,,LOW
exit strategies for business owners,20,,LOW
business exit strategy consulting,20,,LOW
exit strategy for business owners,20,,LOW
how to exit a partnership in business,20,,LOW
how to exit a business partnership,20,,LOW
sell my business gumtree,10,,
how do i sell my small business,10,19.27,MEDIUM
where can i sell my business online,10,10.74,LOW
agents to sell my business,10,,HIGH
can i sell my ebay business,10,,MEDIUM
can my business partner force me to sell,10,,MEDIUM
where can i sell my small business products,10,,HIGH
sell my business miami,10,,
where to sell my small business online,10,,LOW
how can i sell my business quickly,10,,LOW
i want to sell my software business,10,,
sell my business fast uk,10,,MEDIUM
sell my engineering business,10,18.5,MEDIUM
how to sell my electrical business,10,,
sell my business ireland,10,,
sell my beauty business,10,,HIGH
sell my ecommerce business,10,37.37,MEDIUM
sell my small business online,10,27.31,LOW
how to sell my auto repair business,10,,
value my business to sell,10,26.02,HIGH
sell my vacation rental business,10,,
what documents do i need to sell my business,10,,LOW
sell my business fast free,10,,
where to sell my small business,10,,HIGH
where can i sell my online business,10,10.74,LOW
how do i sell my hair salon business,10,4.57,HIGH
sell my business plan,10,,
how to price my business to sell,10,,
sell my business toronto,10,,
sell my business now,10,,
sell my business online for free,10,,HIGH
help me sell my small business,10,,MEDIUM
how much can i sell my e-commerce business for,10,,
how to sell my business with a broker,10,,
can i sell my business on gta 5 online,10,,LOW
do i pay tax when i sell my business,10,3.18,HIGH
sell my business scotland,10,28.6,HIGH
how much to sell my business for,10,5.28,MEDIUM
sell my manufacturing business,10,33.14,HIGH
sell my business idea,10,,HIGH
sell my ebay business,10,,LOW
how to sell my business without a broker,10,,LOW
if i sell my business property is it taxable,10,,
how much is my business worth to sell calculator,10,5.23,HIGH
how to sell my construction business,10,,HIGH
how to sell my business myself,10,7.81,HIGH
sell my business without a broker,10,14.75,HIGH
where can i sell my small business,10,10.23,HIGH
want to sell my business,10,25.36,HIGH
how do i sell my business online,10,14.2,LOW
sell my construction business,10,44.86,MEDIUM
sell my timeshare now better business bureau,10,,
how should i sell my business,10,,HIGH
how do i sell my business privately,10,18.19,MEDIUM
can i sell my home to my business,10,,
can i sell my business with a bounce back loan,10,5.58,HIGH
sell my business valuation,10,,
how to sell my business privately,10,3.59,LOW
where to sell my business online,10,10.74,LOW
how to sell my own business,10,,LOW
advertise to sell my business,10,,
sell my business australia,10,,
sell my internet business,10,,
sell my business india,10,,
can i sell my business lease,10,,
how to sell my website business,10,,
sell my business austin,10,,
how much tax if i sell my business,10,,LOW
broker to sell my small business,10,,
where can i sell my business for free,10,24.27,LOW
looking to sell my business,10,,HIGH
can i sell my business with debt,10,,LOW
sell my website business,10,14.49,HIGH
where can i sell my business idea,10,,
sell my ecommerce business uk,10,36.59,HIGH
how much to sell my small business for,10,,
how much is my business worth to sell,10,14.18,HIGH
what do i need to sell my business,10,4.43,LOW
can i sell personal items to my business,10,,LOW
what can i sell for my business,10,,
i want to sell my small business,10,15.59,HIGH
how to sell my car to my business,10,,LOW
sell my restaurant business,10,27.39,HIGH
how to sell my business online,10,14.2,LOW
i want to sell my ecommerce business,10,,HIGH
how do i sell my small business without a broker,10,,
how to sell my online business,10,14.2,LOW
how to sell my business on gumtree,10,,HIGH
sell my it business,10,,LOW
how much should i sell my small business for,10,,LOW
sell my business by owner,10,17.01,HIGH
is now a good time to sell my business,10,,
how much do i sell my business for,10,,LOW
what my business worth to sell,10,,
how much can i sell my business for calculator,10,7.59,HIGH
sell my business online australia,10,,
how do i sell my car to my business,10,,LOW
who can sell my business,10,,
how do i sell my business without a broker,10,,LOW
how to sell my small business fast,10,,LOW
how to sell my cleaning business,10,11.87,HIGH
can i sell my business during a divorce,10,,MEDIUM
sell my cafe business,10,23.5,HIGH
who can help me sell my business,10,,HIGH
sell my hvac business,10,,
can i sell my business lease uk,10,,HIGH
can i sell my mc business in gta online,10,,LOW
should i sell my business now,10,,LOW
how do i sell my amazon business,10,,
sell my service business,10,,
sell my fba business,10,,
how to sell my business in south africa,10,,
do i need a broker to sell my business,10,,HIGH
how much can i sell my daycare business for,10,,
sell my dog walking business,10,,
sell my business online free,10,,HIGH
where to sell my business for free,10,24.27,LOW
sell my care business,10,,
sell my roofing business,10,,HIGH
to sell my business,10,,
should i sell my business or not,10,,
can i sell my business vehicle to myself,10,,LOW
do i need a lawyer to sell my business,10,,LOW
when should i sell my business,10,5.68,HIGH
should i sell my business or keep it,10,,MEDIUM
how to sell my business on facebook,10,,HIGH
where can i sell my business online for free,10,,HIGH
do i need a solicitor to sell my small business,10,16.74,MEDIUM
how do i value my business to sell it,10,6.2,HIGH
can i sell my small business,10,,LOW
sell my electrical business,10,,HIGH
do i need a business broker to sell my business,10,,
sell my business free,10,,HIGH
sell my business website,10,14.49,HIGH
what can i sell my business for,10,,MEDIUM
sell my business in florida,10,,
sell my estate agency business,10,17.32,MEDIUM
sell my saas business,10,28.65,MEDIUM
how do i sell my online business,10,14.2,LOW
sell my business to overseas buyers,10,,LOW
where to sell my amazon business,10,2.85,MEDIUM
sell my cleaning business,10,20.02,HIGH
sell my business on gumtree,10,,
what should i sell for my business,10,,LOW
sell my business texas,10,,
sell my own business,10,,LOW
can i sell my ebay business account,10,,LOW
can i sell my business gta v,10,,
can i sell my business idea,10,5.75,MEDIUM
where can i sell my business ideas,10,,
can i sell my business without a lease,10,,
should i use a broker to sell my business,10,,LOW
how to sell on google my business,10,,
how can i sell my business idea,10,,HIGH
how to sell my franchise business,10,17.3,HIGH
if i sell my business what happens to the staff,10,,LOW
how can i sell my small business fast,10,,LOW
how to sell products on google my business,10,,
how to sell my roofing business,10,,
best way to sell my business,10,16.92,HIGH
want to sell my business fast,10,44.96,MEDIUM
what to sell in my business,10,4.28,HIGH
how to sell my hair salon business,10,,
can i sell my business gta online,10,,
do i need a solicitor to sell my business,10,48.62,MEDIUM
sell my business for free uk,10,9.28,HIGH
sell my amazon fba business,10,31.23,HIGH
how can i sell my restaurant business,10,33.53,HIGH
how to sell my amazon business,10,,HIGH
sell my business note,10,,
how do i sell my business to my employees,10,,
can i sell my business on ebay,10,,HIGH
sell gift cards for my business,10,,
can i sell my business name,10,,MEDIUM
can i sell my business in gta 5 online,10,,LOW
can i sell my business on facebook marketplace,10,,
sell my business nz,10,,
should i sell my business or close it,10,,
sell my business south africa,10,,
if i sell my business how is it taxed,10,4.33,MEDIUM
how do i sell my franchise business,10,18.09,HIGH
can i sell my personal car to my business,10,,LOW
best place to sell my business,10,33.36,HIGH
how to sell my business name,10,,LOW
should i sell my business and retire,10,,LOW
how do i sell on my facebook business page,10,,LOW
sell my business manchester,10,10.99,HIGH
sell my business near me,10,83.35,MEDIUM
how to find a broker to sell my business,10,,
how to sell my business gta 5,10,,
sell my business myself,10,,
where to sell my online business,10,,
can i sell my cleaning business,10,,MEDIUM
sell my web business,10,14.49,HIGH
sell my healthcare business,10,51.65,MEDIUM
how to sell my ecommerce business,10,,
sell my business new york,10,,
how do i sell my business idea,10,,HIGH
how to sell my small business,10,19.27,MEDIUM
how much should i sell my business for calculator,10,7.59,HIGH
what should i sell for my small business,10,,
how to sell my amazon fba business,10,,
how to sell my hvac business,10,,
sell my app business,10,,
is it a good time to sell my business,10,,
i want to sell my business uk,10,9.68,HIGH
how much can i sell my ecommerce business for,10,,
my boss wants to sell me his business,10,,LOW
what tax do i pay if i sell my business,10,6.82,MEDIUM
can my business partner sell without my consent,10,,LOW
how long does it take to sell my business,10,,LOW
sell my business atlanta,10,,
sell my business glasgow,10,11.46,HIGH
sell my business boston,10,,
agent to sell my business,10,,HIGH
how to sell gift cards for my business,10,,
find a broker to sell my business,10,,LOW
best company to sell my business,10,56.25,MEDIUM
how to sell my business idea,10,,HIGH
can i sell my sole trader business,10,6.58,HIGH
sell my salon business,10,44.86,HIGH
who can help sell my business,10,,
sell my business for free online,10,,HIGH
sell my business birmingham,10,,MEDIUM
sell my business calgary,10,,
sell my business com,10,21.61,HIGH
sell my lawn care business,10,,HIGH
sell my business name,10,6.72,HIGH
can i sell my business in gta 5,10,,
sell my business perth,10,,
sell my franchise business,10,49.43,MEDIUM
can i sell my business for $1,10,,
what do i sell my business for,10,,
can i sell my business without a broker,10,,LOW
how much can i sell my cleaning business for,10,,
i need to sell my business fast,10,,
sell my business in india,10,,
sell my business dallas tx,10,,
sell my business nsw,10,,
where can i advertise to sell my business,10,,HIGH
how to sell my business in gta 5 online,10,,
sell my amazon business,10,17.06,HIGH
need to sell my business,10,25.36,HIGH
can i sell my facebook business page,10,,LOW
can i force my business partner to sell,10,,
can i sell my business without a solicitor,10,,LOW
sell my business canada,10,,
how much should i sell my business for,10,7.47,HIGH
can i sell on marketplace from my business page,10,,LOW
sell my business on ebay,10,,
sell my business florida,10,,
need to sell my business fast,10,44.96,MEDIUM
what should my business sell,10,5.72,HIGH
sell my plumbing business,10,,MEDIUM
sell my business sydney,10,,
sell my business stock,10,4.42,MEDIUM
sell my business in dubai,10,,
how to sell part of my business,10,,HIGH
can i sell my 50 share in a business,10,6.36,HIGH
can i sell my airbnb business,10,,HIGH
sell my business los angeles,10,,
how to sell my half of a business,10,6.99,HIGH
sell my business contract,10,,
can i sell my amazon business,10,,
how much can i sell my lawn care business for,10,,MEDIUM
how am i taxed when i sell my business,10,,HIGH
if i sell my business how is it taxed uk,10,1.76,MEDIUM
sell my business usa,10,,MEDIUM
sell my online business uk,10,,
what should i sell my business for,10,,MEDIUM
can i sell my half of a business,10,,MEDIUM
how to sell my business in gta 5,10,,
who can sell my business for me,10,,LOW
how do i sell my business on gta 5,10,,
how to sell my lawn care business,10,,
sell my software business,10,,LOW
how to sell my manufacturing business,10,,LOW
can i sell my business if i owe taxes,10,,
sell my business calculator,10,19.48,HIGH
how to sell my business for free,10,9.88,MEDIUM
sell my business privately,10,,HIGH
can i sell my truck to my business,10,,
how do i sell my business sims 4,10,,
how do i sell my business name,10,,LOW
sell my optical business,10,,
how much can i sell my amazon business for,10,,
how to sell my restaurant business,10,17.35,HIGH
what should i sell on my small business,10,,
best website to sell my business,10,,
how much can i sell my small business for,10,,LOW
what to do to sell my business,10,,LOW
when to sell my business,10,,LOW
i want to sell my business fast,10,18.98,HIGH
should i sell my house to start a business,10,,
how to sell my plumbing business,10,3.94,MEDIUM
how can i sell my small business,10,19.27,MEDIUM
can i sell my vehicle to my business,10,,LOW
how to sell my business to an employee,10,,LOW
sell my startup business,10,,HIGH
how do i sell my hvac business,10,,
can i sell on facebook marketplace from my business page,10,,LOW
small business valuation uk,10,,
business valuation and financial analysis,10,,
business valuation 3 times earnings,10,,
small business valuation calculator excel,10,,
how to business valuation,10,,HIGH
business valuation for startups,10,,
business valuation report kpmg pdf,10,,LOW
service business valuation calculator,10,,
business valuation florida,10,,MEDIUM
business valuation disclaimer,10,,
business valuation ppt presentation,10,,
selling your small business valuation,10,,LOW
business valuation asset approach,10,,
asa business valuation standards,10,,LOW
business valuation san antonio,10,,
aswath damodaran business valuation,10,,LOW
business valuation online calculator,10,15.57,HIGH
insurance book of business valuation,10,,
what is sde in business valuation,10,,LOW
ey business valuation,10,,LOW
types of business valuation approaches,10,,
best business valuation software,10,,
small business valuation software,10,8.72,HIGH
business valuation research,10,,
business valuation hamilton,10,,
business valuation report deloitte pdf,10,,LOW
sba business valuation,10,,LOW
business valuation ratios,10,,
learn business valuation,10,,LOW
restaurant business valuation multiple,10,,
business valuation consultant deloitte,10,,
how to figure out business valuation,10,,
business valuation ey,10,,LOW
business valuation credentials,10,,
business valuation quotes,10,,LOW
business valuation uae,10,,
free small business valuation calculator,10,,
who can do a business valuation,10,,
business valuation books,10,,HIGH
business valuation software uk,10,,HIGH
the business valuation book,10,,
business valuation resources,10,,LOW
business valuation formula shark tank,10,,
business valuation questions and answers pdf,10,,
buying a small business valuation,10,,
selling a business valuation,10,7.2,HIGH
hbr tools business valuation pdf,10,,
business rates valuation appeal,10,14.16,MEDIUM
business valuation specialists,10,65.15,HIGH
business rates valuation sign in,10,,LOW
how to write a business valuation,10,,
business valuation industry,10,,
business valuation update,10,,
business valuation template free,10,,
business valuation calgary,10,,
business valuation in mergers and acquisitions,10,,
business valuation certification canada,10,,
cost of business valuation services,10,,
small business valuation cost,10,,
how is business valuation calculated,10,2.46,MEDIUM
business valuation kansas city,10,,LOW
how is a business valuation calculated,10,2.16,HIGH
importance of business valuation,10,,LOW
business valuation in dubai,10,,
business valuation factors,10,,
restaurant business valuation,10,12.03,HIGH
financial statement analysis and business valuation,10,,HIGH
business analysis and valuation 5th edition,10,,
business analysis and valuation ifrs edition 5th edition,10,,
business valuation course free,10,,
self storage business valuation,10,,HIGH
business rates valuation 2023,10,,
business analysis & valuation using financial statements text & cases,10,,
get a business valuation,10,16.33,HIGH
business valuation job description,10,,
business valuation data,10,,
deloitte business valuation salary,10,,
3 business valuation methods,10,,LOW
business valuation problems and solutions,10,,
business valuation template excel free,10,2.09,MEDIUM
business valuation phoenix az,10,,
restaurant business valuation formula,10,,
business valuation expert near me,10,,
blue sky business valuation llc,10,,
dry cleaning business valuation,10,,
divorce business valuation,10,12.32,HIGH
business valuation based on sales,10,,
business valuation pdf book,10,,
business valuation template word,10,,HIGH
electrical business valuation,10,,
business valuation of a private company,10,,
small business valuation formula multiples,10,,
business valuation training course,10,,HIGH
business valuation presentation,10,,
understanding business valuation 5th edition pdf,10,,LOW
business valuation templates free,10,,
business valuation calculator nz,10,,
ey valuation and business modelling salary,10,,
how is a business valuation calculator,10,,
business valuation templates,10,,
business valuation approaches pdf,10,,LOW
add-backs for business valuation,10,,LOW
business valuation group,10,,
business valuation manchester,10,17.88,HIGH
free business valuation template,10,,
service business valuation multiple,10,,
business valuation equity calculator,10,,
business valuation houston,10,,
business valuation companies near me,10,,HIGH
business valuation damodaran,10,4.07,MEDIUM
business valuation books pdf,10,,
retail business valuation,10,3.49,MEDIUM
business valuation form,10,,
aicpa business valuation conference,10,,
business valuation for dummies pdf,10,7.06,LOW
business valuation mergers and acquisitions,10,,LOW
business valuation 3x profit,10,,
journal of business valuation,10,,
cost approach business valuation,10,,
business valuation methods ebitda,10,,
business valuation group chicago,10,,
free small business valuation,10,,
business valuation formula calculator,10,,
discounted cash flow method business valuation,10,,
ppc guide to business valuation,10,,
business valuation methods examples,10,,
how to do a business valuation analysis,10,,
business valuation sales multiple,10,,
online business valuation calculator,10,15.57,HIGH
business valuation sample,10,,
why business valuation is important,10,,LOW
business valuation gold coast,10,,
sde business valuation calculator,10,,
property management business valuation,10,,
masters in business valuation,10,,LOW
vending machine business valuation,10,,HIGH
business valuation acca f9,10,,
business analysis and valuation 5th edition pdf,10,,
what are the methods of business valuation,10,,LOW
business valuation dallas,10,,
business valuation format,10,,
business valuation vs appraisal,10,,
earnings multiplier business valuation,10,,LOW
business valuation divorce settlement,10,,LOW
net present value business valuation,10,,
how to get a valuation on a business,10,14.23,HIGH
business valuation by industry,10,,
business valuation control premium,10,,
business valuation inc,10,,
of business valuation,10,,LOW
business valuation for small business,10,,HIGH
free valuation of a business,10,,
business valuation south africa,10,,
business acquisition valuation,10,,LOW
business valuation services dubai,10,,
best business valuation books,10,,
international glossary of business valuation terms,10,,LOW
top business valuation firms,10,,LOW
free online business valuation calculator,10,,HIGH
business valuation canada,10,,
simple business valuation methods,10,,LOW
earnings multiple valuation small business,10,,
discounted cash flow business valuation example,10,,
basic business valuation formula,10,0.9,MEDIUM
simple business valuation template,10,,
business valuation ai,10,,
business valuation analyst,10,,LOW
business enterprise valuation,10,,
national business valuation services inc,10,,
business valuation journal,10,,
business valuation designations,10,,
business analysis and valuation: ifrs edition 5th edition pdf,10,,
business valuation providers,10,,
manufacturing business valuation,10,,LOW
business valuation pdf,10,,MEDIUM
business analysis & valuation using financial statements,10,,HIGH
what is a multiple in business valuation,10,,
business valuation license,10,,
business valuation theory,10,,
business valuation services india,10,,
low cost business valuation,10,,
construction business valuation calculator,10,,
gov.uk check your business rate valuation sign in,10,,LOW
online business valuation calculator uk,10,10.06,HIGH
how does business valuation work,10,,HIGH
pwc business valuation,10,,
business valuation group inc,10,,
business valuation net income multiplier,10,,HIGH
business valuation multiples by industry canada,10,,LOW
valuation of service business,10,,HIGH
business valuation appraiser,10,8.42,HIGH
business valuation calculator simple,10,,
business analysis valuation using financial statements,10,,HIGH
quick business valuation,10,19.95,MEDIUM
business valuation based on net income,10,,
business valuation resources llc,10,,
business rates valuation calculator,10,69.39,LOW
buying a business valuation,10,,
business valuation specialist,10,65.15,HIGH
retail business valuation calculator,10,12.41,HIGH
business valuation associate,10,,
business valuation case study pdf,10,,
aicpa business valuation certification,10,,
moneysoft business valuation software,10,,
cash flow business valuation calculator,10,,HIGH
business rates valuation scotland,10,2.43,LOW
how does a business valuation work,10,3.01,HIGH
business valuation goodwill,10,,MEDIUM
business valuation qualification,10,3.92,HIGH
free business valuation tool,10,12.05,MEDIUM
free cash flow business valuation,10,,
business valuation acca,10,0.04,LOW
business valuation notes pdf,10,,
software business valuation,10,,HIGH
business valuation software for business brokers,10,,
startup business valuation,10,,
ifa business valuation,10,,MEDIUM
business valuation articles,10,,
business valuation methods for startups,10,,
business valuation multiple of revenue,10,,HIGH
the lawyer's business valuation handbook,10,,
business valuation denver,10,,
business valuation calculator ebitda,10,,
e-commerce business valuation,10,6.15,HIGH
business rates valuation list,10,,LOW
business broker valuation software,10,,
valuation of an ifa business,10,,
farm business valuation,10,,
business valuation calculator excel,10,2.4,HIGH
standard business valuation,10,,MEDIUM
business valuation letter sample,10,,
valuation recurring revenue business,10,,
common business valuation methods,10,,
business valuation services cost,10,,
business valuation new york,10,,HIGH
business valuation meaning in simple words,10,,
small business valuation calculator south africa,10,,
mpi business valuation & advisory,10,,LOW
business analysis and valuation lse,10,,
business valuation formula excel,10,,LOW
small business valuation ebitda multiple,10,,
how much should a business valuation cost,10,,
business valuation investopedia,10,,
acca business valuation,10,0.04,LOW
business valuation strategies,10,,LOW
business valuation melbourne,10,,
small business valuation excel template,10,,
what does valuation mean in business,10,,LOW
insurance business valuation,10,,
farmers business network valuation,10,,
business valuation calculator excel uk,10,,
business valuation template,10,8.35,HIGH
can a cpa do a business valuation,10,,
warren buffett business valuation formula,10,,
quick business valuation formula,10,,HIGH
valuation of business plan,10,,LOW
what is a business valuation report,10,,
business valuation sde multiple,10,,HIGH
saas business valuation calculator,10,,
bdo business valuation,10,,HIGH
small business valuation methods,10,3.02,MEDIUM
certificate in business valuation acca,10,,MEDIUM
business valuation systems,10,,
valuation of shares and business,10,,
business valuation advisors inc,10,,
small business valuation formula,10,,
business valuation careers,10,,LOW
peak business valuation,10,,LOW
business valuation case studies,10,,
business valuation questions and answers acca,10,,LOW
the small business valuation book,10,,
business valuation income approach,10,,
how much does a business valuation cost,10,8.64,HIGH
excel business valuation,10,,
business analysis and valuation 4th edition,10,,
approaches of business valuation,10,,MEDIUM
business valuation interview questions,10,,
business valuation kpmg,10,,
find your business rates valuation gov uk,10,8.6,LOW
subscription business valuation,10,,HIGH
contact business rates valuation office,10,,LOW
business valuation and analysis,10,,
business valuation steps,10,,LOW
typical business valuation methods,10,,
profit multiple small business valuation,10,,
business valuation images,10,,LOW
american society of appraisers business valuation,10,,
business valuation accreditation,10,3.86,MEDIUM
business valuation newsletter,10,,
valuation of small business multiples,10,17.31,HIGH
types of business valuation methods,10,,
business valuation letter,10,,
business valuation how to,10,,HIGH
business analysis and valuation,10,,MEDIUM
business valuation guide,10,,
business valuation standards,10,,
business valuation in divorce cases,10,,
what multiplier to use for business valuation,10,,
valuation business modelling ernst young,10,,LOW
digital business valuation,10,,
dental business valuation,10,,
business valuation for investors,10,,
business valuation office,10,,LOW
free business valuation software,10,28.09,HIGH
business valuation techniques pdf,10,,LOW
business valuation proposal template,10,,
check business rates valuation gov uk,10,,LOW
business valuation london,10,,
business valuation pwc,10,,
business analysis and valuation ifrs edition 5th edition pdf,10,,
business valuation bocconi,10,,
benefits of business valuation,10,,
business valuation analysis,10,,LOW
business valuation formula for small business,10,,HIGH
introduction to business valuation pdf,10,,
business analysis & valuation using financial statements palepu & healy,10,,
valuation office business rates login,10,,LOW
business valuation advisor,10,8.85,LOW
business valuation rsm,10,,LOW
forensic business valuation,10,,
what is included in a business valuation,10,,
how business valuation is calculated,10,,HIGH
business valuation model excel,10,,MEDIUM
business rates valuation date,10,,LOW
business valuation revenue multiple,10,,HIGH
business valuation in india,10,,
business valuation modeling part i,10,,
excel business valuation template,10,0.53,MEDIUM
business valuation startup,10,,
business valuation nj,10,,
service business valuation,10,,HIGH
business valuation methods for small business,10,3.02,MEDIUM
types of business valuation,10,,LOW
business valuation utah,10,,
recurring revenue business valuation,10,,
how much is a business valuation,10,,HIGH
nursery business valuation,10,36.03,HIGH
best business valuation courses,10,,HIGH
business valuation orange county,10,,
business equity valuation,10,,LOW
business valuation basics,10,,
valuation & business modelling,10,,LOW
business valuation and corporate restructuring,10,,LOW
business valuation for dummies,10,,
business valuation advice,10,8.43,HIGH
business valuation brisbane,10,,
how much should i pay for a business valuation,10,,
pharmacy business valuation,10,,HIGH
typical multiples for business valuation,10,,HIGH
business valuation association,10,,
business valuation calculator excel south africa,10,,
easy business valuation,10,,HIGH
business valuation and appraisal,10,8.42,HIGH
asset-based approach business valuation,10,,HIGH
medical business valuation,10,,LOW
business valuation book pdf,10,,
business valuation family law,10,,MEDIUM
business analysis and valuation palepu pdf,10,,
business valuation news,10,,
business valuation chicago,10,,
business valuation calculator shark tank,10,,
internet business valuation,10,,
business asset valuation,10,,MEDIUM
business valuation report example,10,11.93,MEDIUM
cash flow business valuation,10,1.56,HIGH
small business valuation book,10,,
legal business valuation,10,,
share and business valuation,10,,
business valuation software reviews,10,,LOW
business analysis and valuation: ifrs edition,10,,HIGH
business valuation methods can be classified into,10,,
dcf business valuation calculator,10,,HIGH
business valuation firms toronto,10,,
how to become a business valuation expert,10,,
business analysis and valuation book,10,,MEDIUM
website business valuation,10,,
daltons business valuation,10,,HIGH
e commerce business valuation calculator,10,,HIGH
business valuation workshop,10,,
small business valuation multiples,10,17.31,HIGH
business valuation revenue multiplier,10,,HIGH
business valuation benchmarks,10,,MEDIUM
business valuation appraisal,10,8.42,HIGH
business valuation webinar,10,,
valuation definition business,10,,LOW
business rates valuation 2026,10,,LOW
business valuation career path,10,,
business valuation nz,10,,
business valuation certification aicpa,10,,
business valuation calculator excel free,10,,HIGH
valuation of small business for sale,10,,
business valuation statistics,10,,
hbr tools business valuation,10,,
business valuation equation,10,1.43,HIGH
small business valuation expert,10,,
easy business valuation calculator,10,,HIGH
business valuation firms near me,10,,
business valuation excel template,10,0.53,MEDIUM
business valuation guidelines,10,,
business valuation deloitte,10,,LOW
what is goodwill in business valuation,10,,
business valuation firms new york,10,,HIGH
sample business valuation report,10,,LOW
how much does it cost to get a business valuation,10,5.77,HIGH
small business valuation models,10,,MEDIUM
business valuation salary,10,,
commercial cleaning business valuation,10,,
free business valuation services,10,,HIGH
business valuation australia,10,,
discounted cash flow business valuation calculator,10,,HIGH
business valuation cpa,10,,
business valuation training,10,,LOW
business valuation companies in dubai,10,,
business valuation template xls,10,,
online business valuation tool,10,12.52,HIGH
small business valuation in divorce,10,,LOW
auto repair business valuation,10,,
business valuation presentation template,10,18.79,HIGH
business analysis and valuation pdf,10,,LOW
business analysis and valuation palepu,10,,MEDIUM
ey valuation and business modelling,10,,LOW
business valuation spreadsheet,10,3.36,HIGH
commercial business valuation,10,21.73,MEDIUM
business valuation conference,10,,
deloitte business valuation analyst,10,,
valuation of business pdf,10,,MEDIUM
business valuation review,10,,
business valuation checklist,10,,
start up business valuation,10,,HIGH
certified business valuation analyst,10,,HIGH
valuation formula for small business,10,,
aicpa business combinations accounting and valuation guide,10,,
small business valuation template,10,,
hvac business valuation calculator,10,,
retail business valuation multiples,10,,
cap rate business valuation calculator,10,,
how to come up with a business valuation,10,,
business valuation engagement letter,10,,
online business valuation uk,10,,
multiple of earnings business valuation,10,,LOW
inventory valuation business central,10,,HIGH
small business valuation companies,10,,
best business valuation firms,10,,
business valuation using discounted cash flow,10,,
business valuation questions,10,,LOW
business valuation methods south africa,10,,
business valuation blog,10,,
business analysis and valuation pdf free download,10,,
acca business valuation certificate,10,,MEDIUM
valuation list business rates,10,,LOW
business valuation report template,10,,LOW
where to get business valuation,10,,
diploma in business valuation,10,,
saas business valuation,10,4.93,MEDIUM
business valuation based on cash flow,10,,
principles of business valuation,10,,
startup business valuation calculator,10,,
saas business valuation multiples,10,,
business valuation app,10,,
business valuation financial management,10,,
valuation software for small business,10,,
business valuation software for cpa,10,,
business valuation analysts llc,10,,LOW
income approach business valuation calculator,10,,
business valuation new zealand,10,,
business valuation disputes,10,,
business valuation career,10,,LOW
free business valuation report,10,,
business analysis and valuation ifrs,10,,MEDIUM
business valuation methods pdf,10,,LOW
business valuation discount rate,10,,
business valuation example pdf,10,,
business valuation designation,10,,
capitalization rate business valuation,10,,LOW
business valuation hong kong,10,,LOW
how to do a business valuation report,10,,
simple business valuation method,10,,LOW
business valuation report sample,10,,LOW
top business valuation companies,10,,
business valuation report format,10,,LOW
business valuation report pdf,10,,
business valuation exam questions and answers pdf,10,,
business valuation report format in excel,10,,LOW
employee ownership trust solicitors,10,,
employee ownership trust sale of company,10,,MEDIUM
employee ownership trust canada,10,,LOW
who owns an employee ownership trust,10,,LOW
employee ownership trust changes,10,3.58,MEDIUM
how is an employee ownership trust taxed,10,,
employee ownership trust advantages and disadvantages,10,,MEDIUM
employee ownership trust legislation,10,,LOW
employee ownership trust buy to let,10,,LOW
benefits of employee ownership trust,10,,HIGH
employee ownership trust iht,10,,
employee ownership trust webinar,10,,LOW
employee ownership trust architects,10,,
employee ownership trust vs esop,10,,
how to set up an employee ownership trust,10,18.75,HIGH
hmrc employee ownership trust,10,,LOW
employee ownership trust budget 2024,10,,
employee ownership trust consultation,10,,LOW
finance act 2014 employee ownership trust,10,,LOW
employee ownership trust association,10,0.82,MEDIUM
employee ownership trust capital gains tax relief,10,,LOW
how is an employee ownership trust funded,10,,
employee ownership trust deed,10,,LOW
employee ownership trust accountants,10,16.78,MEDIUM
employee ownership trust scotland,10,,HIGH
employee ownership trust case study,10,3.11,HIGH
employee ownership trust definition,10,,MEDIUM
employee ownership trust tax changes,10,5.65,MEDIUM
employee ownership trust law firm,10,16.64,HIGH
finance act 2014 employee-ownership trust,10,,LOW
employee ownership trust united states,10,19.75,HIGH
employee ownership trust ireland,10,,LOW
an employee ownership trust,10,2.79,MEDIUM
employee ownership trust structure,10,,LOW
employee ownership trust accounting,10,,
employee ownership trust hmrc,10,,LOW
employee ownership trust advice,10,,HIGH
majestic wine employee share ownership trust limited,10,,
what is an employee ownership trust uk,10,4.5,MEDIUM
reasons for management buyout,10,,
management buyout agreement,10,,LOW
management buyout strategy,10,,HIGH
what is a management buyout uk,10,,LOW
hayfin management buyout,10,,LOW
management buyout presentation,10,,LOW
todd architects management buyout,10,,
management buyout calculator uk,10,,
management buyout case study,10,,LOW
management buyout guide,10,2.33,LOW
whats a management buyout,10,,LOW
gi sykes management buyout,10,,
management buyout south africa,10,,
management buyout investopedia,10,,
management buyout and buy-in,10,,LOW
waste management buyout,10,,
management buyout plan,10,,
management buyout explained,10,,LOW
management buyout canada,10,,
management buyout adalah,10,,
what is management buyout in business,10,,LOW
management buyout help,10,,LOW
how to management buyout,10,,
ark syndicate management buyout,10,,
private equity management buyout,10,,LOW
management buyout financial model,10,,
management buyout pdf,10,,
management buyout family business,10,,
management buyout financing uk,10,,HIGH
management buyout proposal,10,,
canopius management buyout,10,,
leveraged buyout vs management buyout,10,,LOW
management buyout australia,10,,
management buyout financing structure,10,,HIGH
management buyout agreement template,10,,
management employee buyout,10,,LOW
management buyout exit strategy,10,,
mercury engineering management buyout,10,,
management buyout financing options,10,,HIGH
management buyout peacocks,10,,
difference between leveraged buyout and management buyout,10,,LOW
management buyout disadvantages,10,,
abellio uk management buyout,10,,
vendor initiated management buyout,10,,LOW
management buyout là gì,10,,
management buyout firms,10,,
management buyout term sheet,10,,MEDIUM
management buyout ppt,10,,
difference between management buyout and management buy in,10,,
hostile management buyout,10,,LOW
management buyout pros and cons,10,,LOW
management buyout advisors,10,19.68,MEDIUM
management buyout proposal template,10,,HIGH
management buyout business plan,10,,HIGH
secondary management buyout,10,,MEDIUM
management buyout examples uk,10,,LOW
centre for management buyout research,10,,
management buyout of a company,10,,HIGH
what is a management buyout in business,10,,LOW
bimbo buy-in management buyout,10,,LOW
management buy in and buyout,10,,LOW
disadvantages of management buyout,10,,LOW
funding management buyout,10,23.91,HIGH
management buyout news,10,,
management buyout checklist,10,,
management led buyout,10,,LOW
management buyout advantages,10,,
leveraged buyout and management buyout,10,,LOW
management buyout valuation,10,44.33,MEDIUM
how to finance a management buyout,10,,HIGH
how to structure a management buyout,10,,MEDIUM
how to do a management buyout,10,15.55,HIGH
benefits of management buyout,10,,
management buyout options,10,21.82,HIGH
management buyout and buy in,10,,LOW
funding a management buyout,10,23.91,HIGH
management buyout funding uk,10,,
harrison drury management buyout,10,,
management buyout conflict of interest,10,,
exit business meaning,10,,
business exit strategy examples,10,4.3,HIGH
business exit plan example,10,,LOW
business exit coach,10,6.44,MEDIUM
small business sample exit interview form,10,,
exit planning small business,10,,MEDIUM
when to exit a business,10,,
types of business exit strategies,10,,
exit strategy example business plan,10,,LOW
business exit strategies for entrepreneurs,10,,LOW
business exit planning institute,10,,
exit strategy for a business plan example,10,,LOW
exit strategy in business plan example,10,,
exit meaning in business,10,,LOW
sample exit strategy for small business,10,,
how to exit a business partnership gracefully,10,,
how to exit your business,10,,HIGH
harvard business review exit interviews,10,,LOW
exit strategy for restaurant business,10,,
importance of exit strategy in business,10,,LOW
exit strategy business example,10,,
ways to exit a business,10,,LOW
what is exit plan in business,10,,LOW
example exit strategy for small business,10,,MEDIUM
business exit planning certification,10,,
exit planning business,10,,MEDIUM
what is a business exit strategy,10,,MEDIUM
business exit exam,10,,
business bay metro station exit 2,10,,
exit in business meaning,10,,LOW
exit strategy business plan sample,10,,LOW
how to exit from whatsapp business group,10,,
how to exit business,10,16.37,MEDIUM
business exit strategy sample,10,,HIGH
exit your business,10,,MEDIUM
sample exit strategy for business plan,10,,LOW
examples of business exit strategies,10,4.3,HIGH
what is business exit,10,,LOW
business development exit opportunities,10,,LOW
business exit strategies examples,10,4.3,HIGH
exit strategy for partnership business,10,,
exit plan business,10,,MEDIUM
how to exit business account on instagram,10,,
how to exit whatsapp business account,10,,LOW
what does exit strategy mean in business,10,,LOW
business partner exit agreement,10,,LOW
tokyo business clinic yaesu north exit,10,,
exit planning for small business owners,10,,
sample business plan with exit strategy,10,,LOW
exit plan in business,10,,HIGH
business management exit exam questions and answers,10,,
business owner exit strategy,10,,
sony exit tv business,10,,
sample business exit strategy,10,,HIGH
small business exit plan,10,,MEDIUM
how to exit a business,10,16.37,MEDIUM
what is business exit strategy,10,,
exit strategy business plan example,10,,LOW
sample exit plan for business,10,,HIGH
what is an exit plan for a business,10,,LOW
business plan exit strategy template,10,,HIGH
how to exit meta business suite,10,,
god of war family business find a different exit,10,,LOW
prepare your business for eu exit,10,,
exit barriers in business,10,,LOW
business exit specialist,10,,LOW
business exit solutions,10,,
what are exit strategies for a business,10,,MEDIUM
business exit strategy options,10,,LOW
business exit advisor,10,5.69,MEDIUM
how to write exit strategy in business plan,10,,
how to write an exit strategy for a business plan,10,,
how to exit business account in instagram,10,,
business plan exit strategy example,10,,LOW
exit strategy business plan pdf,10,,
exit business plan,10,,
business exit meaning,10,,LOW
exit in business,10,,LOW
exit plan of a business,10,,
business exit plan sample,10,,HIGH
business exit strategy template,10,,HIGH
exit strategy business plan template,10,,
what is an exit strategy in a business plan,10,,LOW
family business find a different exit,10,,
what is the exit strategy in a business plan,10,,LOW
certified business exit consultant,10,,
business exit strategy checklist,10,,LOW
exit strategy business definition,10,,
business bay metro exit 1,10,,
exit strategy of business,10,,
what is exit in business,10,,LOW
exit strategy for a startup business,10,,
exit stage of a business,10,,
good exit strategy for business,10,,
business bay metro station exit 1,10,,
small business exit strategy example,10,,
exit business strategy,10,,LOW
panasonic exit tv business,10,,LOW
business bay metro exit 2,10,,
exit plan for business example,10,,
exit strategy meaning in business,10,,LOW
what does exit mean in business,10,,LOW
business succession and exit planning,10,,
exit strategy definition business,10,,
what is a good exit strategy for business,10,,MEDIUM
small business exit strategy planning,10,,
business succession and exit strategies,10,,LOW
business exit strategy example,10,4.3,HIGH
exit realty business cards,10,,
bei business exit planning,10,,
exit strategy for business plan examples,10,,LOW
business exit consultant,10,,
how to exit amazon business account,10,,
what is the best exit strategy for a business,10,,HIGH
business exit institute,10,,
exit strategies for small business owners,10,,
what is a business exit,10,,LOW
what is an exit strategy in business example,10,,
exit plan meaning in business,10,,LOW
business exit strategy definition,10,,
business exit options,10,,HIGH
business exit plan template,10,,HIGH
best exit strategy for small business,10,,
how to plan an exit strategy for a business,10,,
sample exit strategy business plan,10,,LOW
business exit planning advisors,10,,LOW
exit plan strategy for business,10,,LOW
exit signs for business,10,,
what is a business exit plan,10,,
how do i exit my business,10,,
exit strategy in business means,10,,
business exit tax,10,,
define exit strategy in business,10,,
business analyst exit opportunities,10,,
what is exit strategy in business plan,10,,LOW
how to exit my business,10,4.71,MEDIUM
business exit strategy uk,10,,LOW
business partnership exit strategy,10,,
business management exit exam,10,,LOW
exit strategy examples business plan,10,,LOW
business exit signs,10,,
what is an exit in business,10,,LOW
exit interview harvard business review,10,,
exit strategy for small business owners,10,,
business exit advisors,10,5.69,MEDIUM
exit business definition,10,,
sell my business orlando,0,,
sell my business brisbane,0,,
sell my business colorado,0,,
how to sell google my business to local businesses,0,,
sell my business houston,0,,
sell my business in china,0,,
can i sell my real estate business,0,,
sell my small business fast,0,,
sell my technology business,0,,
google sell my business,0,,
do i need a business license to sell my book,0,,
sell my business tampa,0,,
sell my business overseas,0,,
reasons to sell my business,0,,
sell my business to the chinese,0,,
can i sell my llc business,0,,
sell my business san diego,0,,
sell my business singapore,0,,
sell my business melbourne,0,,
sell my business to chinese,0,,
sell my business ohio,0,,
should i sell my business in 2021,0,,
prayer to sell my business,0,,
sell my business vancouver,0,,
sell my business dallas,0,,
who should i sell my business to,0,,
sell my business arizona,0,,
what should i sell for my online business,0,,
how to sell my business in canada,0,,
can i sell my business to a trust,,,
sell my sign business,,,
sell my fire sprinkler business,,,
why should i sell my business,,,
sell my business hong kong,,,
sell my handyman business,,,
what paperwork do i need to sell my business,,,
sell my business in spain,,,
how much does it cost to sell my business,,,
sell my business debt,,,
sell my business alberta,,,
how much can i sell my online business for,,,
sell my cleaning business uk,,,
how to sell my ebay business,,,
sell my business spain,,,
sell my business essex,,,
sell my business leeds,,,
can i sell my private car to my business,,,
sell my bookkeeping business,,,
landlord wont let me sell my business,,,
sell on google my business,,,
sell my business as a franchise,,,
how to sell my trucking business,,,
sell my mlm business,,,
sell my business shropshire,,,
how to sell my small business to an employee,,,
sell my business today,,,
sell my business norfolk,,,
sell my green business,,,
my business partner wont sell,,,
sell my truck to my business,,,
how can i sell my business online,,,
why sell my business,,,
can i sell my car to my business uk,,,
sell my business in uae,,,
at what age should i sell my business,,,
how much can i sell my service business for,,,
can i sell equipment to my business,,,
sell my restoration business,,,
how do i sell my vending business,,,
sell my business las vegas,,,
what happens when i sell my business,,,
sell my business idea uk,,,
sell my business no sale no fee,,,
sell my msp business,,,
sell my web design business,,,
sims 4 how to sell my business,,,
sell my business no upfront fees,,,
sell my recruitment business,,,
can i sell personal assets to my business,,,
sell my business property,,,
how to sell my online business uk,,,
free advertising to sell my business,,,
sell my business gold coast,,,
sell my insurance book of business,,,
how to sell my home care business,,,
sell my business cambridge,,,
how much can i sell my window cleaning business for,,,
murphy sell my business,,,
employee ownership trust scottish enterprise,,,
global currency exchange network group limited employee ownership trust,,,
employee ownership trust criteria,,,
can you sell an employee ownership trust,,,
benefits of an employee ownership trust,,,
disadvantages of employee ownership trust,,,
employee share ownership trust accounting,,,
employee ownership trust companies,,,
employee ownership trust frs102,,,
employee ownership trust meaning,,,
employee ownership trust pros and cons uk,,,
winding up an employee ownership trust,,,
bdo employee ownership trust,,,
employee share ownership trust south africa,,,
employee ownership trust pdf,,,
employee ownership trust qualifying employees,,,
employee ownership trust disguised remuneration,,,
selling to an employee ownership trust,,,
employee ownership trust advantages,,,
employee ownership trust northern ireland,,,
employee benefit trust vs employee ownership trust,,,
employee ownership trust example accounts,,,
employee ownership trust bdo,,,
employee ownership trust funding,,,
employee ownership trust rm2,,,
employee ownership trust governance,,,
employee ownership trust businesses,,,
employee ownership trust architecture,,,
new employee ownership trust,,,
john lewis employee ownership trust,,,
employee ownership trust finance act 2014,,,
employee ownership trust faq,,,
conditions of an employee share ownership trust,,,
what is a employee share ownership trust,,,
ahmm employee ownership trust,,,
employee share ownership trust canada,,,
employee ownership trust 5,,,
meaning of employee share ownership trust,,,
employee ownership trust loans,,,
employee ownership trust richer sounds,,,
employee ownership trust hmrc clearance,,,
gift to employee ownership trust,,,
qualifying employee share ownership trust,,,
rm2 employee ownership trust,,,
erith employee ownership trust,,,
employee ownership trust statistics,,,
what is an example of management buyout,0,,
signature senior lifestyle management buyout,0,,
kerryfresh management buyout,0,,
management buyout deutsch,0,,
management buyout in india,0,,
verizon management buyout,0,,
a management buyout is the same thing as an esop,0,,
first bus management buyout,0,,
management buyout slideshare,0,,
ups management buyout 2023,0,,
mbo management buyout definition,0,,
management buyout examples in india,0,,
bw interiors management buyout,0,,
management to buyout,0,,
who did waste management buyout,0,,
management buyout success rate,,,
partial management buyout,,,
what is management buyout process,,,
vendor funded management buyout,,,
management buyout malaysia,,,
wallace whittle management buyout,,,
management buyout tax clearance,,,
risks of management buyout,,,
tcs media changes hands in management buyout,,,
owner financed management buyout,,,
febvre management buyout,,,
management buyout deloitte,,,
rothschild trust management buyout,,,
agribriefing management buyout,,,
specialist works management buyout,,,
db broadcast management buyout,,,
puffin produce management buyout,,,
park cakes management buyout,,,
management buyout public company,,,
management buyout cons,,,
tax on management buyout,,,
ooyala management buyout,,,
vendor induced management buyout,,,
deloitte anatomy of a management buyout,,,
management buyout deferred consideration,,,
cooper cromar management buyout,,,
management buyout template,,,
smp partners management buyout,,,
management buyout lbo,,,
demerger and management buyout,,,
importance of management buyout,,,
leveraged management buyout structure,,,
ups management buyout rumors,,,
management buyout firm,,,
types of management buyout,,,
ups management buyout 2018,,,
management buyout pe,,,
management buyout warranties,,,
management buyout questions,,,
moores furniture group management buyout,,,
management buyout in m&a,,,
finance a management buyout,,,
management buyout employment related securities,,,
ups management buyout 2019,,,
bearingpoint management buyout,,,
management buyout considerations,,,
first group management buyout,,,
management buyout history,,,
management buyout clause,,,
management buyout features,,,
management buyout loan notes,,,
io interactive management buyout,,,
management buyout ireland,,,
forced management buyout,,,
management buyout traducao,,,
accounting for management buyout,,,
what is a leveraged management buyout,,,
management buyout process steps,,,
management buyout cfi,,,
management buyout characteristics,,,
management buyout tax implications uk,,,
management buyout process uk,,,
management buyout accounting treatment,,,
heads of terms management buyout,,,
wiki management buyout,,,
difference between management buy in and management buyout,,,
small business management buyout,,,
management buyout risks,,,
management buyout shareholders,,,
seller funded management buyout,,,
how to exit facebook business suite,0,,
is timeshare exit team still in business,0,,
develop a succession plan or exit strategy for a business,0,,
exit strategy for failing business,0,,
business exit russia,0,,
exit permit for business visa qatar,0,,
exit exam business management,0,,
small business exit strategy template,0,,
exit exam business management questions and answers pdf,0,,
business management exit exam questions and answers pdf free download,0,,
exit plan in business plan example,0,,
business exit letter,0,,
timeshare exit team out of business,0,,
business management exit exam 2017,0,,
how to make a business exit plan,0,,
business exit checklist,0,,
business valuation exit opportunities,0,,
exit strategy of a business plan example,0,,
how many exit doors are required in a business,0,,
smart marketer smart business exit,0,,
real estate exit strategy business plan,0,,
how to write a business plan exit strategy,0,,
business exit planning software,0,,
in business management terminology an exit strategy is a,0,,
business management exit exam questions and answers pdf,0,,
exit strategies in international business,0,,
eu exit business,0,,
business exit strategy steps,0,,
language tips for everyday business exit test,0,,
qatar business visa exit permit status,0,,
how to exit business suite facebook,0,,
aetna exchange business exit 2026,0,,
exit plan business plan example,0,,
business exit clause,0,,
exit business cards,0,,
exit exam business management 2015,0,,
exit uk business brokers,,,
exit plan for a small business,,,
business failure exit strategy,,,
how to exit a failing business,,,
exit strategies for family business,,,
exit route business,,,
business exit exam study guide,,,
eu exit business readiness weekly bulletin,,,
exit strategy family business,,,
exit strategies for business pdf,,,
business property relief on exit charge,,,
business plan exit strategy example uk,,,
business central exit,,,
business modelling exit opportunities,,,
exit strategies for retiring business owners,,,
exit interview questions for small business,,,
restaurant business plan exit strategy,,,
business exit analysis,,,
exit strategy for clothing business,,,
exit adviser business valuation,,,
when is a good time to exit a business,,,
exit strategy for photography business,,,
exit facebook business suite,,,
business exit planning designation,,,
exit adviser business valuation calculator,,,
salon business exit strategy,,,
business exit plan pdf,,,
exit strategy for your business,,,
exit your business ca,,,
the exit strategy of a business,,,
private equity business development exit opportunities,,,
exit advisor business valuation,,,
exit stage of a business definition,,,
work business visa qatar exit permit,,,
business partnership exit clause,,,
exit business brokers,,,
exit realty plastic business cards,,,
exit strategy for a failing business,,,
business exit agreement,,,
family business exit,,,
skype for business exit vs sign out,,,
exit advisor business valuation calculator,,,
exit realty business model,,,
business exit strategy books,,,
business visa exit permit qatar,,,
business valuation and exit strategy,,,
exit rate business,,,
what is the exit stage of a business quizlet,,,
business visa qatar exit permit,,,
what is a business plan exit strategy,,,
succession plan or exit strategy for a business,,,
planning exit strategy business,,,
possible exit strategies for the business,,,
bt business super exit fee,,,
business exit strategy pdf,,,
business exit exam quizlet,,,
