keyword,search_volume,cpc,competition,reg,source
mortgage calculator,450000,1.64,HIGH,?,sitemap_slug
personal loans,49500,9.9,HIGH,?,sitemap_slug
care home,40500,6,LOW,?,sitemap_slug
business loans,27100,66.11,HIGH,?,sitemap_slug
buy now pay later,22200,6.03,HIGH,?,sitemap_slug
quick loans,22200,10.75,HIGH,?,sitemap_slug
bridging loans,18100,19.46,HIGH,?,sitemap_slug
mortgage advisors,14800,18.67,HIGH,?,sitemap_slug
debt management plan,9900,52.13,HIGH,?,sitemap_slug
dentist insurance,9900,3.97,MEDIUM,?,sitemap_slug
buy to let,8100,6.35,MEDIUM,?,sitemap_slug
secured loans,8100,116.47,HIGH,?,sitemap_slug
consolidation loans,6600,28.01,HIGH,?,sitemap_slug
first time buyer,6600,3.24,MEDIUM,?,sitemap_slug
sign up,6600,7.26,LOW,?,sitemap_slug
unsecured loans,6600,14.74,HIGH,?,sitemap_slug
wealth management,6600,22.16,MEDIUM,?,sitemap_slug
financial planning,5400,14.68,MEDIUM,?,sitemap_slug
hire purchase,5400,7.34,HIGH,?,sitemap_slug
home mover,5400,10.49,LOW,?,sitemap_slug
open banking,5400,16.42,LOW,?,sitemap_slug
small business loans,5400,39.82,HIGH,?,sitemap_slug
growth guarantee scheme,4400,21.79,HIGH,?,sitemap_slug
commercial mortgage,3600,21.06,HIGH,?,sitemap_slug
financial services,3600,5.52,LOW,?,sitemap_slug
modern slavery,3600,11.32,LOW,?,sitemap_slug
self employed mortgage,3600,13.34,MEDIUM,?,sitemap_slug
what is a bridging loan,3600,3.79,LOW,?,sitemap_slug
what is a debenture,3600,0.58,LOW,?,sitemap_slug
private ambulances,2900,6.7,LOW,?,sitemap_slug
starting a business,2900,11.58,MEDIUM,?,sitemap_slug
management buyouts,2400,3.04,LOW,?,sitemap_slug
mortgage advice,2400,17.18,MEDIUM,?,sitemap_slug
new business loans,2400,18.93,HIGH,?,sitemap_slug
professional services,2400,10.15,LOW,?,sitemap_slug
asset finance,1900,46.62,MEDIUM,?,sitemap_slug
case studies,1900,9.19,LOW,?,sitemap_slug
engineering and manufacturing,1900,6.64,LOW,?,sitemap_slug
invoice finance,1900,91.41,HIGH,?,sitemap_slug
motorhome finance,1900,7.44,HIGH,?,sitemap_slug
refer a friend,1900,5.96,LOW,?,sitemap_slug
buying land with planning permission,1600,0.64,LOW,?,sitemap_slug
complaints procedure,1600,4.9,LOW,?,sitemap_slug
dental practices for sale,1600,3.12,MEDIUM,?,sitemap_slug
digital and technology,1600,11.5,LOW,?,sitemap_slug
how to get a business loan,1600,14.39,HIGH,?,sitemap_slug
jigsaw finance,1600,2.57,LOW,?,sitemap_slug
request a call back,1600,11.98,MEDIUM,?,sitemap_slug
unsecured business loans,1600,94.22,MEDIUM,?,sitemap_slug
wills probate,1600,7.69,LOW,?,sitemap_slug
get a quote,1300,6.77,HIGH,?,sitemap_slug
prize draw,1300,7.92,MEDIUM,?,sitemap_slug
trade finance,1300,26.54,LOW,?,sitemap_slug
mortgage protection,1000,30.9,HIGH,?,sitemap_slug
revolving credit facility,1000,35.13,MEDIUM,?,sitemap_slug
vehicle finance,1000,18.21,MEDIUM,?,sitemap_slug
classic car finance,880,10.5,HIGH,?,sitemap_slug
classic cars finance,880,10.5,HIGH,?,sitemap_slug
commercial finance,880,38.89,MEDIUM,?,sitemap_slug
contractor mortgages,880,27.88,MEDIUM,?,sitemap_slug
invoice discounting,880,98.82,MEDIUM,?,sitemap_slug
mezzanine finance,880,10.41,LOW,?,sitemap_slug
transport and logistics,880,7.93,LOW,?,sitemap_slug
commercial loans,720,56.81,MEDIUM,?,sitemap_slug
dental accountants,720,14.03,MEDIUM,?,sitemap_slug
dental accounting,720,14.03,MEDIUM,?,sitemap_slug
funding options,720,13.78,MEDIUM,?,sitemap_slug
golf club finance,720,3.46,HIGH,?,sitemap_slug
loans to buy a business,720,27.64,HIGH,?,sitemap_slug
momenta finance,720,24.6,LOW,?,sitemap_slug
mortgage with ccjs,720,24.35,MEDIUM,?,sitemap_slug
pharmacy show,720,1.73,LOW,?,sitemap_slug
pub finance,720,,LOW,?,sitemap_slug
solicitor finance,720,15.14,MEDIUM,?,sitemap_slug
we go together,720,9.26,LOW,?,sitemap_slug
bridging loan broker,590,38.47,MEDIUM,?,sitemap_slug
budget reaction,590,,LOW,?,sitemap_slug
dental marketing,590,15.48,MEDIUM,?,sitemap_slug
finance options,590,9.34,MEDIUM,?,sitemap_slug
make a payment,590,4.08,LOW,?,sitemap_slug
vet insurance,590,22.74,MEDIUM,?,sitemap_slug
what is leveraged finance,590,,LOW,?,sitemap_slug
auction finance,480,15.79,MEDIUM,?,sitemap_slug
electrical equipment,480,2.4,HIGH,?,sitemap_slug
medical malpractice insurance,480,9.65,MEDIUM,?,sitemap_slug
mortgage bridge loan,480,18.23,MEDIUM,?,sitemap_slug
mortgages with defaults,480,26.8,LOW,?,sitemap_slug
stock finance,480,22.64,MEDIUM,?,sitemap_slug
stocking finance,480,22.64,MEDIUM,?,sitemap_slug
supply chain finance,480,24.65,LOW,?,sitemap_slug
truck finance,480,10.08,HIGH,?,sitemap_slug
what is mezzanine finance,480,45.79,LOW,?,sitemap_slug
agricultural equipment,390,0.95,HIGH,?,sitemap_slug
agriculture finance,390,17.38,MEDIUM,?,sitemap_slug
business cash advance,390,61.12,LOW,?,sitemap_slug
financial difficulties,390,25.13,MEDIUM,?,sitemap_slug
how to apply for a business loan,390,25.52,HIGH,?,sitemap_slug
how to set up a business bank account,390,36.45,HIGH,?,sitemap_slug
property finance,390,17.95,MEDIUM,?,sitemap_slug
what is equity finance,390,2.46,LOW,?,sitemap_slug
commercial vehicle finance,320,45.82,MEDIUM,?,sitemap_slug
limited company director mortgage,320,25.27,MEDIUM,?,sitemap_slug
short term finance,320,14.93,MEDIUM,?,sitemap_slug
business debt consolidation,260,118.2,HIGH,?,sitemap_slug
commercial property finance,260,19.75,MEDIUM,?,sitemap_slug
digital marketing for dentists,260,,LOW,?,sitemap_slug
farmland finance,260,13.93,MEDIUM,?,sitemap_slug
portfolio mortgages,260,11.43,MEDIUM,?,sitemap_slug
second charge bridging loans,260,26.33,MEDIUM,?,sitemap_slug
solar panel finance,260,14.08,HIGH,?,sitemap_slug
tractor finance,260,11.11,HIGH,?,sitemap_slug
what have you been up to,260,,LOW,?,sitemap_slug
230 12,210,,LOW,?,sitemap_slug
business bridging loans,210,66.23,MEDIUM,?,sitemap_slug
buy a dental practice,210,3.28,MEDIUM,UNREG,seed
buying a car park,210,0.29,LOW,?,sitemap_slug
buying a dental practice,210,3.28,MEDIUM,UNREG,seed
construction finance,210,30.82,MEDIUM,?,sitemap_slug
employee worker or self employed,210,,LOW,?,sitemap_slug
event listing,210,0.67,LOW,?,sitemap_slug
mufb mortgages,210,8.61,MEDIUM,?,sitemap_slug
round table meeting,210,1.71,LOW,?,sitemap_slug
why choose us,210,7.22,LOW,?,sitemap_slug
100 bridging loans,170,20.97,HIGH,?,sitemap_slug
difference between secured and unsecured loan,170,51.2,LOW,?,sitemap_slug
equipment for ambulances,170,0.51,HIGH,?,sitemap_slug
export finance,170,21.33,LOW,?,sitemap_slug
farm loans,170,13.96,MEDIUM,?,sitemap_slug
finance products,170,3.57,LOW,?,sitemap_slug
gym equipment finance,170,5.84,HIGH,?,sitemap_slug
investment mortgages,170,13.7,MEDIUM,?,sitemap_slug
management buy ins,170,18.7,LOW,?,sitemap_slug
mortgages for contractors,170,22.35,MEDIUM,?,sitemap_slug
recovery truck finance,170,3.3,HIGH,?,sitemap_slug
refurbishment finance,170,13.6,MEDIUM,?,sitemap_slug
renewable energy finance,170,10.07,LOW,?,sitemap_slug
sole trader mortgages,170,22.18,MEDIUM,?,sitemap_slug
surgery insurance,170,12.77,MEDIUM,?,sitemap_slug
what is asset based lending,170,,LOW,?,sitemap_slug
agriculture equipment finance,140,19.54,MEDIUM,?,sitemap_slug
asset refinance,140,52.12,MEDIUM,?,sitemap_slug
buy to let self employed,140,,LOW,?,sitemap_slug
can i afford to retire,140,3.78,MEDIUM,?,sitemap_slug
farm equipment financing,140,19.54,MEDIUM,?,sitemap_slug
healthcare finance,140,4.24,LOW,?,sitemap_slug
luton van finance,140,7.59,HIGH,?,sitemap_slug
portfolio review,140,3.85,LOW,?,sitemap_slug
single invoice finance,140,77.65,LOW,?,sitemap_slug
trailer finance,140,3.33,HIGH,?,sitemap_slug
3d printing finance,110,4.02,HIGH,?,sitemap_slug
are bridge loans a good idea,110,6.88,MEDIUM,?,sitemap_slug
dentist mortgage,110,16.53,LOW,REG,seed
franchise loans,110,17.76,MEDIUM,?,sitemap_slug
good debt vs bad debt,110,,LOW,?,sitemap_slug
hotel finance,110,35.8,MEDIUM,?,sitemap_slug
how to finance a business,110,49.54,MEDIUM,?,sitemap_slug
interest only commercial mortgages,110,8.34,MEDIUM,?,sitemap_slug
minibus finance,110,7.08,HIGH,?,sitemap_slug
mortgages for dentists,110,16.53,LOW,REG,seed
payment successful,110,,LOW,?,sitemap_slug
scaffolding finance,110,28.85,MEDIUM,?,sitemap_slug
software business finance,110,167.66,MEDIUM,?,sitemap_slug
224 12,90,,LOW,?,sitemap_slug
care home finance,90,5.1,MEDIUM,?,sitemap_slug
dentist income protection,90,20.54,HIGH,REG,seed
drone finance,90,3.51,HIGH,?,sitemap_slug
how are things,90,,LOW,?,sitemap_slug
ifa finance,90,12.75,LOW,?,sitemap_slug
land bridging loans,90,19.54,MEDIUM,?,sitemap_slug
manufacturing finance,90,,LOW,?,sitemap_slug
sell a dental practice,90,48.75,MEDIUM,?,sitemap_slug
selling a dental practice,90,48.75,MEDIUM,UNREG,seed
test audience,90,,LOW,?,sitemap_slug
accountants for dental practices,70,,LOW,?,sitemap_slug
commission complaints,70,5.94,MEDIUM,?,sitemap_slug
costs of running a holiday let,70,11.33,MEDIUM,?,sitemap_slug
dental practice loan,70,43.47,MEDIUM,UNREG,seed
fit out finance,70,14.22,MEDIUM,?,sitemap_slug
forklift finance,70,14.04,HIGH,?,sitemap_slug
gp insurance,70,12.32,MEDIUM,?,sitemap_slug
hospitality finance,70,39.56,LOW,?,sitemap_slug
inventory finance,70,54.03,MEDIUM,?,sitemap_slug
locum insurance,70,14.22,LOW,?,sitemap_slug
practice loans,70,3.78,LOW,?,sitemap_slug
short term property finance,70,15.09,MEDIUM,?,sitemap_slug
student accommodation finance,70,,LOW,?,sitemap_slug
tax loans,70,57.66,MEDIUM,?,sitemap_slug
vehicle asset finance,70,37.14,LOW,?,sitemap_slug
what is locum insurance,70,,LOW,?,sitemap_slug
working capital finance,70,20.58,MEDIUM,?,sitemap_slug
225 18,50,0.36,LOW,?,sitemap_slug
am i eligible for a business loan,50,18.94,MEDIUM,?,sitemap_slug
business property finance,50,,LOW,?,sitemap_slug
catering equipment finance,50,32.42,HIGH,?,sitemap_slug
changes to uk company law,50,,LOW,?,sitemap_slug
contract finance,50,59.78,MEDIUM,?,sitemap_slug
crane finance,50,21.8,LOW,?,sitemap_slug
excavator finance,50,8.11,HIGH,?,sitemap_slug
fraud advice,50,3.9,MEDIUM,?,sitemap_slug
gifted deposits,50,,LOW,?,sitemap_slug
hmo finance,50,16.98,MEDIUM,?,sitemap_slug
squat dental practice,50,2.14,LOW,?,sitemap_slug
wholesale finance,50,5.05,MEDIUM,?,sitemap_slug
write testimonial,50,,LOW,?,sitemap_slug
230 13,40,,LOW,?,sitemap_slug
advice hub,40,,LOW,?,sitemap_slug
dental practice finance,40,25.52,MEDIUM,UNREG,seed
dental practice valuation,40,44.52,LOW,UNREG,seed
dental practice valuations,40,44.52,LOW,?,sitemap_slug
income protection for dentists,40,19.25,HIGH,REG,seed
insurance terminology,40,5.05,LOW,?,sitemap_slug
medical equipment finance,40,17.7,MEDIUM,?,sitemap_slug
purchase order finance,40,32.85,HIGH,?,sitemap_slug
start a dental practice,40,2.8,LOW,UNREG,seed
starting a dental practice,40,2.8,LOW,?,sitemap_slug
value of a dental practice,40,44.52,LOW,UNREG,seed
224 15,30,,LOW,?,sitemap_slug
balloon finance,30,5.63,MEDIUM,?,sitemap_slug
bus and coach finance,30,,LOW,?,sitemap_slug
business loans for dental practices,30,38.55,MEDIUM,?,sitemap_slug
can i get a mortgage for a commercial property,30,3.78,HIGH,?,sitemap_slug
dominic dixon,30,,LOW,?,sitemap_slug
external sources of finance advantages and disadvantages,30,,LOW,?,sitemap_slug
finance for holiday lets,30,9.81,MEDIUM,?,sitemap_slug
heat pump finance,30,7.16,HIGH,?,sitemap_slug
holiday let finance,30,9.81,MEDIUM,?,sitemap_slug
how to buy a dental practice,30,0.53,LOW,UNREG,seed
invoice finance explained,30,,LOW,?,sitemap_slug
payment unsuccessful,30,1.84,LOW,?,sitemap_slug
planning gain finance,30,13.13,MEDIUM,?,sitemap_slug
should i buy leasehold or freehold,30,,LOW,?,sitemap_slug
utility vehicle finance,30,0.54,MEDIUM,?,sitemap_slug
228 50,20,,LOW,?,sitemap_slug
247 15,20,,LOW,?,sitemap_slug
combine harvester finance,20,,MEDIUM,?,sitemap_slug
commercial mortgages advantages and disadvantages,20,,LOW,?,sitemap_slug
dental equipment finance,20,8.14,MEDIUM,UNREG,seed
exit finance,20,28.52,LOW,?,sitemap_slug
fast commercial mortgages,20,17.99,HIGH,?,sitemap_slug
finance dental equipment,20,8.14,MEDIUM,UNREG,seed
happy new tax year,20,,,?,sitemap_slug
high value bridging loans,20,,LOW,?,sitemap_slug
how do holiday let mortgages work,20,,MEDIUM,?,sitemap_slug
how to open a dental practice,20,12.07,MEDIUM,UNREG,seed
how to start a glamping business,20,1.76,MEDIUM,?,sitemap_slug
joint mortgage one self employed,20,,LOW,?,sitemap_slug
land purchase finance,20,5.78,MEDIUM,?,sitemap_slug
pharmacy finance,20,10.73,MEDIUM,?,sitemap_slug
practice insurance,20,9.55,MEDIUM,?,sitemap_slug
practice sales,20,3.43,LOW,?,sitemap_slug
practice valuation,20,,LOW,?,sitemap_slug
surveyor finance,20,,LOW,?,sitemap_slug
veterinary equipment finance,20,,,?,sitemap_slug
what is a commercial finance broker,20,,LOW,?,sitemap_slug
207 11,10,,LOW,?,sitemap_slug
209 27,10,,LOW,?,sitemap_slug
211 10,10,,LOW,?,sitemap_slug
214 17,10,,LOW,?,sitemap_slug
214 18,10,,LOW,?,sitemap_slug
222 61,10,,LOW,?,sitemap_slug
222 65,10,,LOW,?,sitemap_slug
222 66,10,,LOW,?,sitemap_slug
222 67,10,,LOW,?,sitemap_slug
222 68,10,,LOW,?,sitemap_slug
224 13,10,,LOW,?,sitemap_slug
228 52,10,,LOW,?,sitemap_slug
228 53,10,,LOW,?,sitemap_slug
236 37,10,,LOW,?,sitemap_slug
24 hour retirement,10,,LOW,?,sitemap_slug
244 74,10,,LOW,?,sitemap_slug
248 80,10,,LOW,?,sitemap_slug
248 85,10,,LOW,?,sitemap_slug
4th seiss grant,10,,,?,sitemap_slug
access platform finance,10,,,?,sitemap_slug
alternatives to venture capital,10,,LOW,?,sitemap_slug
ambulance finance,10,9.79,LOW,?,sitemap_slug
asset finance explained,10,10.41,LOW,?,sitemap_slug
associate pay,10,,LOW,?,sitemap_slug
bank loan alternatives,10,,,?,sitemap_slug
bank of england cuts base rate,10,,,?,sitemap_slug
best time to sell a dental practice,10,,,?,sitemap_slug
biomass boiler finance,10,11.98,HIGH,?,sitemap_slug
bridgepoint acquires mydentist,10,,LOW,?,sitemap_slug
building a buy to let portfolio,10,,LOW,?,sitemap_slug
bulldozer finance,10,,,?,sitemap_slug
business loans for pharmacists,10,,HIGH,?,sitemap_slug
buying a dental practice guide,10,,LOW,?,sitemap_slug
buying a practice,10,,LOW,?,sitemap_slug
buying a property with solar panels,10,,LOW,?,sitemap_slug
buying land without planning permission,10,,LOW,?,sitemap_slug
can i get a credit card for my business,10,,HIGH,?,sitemap_slug
choosing an accountant,10,5.48,LOW,?,sitemap_slug
concrete mixer finance,10,,,?,sitemap_slug
continuation finance,10,,,?,sitemap_slug
convenience store finance,10,,,?,sitemap_slug
cost of buying a dental practice,10,,LOW,?,sitemap_slug
could you retire early,10,,LOW,?,sitemap_slug
crowdfunding alternatives,10,0.72,MEDIUM,?,sitemap_slug
crusher finance,10,,HIGH,?,sitemap_slug
dairy herd finance,10,,LOW,?,sitemap_slug
dental equipment lease,10,20.5,HIGH,UNREG,seed
dental equipment leasing,10,20.5,HIGH,UNREG,seed
dental locum insurance,10,,,REG,seed
dental practice ebitda multiple,10,,MEDIUM,UNREG,seed
dental practice funding,10,,,UNREG,seed
dental practice mergers,10,,,?,sitemap_slug
dental practice refinance,10,,,UNREG,seed
dental practice startup loan,10,,LOW,UNREG,seed
dental practice valuation calculator,10,3.93,LOW,UNREG,seed
dentist life insurance,10,,,REG,seed
dentist locum insurance,10,,,REG,seed
designer finance,10,,MEDIUM,?,sitemap_slug
documents needed for self employed,10,,,?,sitemap_slug
drilling equipment finance,10,,,?,sitemap_slug
dump truck finance,10,,,?,sitemap_slug
email marketing for dentists,10,,LOW,?,sitemap_slug
engineering equipment finance,10,,LOW,?,sitemap_slug
event management finance,10,5.09,MEDIUM,?,sitemap_slug
first time developer finance,10,8.9,MEDIUM,?,sitemap_slug
forestry equipment finance,10,,,?,sitemap_slug
gp surgery finance,10,,LOW,?,sitemap_slug
growth capital finance,10,,,?,sitemap_slug
growth equity financing,10,,,?,sitemap_slug
haulage finance,10,33.25,MEDIUM,?,sitemap_slug
hotel refurbishment finance,10,,LOW,?,sitemap_slug
how is an employee ownership trust funded,10,,,?,sitemap_slug
how much does it cost to open dental practice,10,,LOW,?,sitemap_slug
how much is my dental practice worth,10,,MEDIUM,UNREG,seed
how to apply for a commercial mortgage,10,10.72,MEDIUM,?,sitemap_slug
how to buy a veterinary practice,10,,LOW,?,sitemap_slug
how to buy holiday let property,10,,,?,sitemap_slug
how to buy out a director,10,,LOW,?,sitemap_slug
how to calculate development finance,10,,,?,sitemap_slug
how to consolidate business debt,10,79.4,HIGH,?,sitemap_slug
how to finance a hotel,10,,,?,sitemap_slug
how to grow a dental practice,10,,LOW,?,sitemap_slug
how to refinance an investment property,10,,LOW,?,sitemap_slug
how to refinance land,10,,,?,sitemap_slug
how to sell a dental practice,10,,LOW,?,sitemap_slug
how to start a holiday let,10,,MEDIUM,?,sitemap_slug
industrial property loan,10,,LOW,?,sitemap_slug
international invoice finance,10,,,?,sitemap_slug
lathe finance,10,1.54,HIGH,?,sitemap_slug
led lighting finance,10,,,?,sitemap_slug
locations kml,10,,LOW,?,sitemap_slug
locum insurance quote,10,,HIGH,?,sitemap_slug
managing your investment portfolio,10,,,?,sitemap_slug
manufacturing equipment finance,10,,,?,sitemap_slug
mortgage one year accounts,10,19.79,HIGH,?,sitemap_slug
nursery finance,10,,LOW,?,sitemap_slug
office building mortgages,10,,,?,sitemap_slug
oil gas equipment,10,,,?,sitemap_slug
overdraft replacement,10,,,?,sitemap_slug
permitted development finance,10,,LOW,?,sitemap_slug
pharmacy equipment suppliers,10,0.35,MEDIUM,?,sitemap_slug
practice acquisition,10,,LOW,?,sitemap_slug
practice owners,10,,LOW,?,sitemap_slug
practice search,10,,LOW,?,sitemap_slug
practice startup,10,,,?,sitemap_slug
professional business loans,10,,MEDIUM,?,sitemap_slug
property investor hunting licence,10,,LOW,?,sitemap_slug
recycling finance,10,,,?,sitemap_slug
refinance dental practice loan,10,,,UNREG,seed
register as a buyer,10,,,?,sitemap_slug
self employed dentist mortgage,10,,,REG,seed
self employed income support scheme seiss,10,,,?,sitemap_slug
selling a practice,10,,,?,sitemap_slug
selling dental practice to corporate,10,,LOW,?,sitemap_slug
student property finance,10,,LOW,?,sitemap_slug
surgery insurance quote,10,,LOW,?,sitemap_slug
tax planning for dentists,10,,MEDIUM,?,sitemap_slug
technology and media,10,,LOW,?,sitemap_slug
tractor unit finance,10,4.57,HIGH,?,sitemap_slug
veterinary practice finance,10,,,?,sitemap_slug
video marketing for dentists,10,,LOW,?,sitemap_slug
waste management finance,10,,LOW,?,sitemap_slug
what happens if i default on a business loan,10,,LOW,?,sitemap_slug
what is a personal guarantee for a business loan,10,16.53,LOW,?,sitemap_slug
what is commercial property finance,10,,LOW,?,sitemap_slug
what is commercial property loan,10,,LOW,?,sitemap_slug
wind turbine finance,10,,LOW,?,sitemap_slug
woodchipper finance,10,,LOW,?,sitemap_slug
your local expert,10,,LOW,?,sitemap_slug
10 000 asset finance for a loss making business,,,,?,sitemap_slug
10 barometer stats that caught our eye mcmjtpgnyudngmpi25edlkcazm4i,,,,?,sitemap_slug
10 money saving tips for dentists,,,,?,sitemap_slug
100 000 funding for an orthodontist,,,,?,sitemap_slug
100% dental practice finance,,,,UNREG,seed
100 dental practice funding,,,,?,sitemap_slug
100 finance for developers,0,,,?,sitemap_slug
100 optical 2024 mckt4mtxgkbbff5a63iymbs2552u,,,,?,sitemap_slug
100 optical 2025 mccg2zj2iqofaildfftlcwjkmqai,,,,?,sitemap_slug
10x ebitda the real story behind the mydentist acquisition,,,,?,sitemap_slug
15 000 the average savings when you finance smartly,,,,?,sitemap_slug
2 000 000 commercial mortgage to buy a nightclub,,,,?,sitemap_slug
20000 recovery finance to help turn around a transport business,,,,?,sitemap_slug
2026 the year of some important employment law changes,,,,?,sitemap_slug
211 08,,,,?,sitemap_slug
242 07,,,,?,sitemap_slug
3 key steps to get your dental practice mtd ready,,,,?,sitemap_slug
4th seiss grant for dentists update,,,,?,sitemap_slug
5 reasons choose leasing purchasing catering equipment,,,,?,sitemap_slug
5 reasons to use a commercial finance broker,,,,?,sitemap_slug
5 reasons why you should outsource your veterinary practices accounts,,,,?,sitemap_slug
50 000 cashflow finance for a farm,,,,?,sitemap_slug
550 000 property finance secured when the banks said no,,,,?,sitemap_slug
60 second finance options test,,,,?,sitemap_slug
600 000 funding to buy medical premises,,,,?,sitemap_slug
7 fatal mistakes to avoid when starting a dental practice,,,,?,sitemap_slug
7 legal pitfalls to avoid when buying a dental practice,,,,?,sitemap_slug
7 ways to finance a business,,,,?,sitemap_slug
7m growth finance for childrens care home,,,,?,sitemap_slug
80 percent ltv loan to purchase national pharmacy chain,,,,?,sitemap_slug
a commercial mortgage for an spv,,,,?,sitemap_slug
a dental practice buying guide for dentists,,,,?,sitemap_slug
a dental practice selling guide for dentists,,,,?,sitemap_slug
a financial growth series for ambitious dentists cash flow forecasting,,,,?,sitemap_slug
a financial growth series for ambitious dentists hidden costs,,,,?,sitemap_slug
a financial growth series for ambitious dentists lease vs buy,,,,?,sitemap_slug
a financial growth series for ambitious dentists tax business structure,,,,?,sitemap_slug
a guide to buy to let remortgages,,,,?,sitemap_slug
a guide to commercial property development finance,,,,?,sitemap_slug
a guide to dental practice purchase finance,,,,?,sitemap_slug
a mortgage guide for dentists,,,,?,sitemap_slug
a step closer to homeownership,,,,?,sitemap_slug
accounts and tax dentists explained,,,,?,sitemap_slug
accounts for dental associates,,,,?,sitemap_slug
accounts for dental groups,,,,?,sitemap_slug
accounts for dental practice owners,,,,?,sitemap_slug
acquiring new accountancy practice 350000 finance,,,,?,sitemap_slug
actuaries finance,,,,?,sitemap_slug
adding value accountancy practice advising advisor,,,,?,sitemap_slug
advantages and disadvantages of asset based lending,,,,?,sitemap_slug
advantages of unsecured loans over secured loans,,,,?,sitemap_slug
airspace finance,,,,?,sitemap_slug
alternatives to vendor finance,,,,?,sitemap_slug
always going difficult running dental practice,,,,?,sitemap_slug
aparthotel serviced accommodation mortgages,,,,?,sitemap_slug
apply audiology finance,,,,?,sitemap_slug
apply care home finance,,,,?,sitemap_slug
apply cosmetic finance,,,,?,sitemap_slug
apply dermatology finance,,,,?,sitemap_slug
apply doctor finance,,,,?,sitemap_slug
apply gp finance,,,,?,sitemap_slug
apply gynaecology finance,,,,?,sitemap_slug
apply implantology finance,,,,?,sitemap_slug
apply optician finance,,,,?,sitemap_slug
apply orthodontist finance,,,,?,sitemap_slug
apply pharmacy finance,,,,?,sitemap_slug
apply radiology finance,,,,?,sitemap_slug
apply vet finance,,,,?,sitemap_slug
applying for a dental practice loan in 5 steps,,,,?,sitemap_slug
architect developer finance,,,,?,sitemap_slug
architecture office loan,,,,?,sitemap_slug
are you missing the right financial partner for your practice,,,,?,sitemap_slug
are you running your practice or is it running you,,,,?,sitemap_slug
are your goods covered while in transit,,,,?,sitemap_slug
asset finance case study pharmcay finance from just 2 interest,,,,?,sitemap_slug
asset finance for capital allowances,,,,?,sitemap_slug
asset finance for software,,,,?,sitemap_slug
asset finance for wind turbines,,,,?,sitemap_slug
asset refinancing 40000 van delivery,,,,?,sitemap_slug
asset refinancing plant hire 130000 loan,,,,?,sitemap_slug
associate agreements mistakes to avoid,,,,?,sitemap_slug
associate dentist income protection,,,,REG,seed
associate dentist mortgage,,,,REG,seed
associate partnership agreements,,,,?,sitemap_slug
associate to practice owner finance,,,,UNREG,seed
associated costs buyers scrutinise,,,,?,sitemap_slug
associates financial planning,,,,?,sitemap_slug
associates tax year 2025 26,,,,?,sitemap_slug
attitudes among smes towards mental health mcazynsicdwvb6bdzmivqe6h7rqq,,,,?,sitemap_slug
auction finance developing property portfolio,,,,?,sitemap_slug
automating dental associate pay with ai,,,,?,sitemap_slug
autumn statement reaction,0,,,?,sitemap_slug
av equipment finance,,,,?,sitemap_slug
bad credit mortgages,,,,?,sitemap_slug
baler finance,,,,?,sitemap_slug
bank funding for a dental practice purchase,,,,?,sitemap_slug
bank of england base rate residential mortgages,,,,?,sitemap_slug
barristers loans,,,,?,sitemap_slug
bbb finance finder,,,,?,sitemap_slug
bdia 2025 mcd4kv2dlubvazbphfhglsupo7um,,,,?,sitemap_slug
bdia 2026 mcjnoligyb55gz3icpchk3ohaq5m,,,,?,sitemap_slug
bdia dental showcase 2024 mc4s2h2fxw6vezdemfj45zb3ubpi,,,,?,sitemap_slug
benefits of alternative finance,,,,?,sitemap_slug
benefits of bridging loans,,,,?,sitemap_slug
benefits of small business finance,,,,?,sitemap_slug
benefits of startup loans,,,,?,sitemap_slug
benefits of using a mortgage adviser,,,,?,sitemap_slug
benefits of vat and tax finance,,,,?,sitemap_slug
best lenders to refinance your property portfolio,,,,?,sitemap_slug
beyond refinancing helping your dental practice grow at every stage,,,,?,sitemap_slug
bookkeeping tips for dentists,,,,?,sitemap_slug
boutique hotel finance,,,,?,sitemap_slug
bridge loans overseas property,,,,?,sitemap_slug
bridge to term finance,,,,?,sitemap_slug
bridging loan refinance,,,,?,sitemap_slug
bridging loans alternative,,,,?,sitemap_slug
bridging loans for farmers,,,,?,sitemap_slug
bridging loans vs mortgages what is the difference,,,,?,sitemap_slug
british dental conference and dentistry show 2024 mc5daachcz4bc57olnizu3fiy26i,,,,?,sitemap_slug
british dental conference dentistry show 2026 mc7mlh5bp2mvdmrk2yuc3jtyv5bi,,,,?,sitemap_slug
building a cqc compliant dental practice,,,,?,sitemap_slug
business finance ccjs,,,,?,sitemap_slug
business loans bad credit for funeral homes,,,,?,sitemap_slug
business loans with an iva,,,,?,sitemap_slug
business relocation finance,,,,?,sitemap_slug
business structure dental practice,,,,?,sitemap_slug
business switches to fixed rate to avoid volatile market,,,,?,sitemap_slug
buy to let mortgages permitted development,,,,?,sitemap_slug
buy to let mortgages with limited leave to remain,,,,?,sitemap_slug
buy your practice freehold,,,,?,sitemap_slug
buyers assessment,,,,?,sitemap_slug
buying a dental practice how to get ahead,,,,?,sitemap_slug
buying a practice legal support,,,,?,sitemap_slug
buying a second site for your veterinary practice,,,,?,sitemap_slug
buying a shopping centre,,,,?,sitemap_slug
buying new assets and equipment,,,,?,sitemap_slug
buying out director with three million funding,,,,?,sitemap_slug
buying probate property finance,,,,?,sitemap_slug
buying property under value,,,,?,sitemap_slug
buying your doctor s surgery premises,,,,?,sitemap_slug
bva live 2026 mc2ja3ke3acvgfdpbg2cs6owns3i,,,,?,sitemap_slug
byrne eyecare business finance mc3lfdeteinrb2lgmnzitsd4a6ky,,,,?,sitemap_slug
call back thank you,,,,?,sitemap_slug
can i get a business loan with bad credit,,,,?,sitemap_slug
can i get business finance if my company is insolvent,,,,?,sitemap_slug
can i get finance to improve my cash flow,,,,?,sitemap_slug
can i lower the interest rate on my business loan,,,,?,sitemap_slug
can i put my own money into my company business,,,,?,sitemap_slug
can i refinance existing business borrowing,,,,?,sitemap_slug
can i use property as security for a business loan,,,,?,sitemap_slug
can my start up business get funding,,,,?,sitemap_slug
cant pay company bridging loan what are my options,,,,?,sitemap_slug
capital stack for property finance,,,,?,sitemap_slug
care show 2023 mcjtzz64uytnfsna2jrua67krg4a,,,,?,sitemap_slug
care show birmingham 2024 mc6d7jxqsk5rhrhlfqnugxmx2lg4,,,,?,sitemap_slug
case study funding a dental maanagement buy in,,,,?,sitemap_slug
case study truck asset finance,,,,?,sitemap_slug
cash flow concerns causing sleepless nights mclic3sh6nabbgde7y2deuink4ze,,,,?,sitemap_slug
cash flow finance dental practice,,,,UNREG,seed
cashflow dentists,,,,?,sitemap_slug
casual zero hour contracts major changes ahead,,,,?,sitemap_slug
cbct scanner finance,,,,UNREG,seed
cbils case study a loan for student accommodation,,,,?,sitemap_slug
central london dental practice for sale,,,,?,sitemap_slug
check employment status for tax cest test,,,,?,sitemap_slug
childrens care home loan leasehold freehold,,,,?,sitemap_slug
childrens day nursery finance,,,,?,sitemap_slug
choosing the right practice or starting one up,,,,?,sitemap_slug
class q barn conversion finance,,,,?,sitemap_slug
clearco alternatives ecommerce finance,,,,?,sitemap_slug
climate dental practice growth uk,,,,?,sitemap_slug
cnc lathe finance,,,,?,sitemap_slug
co living investment finance,,,,?,sitemap_slug
combined heat and power finance,,,,?,sitemap_slug
commercial hotel mortgage,,,,?,sitemap_slug
commercial mortgage dental practice,,,,UNREG,seed
commercial mortgage for dentists,,,,UNREG,seed
commerical fishing equipment finance,,,,?,sitemap_slug
common accounting tax mistakes dentists,,,,?,sitemap_slug
compactor finance,,,,?,sitemap_slug
company management for dentists,,,,?,sitemap_slug
complex commercial property mortgage,,,,?,sitemap_slug
complex mortgage i love them,,,,?,sitemap_slug
consolidating ecommerce loans,,,,?,sitemap_slug
content writing for dentists,,,,?,sitemap_slug
corporate and groups,,,,?,sitemap_slug
corporates vs individuals,,,,?,sitemap_slug
cosmetic surgeon commercial finance,,,,?,sitemap_slug
covid 19 thoughts of the accountancy sector mcrnx5q5klyva2doy4sowyfjgg3a,,,,?,sitemap_slug
covid 19 thoughts of the dental sector mc3jpnwvnqkjg3ddtqvdyjwkegia,,,,?,sitemap_slug
covid 19 thoughts of the legal sector mcjmsndo74prgdld46x2z7ihqcam,,,,?,sitemap_slug
covid 19 thoughts of the optical sector mcf6emghfnfbhfndxyfwdwzv4b4e,,,,?,sitemap_slug
covid 19 thoughts of the veterinary sector mcayg2aoqt5rcwpb5rlzc6uu7svu,,,,?,sitemap_slug
cutting bridge loan repayments restructuring,,,,?,sitemap_slug
cutting the cost of heavy equipment,,,,?,sitemap_slug
cyber security steps for dentists,,,,?,sitemap_slug
cyber security threats for dental practices,,,,?,sitemap_slug
dealing with debt as a dentist,,,,?,sitemap_slug
debt consolidation refinancing loan,,,,?,sitemap_slug
decision time commercial mortgage vs bridging finance,,,,?,sitemap_slug
decision time invoice finance vs asset refinance,,,,?,sitemap_slug
decision time leasing vs hire purchase,,,,?,sitemap_slug
deferred mbo finance,,,,?,sitemap_slug
demolition finance,,,,?,sitemap_slug
dental associate expenses guide,,,,?,sitemap_slug
dental associate protection,,,,REG,seed
dental chair finance,,,,UNREG,seed
dental goodwill finance,,,,UNREG,seed
dental laser finance,,,,UNREG,seed
dental partnerships expense shares limited companies departure of a principal,,,,?,sitemap_slug
dental practice 100 finance available,,,,?,sitemap_slug
dental practice acquisition finance,,,,UNREG,seed
dental practice buyer readiness questionnaire,,,,?,sitemap_slug
dental practice commercial mortgage,,,,UNREG,seed
dental practice development loan,,,,UNREG,seed
dental practice exit planning and ma advisory,,,,?,sitemap_slug
dental practice expansion finance,,,,UNREG,seed
dental practice finance broker,,,,?,sitemap_slug
dental practice financial infrastructure,,,,?,sitemap_slug
dental practice for sale finance,,,,UNREG,seed
dental practice goodwill loan,,,,UNREG,seed
dental practice growth advisory,,,,?,sitemap_slug
dental practice growth strategy session,,,,?,sitemap_slug
dental practice marketing patient,,,,?,sitemap_slug
dental practice owners tax year 2025 26,,,,?,sitemap_slug
dental practice purchase loan,,,,UNREG,seed
dental practice sale process,,,,UNREG,seed
dental practice sales agent,,,,?,sitemap_slug
dental practice tax loan,,,,UNREG,seed
dental practice working capital,,,,UNREG,seed
dental showcase 2020,0,,,?,sitemap_slug
dental surgery commercial mortgage,,,,UNREG,seed
dental x-ray machine finance,,,,UNREG,seed
dentist commercial mortgage,,,,UNREG,seed
dentist finds ideal buyer after selling struggle,,,,?,sitemap_slug
dentist partner buy outs,,,,?,sitemap_slug
dentist residential mortgage,,,,REG,seed
dentistry show london 2024 mcy55zpk3vhjgrpccuigdfukyebu,,,,?,sitemap_slug
dentistry show london mce5votsuwd5djjjnzynaajhjynm,,,,?,sitemap_slug
dentists hopeful for future mcucahwsbaznd7npk56dz7vaixsi,,,,?,sitemap_slug
dentists reduce tax legitimately,,,,?,sitemap_slug
development finance for care homes,,,,?,sitemap_slug
df optometrists mcyjchucwa3fblvjou2lnj7bagvy,,,,?,sitemap_slug
dft financial planning and accountancy for new associates,,,,?,sitemap_slug
directors loan finance,,,,?,sitemap_slug
dj equipment finance get the party started,,,,?,sitemap_slug
do i need good credit for invoice factoring,,,,?,sitemap_slug
doctors surgery cutting the cost of finance,,,,?,sitemap_slug
does business finance affect my personal credit rating,,,,?,sitemap_slug
does your dental practice need help managing its working capital,,,,?,sitemap_slug
does your lease contain everything you need,,,,?,sitemap_slug
dream squat mcsx6cinmd7vf65cjxqjlqmhu2rm,,,,?,sitemap_slug
edgbaston private eye clinic ltd business finance mcojtzxb57tzcmxl6fktrkohtsfu,,,,?,sitemap_slug
education asset finance,,,,?,sitemap_slug
electric vehicle charging finance,,,,?,sitemap_slug
empowering growth in independent veterinary care mcxfyapy267jd37nz5cjl3ib7nli,,,,?,sitemap_slug
equipment finance and refinance,,,,?,sitemap_slug
equipment finance for hospitals surgeries,,,,?,sitemap_slug
equipment finance for pharmacists,,,,?,sitemap_slug
equity release vs bridging loan,,,,?,sitemap_slug
essential ingredients for a successful squat private dental practice,,,,?,sitemap_slug
established dental practice for sale scottish borders,,,,?,sitemap_slug
established dental practice for sale scottish borders 3d8e,,,,?,sitemap_slug
expense share buy out care case study,,,,?,sitemap_slug
expert view from the care homes sector mcytuvbwthjjcldctetje5eyrfne,,,,?,sitemap_slug
expert view from the dental sector mcy56gxmiclbbldpfvccer2opxiu,,,,?,sitemap_slug
expert view from the funeral sector mciwmoqnc3fjhrnl4ktbdspsvzbi,,,,?,sitemap_slug
expert view from the optical sector mco2edg4xkejgxneokvjga4exija,,,,?,sitemap_slug
expert view from the pharmacy sector mc5gpo4w5rszaxlbitcfpecj5zoy,,,,?,sitemap_slug
expert view from the veterinary sector mcmwzetpymtnapjkxdqddntu2cmm,,,,?,sitemap_slug
extend loan term length,,,,?,sitemap_slug
facebook ads for a dental practice,,,,?,sitemap_slug
factoring abroad,,,,?,sitemap_slug
fairway mower finance,,,,?,sitemap_slug
feeling the strain of loan repayments let s talk solutions,,,,?,sitemap_slug
field sprayers finance,,,,?,sitemap_slug
final reminder your practice begins here,,,,?,sitemap_slug
finance for asian wedding venues,,,,?,sitemap_slug
finance for btls,,,,?,sitemap_slug
finance for buying liquidated assets,,,,?,sitemap_slug
finance for buying out company directors shares,,,,?,sitemap_slug
finance for care agencies,,,,?,sitemap_slug
finance for childrens care homes,,,,?,sitemap_slug
finance for chiropractors,,,,?,sitemap_slug
finance for companies under a cva,,,,?,sitemap_slug
finance for cosmetic surgeons,,,,?,sitemap_slug
finance for day surgeries,,,,?,sitemap_slug
finance for equestrian businesses,,,,?,sitemap_slug
finance for intangible assets,,,,?,sitemap_slug
finance for landlords letting to specialist support housing,,,,?,sitemap_slug
finance for new business vehicle mcvzwrwiakjzflnbrwffwhr2mlfe,,,,?,sitemap_slug
finance for paying suppliers,,,,?,sitemap_slug
finance for private schools,,,,?,sitemap_slug
finance for scale ups,0,,,?,sitemap_slug
finance for serviced office providers,,,,?,sitemap_slug
finance for soft assets,0,,,?,sitemap_slug
finance for solar panel installations,,,,?,sitemap_slug
finance for stock assets purchased overseas,,,,?,sitemap_slug
finance for storage units,,,,?,sitemap_slug
finance for used assets,,,,?,sitemap_slug
finance for vehicles for hire,,,,?,sitemap_slug
finance for vulnerable adults,,,,?,sitemap_slug
finance for wholesalers buying overseas,,,,?,sitemap_slug
finance for your garden centre,,,,?,sitemap_slug
finance guide selective invoice finance,,,,?,sitemap_slug
finance guide stock finance,,,,?,sitemap_slug
finance pharmacy short leases,,,,?,sitemap_slug
finance to buy a dental practice,,,,UNREG,seed
finance to cover professional indemnity costs,,,,?,sitemap_slug
finance to fulfil nhs tenders,,,,?,sitemap_slug
financial tips for dentists,,,,?,sitemap_slug
financing a new dental practice purchase,,,,?,sitemap_slug
financing childrens nursery acquisition,,,,?,sitemap_slug
financing equipment for veterinary practice,,,,?,sitemap_slug
financing management buy in with seven mil funding,,,,?,sitemap_slug
financing mbi for cma ruling,,,,?,sitemap_slug
find out how we helped our1930sfixerupper remortgage their home,,,,?,sitemap_slug
finding the right buyer for dentist selling practice,,,,?,sitemap_slug
first dental practice purchase,,,,UNREG,seed
fit refurbishment finance catering industry,,,,?,sitemap_slug
five traits of failed dental start ups,,,,?,sitemap_slug
five ways to grow your accountancy practice,,,,?,sitemap_slug
flatbed finance,,,,?,sitemap_slug
flexible finance for 600000 glamping site expansion,,,,?,sitemap_slug
focus on income protection,,,,?,sitemap_slug
food processing equipment finance,,,,?,sitemap_slug
franchise loans for opticians,,,,?,sitemap_slug
free ways grow a dental practice,,,,?,sitemap_slug
free webinar busy practice thin margins here s why,,,,?,sitemap_slug
free webinar tonight managing finance function dental group,,,,?,sitemap_slug
freehold dental practice mortgage,,,,UNREG,seed
freight factoring options for a limited company,,,,?,sitemap_slug
full list of covid loan cbils providers and their criteria,,,,?,sitemap_slug
funder of the year 2023 dental industry awards mct4ko6bl6svfbtijvobxdv5exju,,,,?,sitemap_slug
funding a buy into a dental practice,,,,?,sitemap_slug
funding a property bargain 280 000 property refinance,,,,?,sitemap_slug
funding for forklift trucks,,,,?,sitemap_slug
funding the future of veterinary medicine mc3sqcakksjnb2nfsrzlws3pknoe,,,,?,sitemap_slug
funding the purchase of a veterinary practice by,,,,?,sitemap_slug
future planning retirement succession inheritance dentists,,,,?,sitemap_slug
giving your dental surgery a total fit out,,,,?,sitemap_slug
glamping pod finance,,,,?,sitemap_slug
going forward with growth finance,,,,?,sitemap_slug
golf buggy finance,,,,?,sitemap_slug
golf club property finance,,,,?,sitemap_slug
goodwill funding dentist,,,,UNREG,seed
goodwill loan dental practice,,,,UNREG,seed
goodwill loans for healthcare professionals,,,,?,sitemap_slug
goodwill loans for pharmacists,,,,?,sitemap_slug
goodwill practice loans for dentists,,,,?,sitemap_slug
google ads for a dental practice,,,,?,sitemap_slug
gp finance options,,,,?,sitemap_slug
gp loan refinancing,,,,?,sitemap_slug
gp medical practice finance,,,,?,sitemap_slug
grain storage units finance,,,,?,sitemap_slug
green mower finance,,,,?,sitemap_slug
ground care finance,,,,?,sitemap_slug
grow a dental practice,,,,?,sitemap_slug
grow your dental practice profits,,,,?,sitemap_slug
grow your dental practice with social media,,,,?,sitemap_slug
guesthouse finance,,,,?,sitemap_slug
guide asset finance for dentists,,,,?,sitemap_slug
guide bridging loans for dentists,,,,?,sitemap_slug
guide start up finance for dentists,,,,?,sitemap_slug
guide tax loans for dentists,,,,?,sitemap_slug
guide to commercial mortgages for dentists,,,,?,sitemap_slug
guide to increasing capacity framework,,,,?,sitemap_slug
guide to property development finance,,,,?,sitemap_slug
guide to starting a dental practice,0,,,?,sitemap_slug
guide working capital finance for dentists,,,,?,sitemap_slug
hard asset finance v soft asset finance,,,,?,sitemap_slug
help farmer raise 60000 for new storage,,,,?,sitemap_slug
help interest rates are rising,,,,?,sitemap_slug
helping finance a property below market value,,,,?,sitemap_slug
heres the low down on deposit requirements,,,,?,sitemap_slug
high concentration invoice finance,,,,?,sitemap_slug
high end vehicle finance,,,,?,sitemap_slug
high ltv property purchases,,,,?,sitemap_slug
hmrc finally breaks its silence on associates self employment status,,,,?,sitemap_slug
hmrc time to pay loan,,,,?,sitemap_slug
hmrc wins case against align technology the implications for dentists,,,,?,sitemap_slug
hospital clinic start ups,,,,?,sitemap_slug
hospitals surgeries,,,,?,sitemap_slug
hotel bridging finance,,,,?,sitemap_slug
hotel developent finance,,,,?,sitemap_slug
how ai will change running a dental practice,,,,?,sitemap_slug
how asset finance can help your business grow in 2025,,,,?,sitemap_slug
how can i protect my business from late payments,,,,?,sitemap_slug
how create a website for dentists,,,,?,sitemap_slug
how does crowdfunding work for small businesses,,,,?,sitemap_slug
how does locum insurance work,,,,?,sitemap_slug
how emergency patients can help to grow your dental practice,,,,?,sitemap_slug
how much can a dentist borrow mortgage,,,,REG,seed
how much is that practice really worth,,,,?,sitemap_slug
how not to buy a dental practice things to avoid,,,,?,sitemap_slug
how quickly can i get finance for my business,,,,?,sitemap_slug
how to access emergency business funding,,,,?,sitemap_slug
how to apply for construction finance,,,,?,sitemap_slug
how to best prepare my company for a finance application,,,,?,sitemap_slug
how to build a dental group,,,,?,sitemap_slug
how to buy accountancy practice,,,,?,sitemap_slug
how to buy into gp practice,,,,?,sitemap_slug
how to buy or start optometry practice,,,,?,sitemap_slug
how to finance a dental practice,,,,?,sitemap_slug
how to finance a gp practice,,,,?,sitemap_slug
how to finance a hotel with poor credit,,,,?,sitemap_slug
how to finance a mbo,,,,?,sitemap_slug
how to finance a squat practice,,,,?,sitemap_slug
how to finance healthcare business,,,,?,sitemap_slug
how to finance your amazon business,,,,?,sitemap_slug
how to financially prepare for investor exits,,,,?,sitemap_slug
how to fund a gp practice,,,,?,sitemap_slug
how to get nursery finance,,,,?,sitemap_slug
how to grow your dental practice with google ppc,,,,?,sitemap_slug
how to improve your companys working capital,,,,?,sitemap_slug
how to keep quiet when selling a dental practice,,,,?,sitemap_slug
how to manage accounts for a dental group,,,,?,sitemap_slug
how to refinance a business debt,,,,?,sitemap_slug
how to refinance a gp practice loan,,,,?,sitemap_slug
how to refinance a property in the uk,,,,?,sitemap_slug
how to refinance commercial property mortgage,,,,?,sitemap_slug
how to refinance loans for dental practice,,,,?,sitemap_slug
how to secure a commercial mortgage for hotel purchase,,,,?,sitemap_slug
how to sell accountancy practice,,,,?,sitemap_slug
how to sell an architecture practice,,,,?,sitemap_slug
how to sell your dental practice in 9 steps,,,,?,sitemap_slug
how to start a dental practice with a partner,,,,?,sitemap_slug
how to use invoice finance to improve company cash flow,,,,?,sitemap_slug
how to use limited company profit for mortgage affordability,,,,?,sitemap_slug
how we arranged a commercial mortgage to buy a nightclub,,,,?,sitemap_slug
hygienist re charge,,,,?,sitemap_slug
in person event setting up in practice bootcamp,,,,?,sitemap_slug
income protection do you know your companys sick pay policy,,,,?,sitemap_slug
injection moulding tool finance,,,,?,sitemap_slug
innovative financing for an accountant s start up mcdivdiq3jbje3ho4uccnjdzqe7m,,,,?,sitemap_slug
insolvency advice for dental practices,,,,?,sitemap_slug
instagram and facebook ads for dentists,,,,?,sitemap_slug
interest only ecommerce finance,,,,?,sitemap_slug
intraoral scanner finance,,,,UNREG,seed
inventory finance for amazon sellers,,,,?,sitemap_slug
investing in dental practices when the easy money is gone,,,,?,sitemap_slug
investment focus update january 2021,,,,?,sitemap_slug
invoice finance construction case study,,,,?,sitemap_slug
invoice finance for accountants,,,,?,sitemap_slug
invoice finance for pharmacists,,,,?,sitemap_slug
irish dentistry show 2024 mc6khex5wa2rclldnqzupp65hx7a,,,,?,sitemap_slug
irrigation systems finance,,,,?,sitemap_slug
is the annuity dead,,,,?,sitemap_slug
is the rising cost of borrowing impacting on practice sales,,,,?,sitemap_slug
isa and pensions update,,,,?,sitemap_slug
join the samera buying group cut your equipment costs,,,,?,sitemap_slug
keeping cool with suitable finance options mc7i7qa52rd5csjnpot3n6dahnee,,,,?,sitemap_slug
landlord consolidates debt for easy repayments on mixed property portfolio,,,,?,sitemap_slug
landlords with large portfolios,,,,?,sitemap_slug
lasting powers of attorney for business owners,,,,?,sitemap_slug
lay firm buy out,,,,?,sitemap_slug
left hand drive vehicle finance,,,,?,sitemap_slug
legal regulatory information,,,,?,sitemap_slug
leixlip dental centre business finance mcxteog2e5z5akzcjubugfe65jjm,,,,?,sitemap_slug
leveraging machinery asset refinancing case study,,,,?,sitemap_slug
limited company tax rates discussed,,,,?,sitemap_slug
limited spvs llps trading ltd company property purchase,,,,?,sitemap_slug
loans for hmrc vat and corporation tax,,,,?,sitemap_slug
loans with no personal guarantee,,,,?,sitemap_slug
locum cover insurance dentist,,,,REG,seed
locum insurance faq,,,,?,sitemap_slug
london vet show 2023 mckxi5yika4jeppmttt4gdql6ehm,,,,?,sitemap_slug
london vet show 2026 mcxcxlwrelgve5lni3powwc7q4q4,,,,?,sitemap_slug
london vet show mcnimu2k22tfgtnom4btjh2esgda,,,,?,sitemap_slug
looking at buying into a practice,,,,?,sitemap_slug
low loader finance,,,,?,sitemap_slug
lvs 2024 mchry7ngqzmzabxe6olu5lcuu5lu,,,,?,sitemap_slug
machine finance and refinance,,,,?,sitemap_slug
maintaining a healthy cashflow with the help of cashflow finance,,,,?,sitemap_slug
making tax digital crucial deadlines what dentists need to know,,,,?,sitemap_slug
making tax digital for dentists,,,,?,sitemap_slug
making tax digital for dentists stay ahead before 2026 arrives,,,,?,sitemap_slug
manage accounts finance function dental group maximum value,,,,?,sitemap_slug
management buy in financing options,,,,?,sitemap_slug
managing late payments in the construction industry,,,,?,sitemap_slug
march 2021 budget round up,,,,?,sitemap_slug
market a dental practice,,,,?,sitemap_slug
market conditions for dental practice sales,,,,?,sitemap_slug
marketing finance ecommerce,,,,?,sitemap_slug
material handler finance,,,,?,sitemap_slug
material re handler finance,,,,?,sitemap_slug
material recovery facility finance,,,,?,sitemap_slug
maximising investments before selling and retirement,,,,?,sitemap_slug
maximising your dental practices ebitda,,,,?,sitemap_slug
may 6 free webinar making tax digital for dentists explained,,,,?,sitemap_slug
mbo mbi finance,0,,,?,sitemap_slug
meat processing business finance,,,,?,sitemap_slug
medical lab equipment finance,,,,?,sitemap_slug
milking parlour finance,,,,?,sitemap_slug
mistake running a dental practice,,,,?,sitemap_slug
mitigating the threat of nhs pension changes,,,,?,sitemap_slug
mixed use property investment mortgages,,,,?,sitemap_slug
mortgage for associate dentist,,,,REG,seed
mortgage types jargon busting,,,,?,sitemap_slug
mortgage while in a dmp,,,,?,sitemap_slug
multi let industrial investment loans,,,,?,sitemap_slug
multi unit property mortgages,,,,?,sitemap_slug
my options if my bank has refused my company finance,,,,?,sitemap_slug
myths around mortgages if you are self employed,,,,?,sitemap_slug
nacfb 2023 mczluuw3hgkvdh5mcixrxqahtixq,,,,?,sitemap_slug
national funeral exhibition 2026 mcjjyhanvnsrhzfdydb4thiuo5va,,,,?,sitemap_slug
new dental practice finance,,,,UNREG,seed
newly qualified dentist mortgage,,,,REG,seed
newly qualified dentists need to take immediate action,,,,?,sitemap_slug
newly qualified dentists to register with hmrc,,,,?,sitemap_slug
nhs pension for dentists an explanation,,,,?,sitemap_slug
no deposit dental practice loan,,,,UNREG,seed
obtaining loans after covid 19,,,,?,sitemap_slug
office equipment you need when starting a business,,,,?,sitemap_slug
office refurbishment for accountancy practice,,,,?,sitemap_slug
only 11 of practices have optimal fees is yours one,,,,?,sitemap_slug
opticians equipment finance and funding,,,,?,sitemap_slug
opticians finance,,,,?,sitemap_slug
optometry tomorrow 2026 mcpkgwi7uta5g57a5awmpo5olfii,,,,?,sitemap_slug
overheads absence insurance,,,,?,sitemap_slug
packaging wrapping equipment,,,,?,sitemap_slug
partially amortising loans,,,,?,sitemap_slug
partnership business loans solicitors,,,,?,sitemap_slug
payroll for dentists,,,,?,sitemap_slug
pensions and investments for associate dentists a simple guide,,,,?,sitemap_slug
pensions dragged into inheritance tax calculations,,,,?,sitemap_slug
personal guarantees business finance,,,,?,sitemap_slug
pfm dental legal complaints procedure,,,,?,sitemap_slug
pfmdental co uk,,,,?,sitemap_slug
pfms guide for starting as a self employed associate dentist,,,,?,sitemap_slug
pharmacy show 2024 mcgaryipsminberhl7o54zbc2pxy,,,,?,sitemap_slug
pharmacy show 2025 mc4aw4uuufprfcnayb4wfjvjy2dy,,,,?,sitemap_slug
placeholder locum insurance quotation form,,,,?,sitemap_slug
playground equipment finance,,,,?,sitemap_slug
portable building finance,,,,?,sitemap_slug
portfolio disclosure documents,,,,?,sitemap_slug
portfolios and large loans,,,,?,sitemap_slug
post pandemic recovery what architects are thinking mcxwihsh5dwfagrgy32jchadrcvi,,,,?,sitemap_slug
post pandemic recovery what dentists are thinking mc5kb2q23n5rbldfpflpne2q7qsy,,,,?,sitemap_slug
post pandemic recovery what opticians are thinking mcpu2a5xb3nfdb7g6scatzbiipre,,,,?,sitemap_slug
post pandemic recovery what vets are thinking mcn6iupb2hvnehtntj6whr6aqyve,,,,?,sitemap_slug
ppc accountancy business loans d,,,,?,sitemap_slug
ppc accountancy business loans m,,,,?,sitemap_slug
ppc accountancy personal loans d,,,,?,sitemap_slug
ppc accountancy personal loans m,,,,?,sitemap_slug
ppc braemar brand d,,,,?,sitemap_slug
ppc braemar brand m,,,,?,sitemap_slug
ppc care home business loans d,,,,?,sitemap_slug
ppc care home personal loans d,,,,?,sitemap_slug
ppc care homes business loans m,,,,?,sitemap_slug
ppc care homes personal loans m,,,,?,sitemap_slug
ppc dental business loans d,,,,?,sitemap_slug
ppc dental business loans m,,,,?,sitemap_slug
ppc dental personal loans d,,,,?,sitemap_slug
ppc dental personal loans m,,,,?,sitemap_slug
ppc funeral business loans d,,,,?,sitemap_slug
ppc funeral business loans m,,,,?,sitemap_slug
ppc funeral personal loans d,,,,?,sitemap_slug
ppc funeral personal loans m,,,,?,sitemap_slug
ppc legal business loans d,,,,?,sitemap_slug
ppc legal business loans m,,,,?,sitemap_slug
ppc legal personal loans d,,,,?,sitemap_slug
ppc legal personal loans m,,,,?,sitemap_slug
ppc medical business loans d,,,,?,sitemap_slug
ppc medical business loans m,,,,?,sitemap_slug
ppc medical personal loans d,,,,?,sitemap_slug
ppc medical personal loans m,,,,?,sitemap_slug
ppc optical business loans d,,,,?,sitemap_slug
ppc optical personal loans d,,,,?,sitemap_slug
ppc pharmacy business loans d,,,,?,sitemap_slug
ppc pharmacy business loans m,,,,?,sitemap_slug
ppc pharmacy personal loans d,,,,?,sitemap_slug
ppc pharmacy personal loans m,,,,?,sitemap_slug
ppc tax loans d,,,,?,sitemap_slug
ppc tax loans m,,,,?,sitemap_slug
ppc veterinary business loans d,,,,?,sitemap_slug
ppc veterinary business loans m,,,,?,sitemap_slug
ppc veterinary personal loans d,,,,?,sitemap_slug
ppc veterinary personal loans m,,,,?,sitemap_slug
practice sales an end to delays,,,,?,sitemap_slug
practice sales and the current market webinar,,,,?,sitemap_slug
practicecover co uk,,,,?,sitemap_slug
premises finance,,,,?,sitemap_slug
prepare your practice for 2025 cost efficient accounting solutions,,,,?,sitemap_slug
preparing dental practice sale,,,,?,sitemap_slug
private practices allied healthcare,,,,?,sitemap_slug
professional mortgage dentist,,,,REG,seed
profit and loss statements explained for dental practices,,,,?,sitemap_slug
profitable dental practices,,,,?,sitemap_slug
properties and leases,,,,?,sitemap_slug
property finance and related party transactions,,,,?,sitemap_slug
property finance below market value,,,,?,sitemap_slug
property finance case study buying a bar,,,,?,sitemap_slug
property finance case study funding a hotel conversion,,,,?,sitemap_slug
property finance for a pharmacy,,,,?,sitemap_slug
property finance for expats foreign nationals,,,,?,sitemap_slug
property finance for foreign nationals,,,,?,sitemap_slug
property finance questions,0,,,?,sitemap_slug
property finance with bad credit,,,,?,sitemap_slug
property funding for foriegn residents,,,,?,sitemap_slug
property investment retail mortgages,,,,?,sitemap_slug
property purchase using an spv,,,,?,sitemap_slug
property purchase with a short lease,,,,?,sitemap_slug
property purchase with an llp,,,,?,sitemap_slug
property with japanese knotweed,,,,?,sitemap_slug
property with low epc,,,,?,sitemap_slug
publishing business finance,,,,?,sitemap_slug
purchase of property from administrators,,,,?,sitemap_slug
raising finance for a pharmacy,,,,?,sitemap_slug
raising finance for a veterinary clinic,,,,?,sitemap_slug
rangewell cbils case study a loan scaled for the business,,,,?,sitemap_slug
re financing existing loan,,,,?,sitemap_slug
reacquire lpa receiver property for sale with finance,,,,?,sitemap_slug
reasons for selling a dental practice,,,,?,sitemap_slug
rebridging loans,,,,?,sitemap_slug
recording and reproduction business finance,,,,?,sitemap_slug
recycling plant finance,,,,?,sitemap_slug
refinance a property portfolio,,,,?,sitemap_slug
refinance business loan to raise capital,,,,?,sitemap_slug
refinance pharmacy loans,,,,?,sitemap_slug
refinance to fixed rate,,,,?,sitemap_slug
refinancing bridging loan,,,,?,sitemap_slug
refinancing business loans better cash flow,,,,?,sitemap_slug
refinancing cbils,,,,?,sitemap_slug
refinancing cibls loan agreement,,,,?,sitemap_slug
refinancing existing loans,,,,?,sitemap_slug
refinancing explained what dentists need to know,,,,?,sitemap_slug
refinancing growing business to unlock cashflow,,,,?,sitemap_slug
refinancing partner equity loan,,,,?,sitemap_slug
refrigerated truck finance,,,,?,sitemap_slug
refrigerated van finance,,,,?,sitemap_slug
regulated v unregulated bridging loans whats the difference,,,,?,sitemap_slug
regulatory information and financial ombudsman service,,,,?,sitemap_slug
reminder join us for key dental tax finance insights,,,,?,sitemap_slug
remortgage to pay off debts positive outcome and big relief,,,,?,sitemap_slug
rescuing failed dental practice sale,,,,?,sitemap_slug
residential remortgage for business purpose,,,,?,sitemap_slug
retaining new dental patients,,,,?,sitemap_slug
retirement planning focus,,,,?,sitemap_slug
revolving credit facilities hunting licence,,,,?,sitemap_slug
robot mower finance,,,,?,sitemap_slug
robotic welder finance,,,,?,sitemap_slug
saas finance for startups,,,,?,sitemap_slug
saas finance funding,,,,?,sitemap_slug
safeguarding stock and continuity,,,,?,sitemap_slug
samera finance complaints policy,,,,?,sitemap_slug
scottish dental show 2023 mc2q44nex6mvajfnihgajzrh45wu,,,,?,sitemap_slug
scottish dental show 2025 mcs46hizqrubcjfekgvlgkhir56y,,,,?,sitemap_slug
scottish dental show 2026 mc5frjyntzuvdo7a3vo3lkcwhp2q,,,,?,sitemap_slug
scottish dental show mcdfklvukx2vewtcb5jqdfxs6kzu,,,,?,sitemap_slug
scottish optical conference 2023 mcjrtv4ekiwfglnf5vz5jvtxrr2u,,,,?,sitemap_slug
scottish optical conference 2024 mcbycpfe5gvfcgdol2da2kmit5ve,,,,?,sitemap_slug
scottish optical conference 2025 mcszegkkvh35frhf37g4mvhtbg24,,,,?,sitemap_slug
scottish pharmacy trade show 2024 mcbcpbeunhmnaalkmltyx5xhpgja,,,,?,sitemap_slug
second dental practice finance,,,,UNREG,seed
second loan for travel agent,,,,?,sitemap_slug
secondary sources of finances,,,,?,sitemap_slug
section 4 the finance engine,,,,?,sitemap_slug
secured loans vs bridging loans,,,,?,sitemap_slug
secured v unsecured business loans whats the difference,,,,?,sitemap_slug
securing 1 35 million refinance care home,,,,?,sitemap_slug
securing 1 million property finance for a venue,,,,?,sitemap_slug
securing 125000 finance for established retailer,,,,?,sitemap_slug
securing 130000 property finance for a property developer,,,,?,sitemap_slug
securing 1350000 loan for family farm holiday let,,,,?,sitemap_slug
securing 150000 buy to let mortgage for commecial investors,,,,?,sitemap_slug
securing 150000 property finance for hmo with multiple shareholders,,,,?,sitemap_slug
securing 175000 debt consolidation loan,,,,?,sitemap_slug
securing 1800000 refinance for pharmacy,,,,?,sitemap_slug
securing 2 million property finance for hmo landlords,,,,?,sitemap_slug
securing 250000 asset funding for a dental practice,,,,?,sitemap_slug
securing 250000 funding for new dental practice,,,,?,sitemap_slug
securing 250000 of property finance for a social club,,,,?,sitemap_slug
securing 250000 property development loan for a landlord,,,,?,sitemap_slug
securing 265000 of property finance for a gp,,,,?,sitemap_slug
securing 280000 property refinance for a accountant business,,,,?,sitemap_slug
securing 350000 property finance for a glamping business,,,,?,sitemap_slug
securing 4 million finance to build new care home,,,,?,sitemap_slug
securing 400000 brigding finance for a property owner,,,,?,sitemap_slug
securing 400000 of property finance for a charity,,,,?,sitemap_slug
securing 480000 goodwill funding for a pharmacy,,,,?,sitemap_slug
securing 480000 property refinance for a manufacturer,,,,?,sitemap_slug
securing 50000 equipment funding for a pharmacy,,,,?,sitemap_slug
securing 650000 property finance for a builder,,,,?,sitemap_slug
securing 650000 property finance for a pharmicist,,,,?,sitemap_slug
securing 700000 development exit finance for property developer,,,,?,sitemap_slug
securing 750000 short lease funding to buy pharmacy,,,,?,sitemap_slug
securing a 535000 funding to buy first dental practice,,,,?,sitemap_slug
securing a buy to let mortgage for a landlord,,,,?,sitemap_slug
securing a holiday let mortgage for a landlord,,,,?,sitemap_slug
securing a property finance for an expat,,,,?,sitemap_slug
securing confidential invoice discounting for dental practice,,,,?,sitemap_slug
security company finance,,,,?,sitemap_slug
self employed dentist sick pay,,,,REG,seed
sell my dental practice,,,,UNREG,seed
selling a practice legal support,,,,?,sitemap_slug
selling dental practice to corporate group,,,,?,sitemap_slug
selling your dental practice important points,,,,?,sitemap_slug
selling your dental practice scotland webinar,,,,?,sitemap_slug
seo for dental websites 5 steps,,,,?,sitemap_slug
services for dentists,,,,?,sitemap_slug
setting practice boot camp 2024,,,,?,sitemap_slug
setting practice boot camp 2024 1,,,,?,sitemap_slug
setting practice boot camp 2024 27th september 2024,,,,?,sitemap_slug
setting practice boot camp 2024 27th september 2024 88d4,,,,?,sitemap_slug
setting up a dental practice cost,,,,UNREG,seed
setting up in practice bootcamp,,,,?,sitemap_slug
setting up in practice bootcamp learn from real industry experts,,,,?,sitemap_slug
setting up in practice bootcamp why preparation matters,,,,?,sitemap_slug
short term stock finance,,,,?,sitemap_slug
should i consider incorporation,,,,?,sitemap_slug
should i consider incorporation as a principal,,,,?,sitemap_slug
should i sell to a body corporate,,,,?,sitemap_slug
shuttle bus finance,,,,?,sitemap_slug
single spot invoicing,,,,?,sitemap_slug
sipp and income drawdown,,,,?,sitemap_slug
sipp and ssas pension borrowing and property purchase,,,,?,sitemap_slug
skip loader finance,,,,?,sitemap_slug
small business loans for bad credit ratings,,,,?,sitemap_slug
small hotel refinance,,,,?,sitemap_slug
smart dental business loan mce2hf6oyyhbg6jgkd2lmlf7yyky,,,,?,sitemap_slug
smart metering finance,,,,?,sitemap_slug
sme data hub,0,,,?,sitemap_slug
solar battery storage finance,,,,?,sitemap_slug
solicitor office renovation,,,,?,sitemap_slug
south west dentistry show 2023 mcjlyjtjkiyrbjfo4eq5opdahbo4,,,,?,sitemap_slug
south west dentistry show 2024 mcmt2ritx2jfc7hgfncuthqghvkm,,,,?,sitemap_slug
specialist care home refinance,,,,?,sitemap_slug
splitting land titles,,,,?,sitemap_slug
squat dental practice finance,,,,UNREG,seed
squat practice funding,,,,UNREG,seed
start a dental practice 13 steps,,,,?,sitemap_slug
start dental practices,,,,?,sitemap_slug
start up finance for your medical practice,,,,?,sitemap_slug
start up finance for your pharmacy,,,,?,sitemap_slug
start up loans for dental practices,,,,?,sitemap_slug
staying compliant tax accounts dental practices,,,,?,sitemap_slug
stock finance for ebay sellers,,,,?,sitemap_slug
stock finance for shopify sellers,,,,?,sitemap_slug
stock finance opportunities,,,,?,sitemap_slug
student accommodation property funding,,,,?,sitemap_slug
submitting a stronger property development finance application,,,,?,sitemap_slug
subscription finance funding,,,,?,sitemap_slug
successful additional borrowing remortgage offer in complex circumstances,,,,?,sitemap_slug
suppliers introducers,,,,?,sitemap_slug
supported living business finance,,,,?,sitemap_slug
surgery insurance faqs,,,,?,sitemap_slug
tackling the rising cost of running a business mcsgu3abw3h5fejdf2pmlb2plvwe,,,,?,sitemap_slug
taking your nhs pension early opportunity or mistake,,,,?,sitemap_slug
tanker truck finance,,,,?,sitemap_slug
tax and vat loans,,,,?,sitemap_slug
tax loans for pharmacists,,,,?,sitemap_slug
taxes for dental associates,,,,?,sitemap_slug
taxes for dental groups,,,,?,sitemap_slug
taxes for dental practice owners,,,,?,sitemap_slug
technology and it finance,,,,?,sitemap_slug
technology upgrade loan law firm,,,,?,sitemap_slug
testimonails overview,,,,?,sitemap_slug
thank you,,,,?,sitemap_slug
thanks for your interest in samera finance,,,,?,sitemap_slug
the advantages and disadvantages commercial asset finance,,,,?,sitemap_slug
the dental business guide podcast,,,,?,sitemap_slug
the dental practice exit readiness scorecard,,,,?,sitemap_slug
the difference between hire purchase and leasing,,,,?,sitemap_slug
the difference between loans and debentures,,,,?,sitemap_slug
the finance you need to grow your dental practice,,,,?,sitemap_slug
the increasing costs of purchasing a home,,,,?,sitemap_slug
the national funeral exhibition 2024 mc4ona5nyo3fg5ppmuxrvdys5uwa,,,,?,sitemap_slug
the pharmacy show 2026 mcp54nrgcen5ga3g6uqgddyyjbmi,,,,?,sitemap_slug
the private dentistry boom,,,,?,sitemap_slug
the thoughts of uk dental practice owners mcrn7d4mu3uvau7dq3ffapttlhf4,,,,?,sitemap_slug
the value of a dental practice,,,,?,sitemap_slug
tips for running a dental practice,,,,?,sitemap_slug
tips on writing a dental practice business plan,,,,?,sitemap_slug
top 5 reasons to use a mortgage broker,,,,?,sitemap_slug
top considerations for associate dentists to secure their financial future,,,,?,sitemap_slug
trade consultant finance,,,,?,sitemap_slug
travel agency finance,,,,?,sitemap_slug
trycare bone augmentation implant surgery mc6dckuaqwc5f7nmyah5otbwd4ky,,,,?,sitemap_slug
tupe transfer of undertakings protection of employees,,,,?,sitemap_slug
turf aerator finance,,,,?,sitemap_slug
ukbusiness finance,,,,?,sitemap_slug
ulez vehicle finance,,,,?,sitemap_slug
understanding finance to increase profits,,,,?,sitemap_slug
understanding revolving business credit overdrafts and invoice finance,,,,?,sitemap_slug
understanding the money financing your practice purchase,,,,?,sitemap_slug
understanding the nhs pension and annual allowance what is new,,,,?,sitemap_slug
understanding your small business finance options,,,,?,sitemap_slug
using a bridging loan to buy property,,,,?,sitemap_slug
vat and tax loans,,,,?,sitemap_slug
vat loan dental practice,,,,UNREG,seed
vat tax loans for dentists,,,,?,sitemap_slug
video production finance,,,,?,sitemap_slug
voltage optimiser finance,,,,?,sitemap_slug
waste and recycling finance,,,,?,sitemap_slug
we re top professions funder 2018 mcz62w6fgztbgp3c7e2l24vfcoze,,,,?,sitemap_slug
what are my options if i need business finance urgently,,,,?,sitemap_slug
what are quick business loans,,,,?,sitemap_slug
what are the best funding options for start up businesses,,,,?,sitemap_slug
what are the different types development finance,,,,?,sitemap_slug
what are vat loans,,,,?,sitemap_slug
what can a finance broker do for you,,,,?,sitemap_slug
what can company finance be used for,,,,?,sitemap_slug
what funding opportunities are available for dental practices,,,,?,sitemap_slug
what funding options are available for construction companies,,,,?,sitemap_slug
what income do mortgage companies look at self employed mortgages,,,,?,sitemap_slug
what is a commercial mortgage and how does it work,,,,?,sitemap_slug
what is cash flow finance and how does it work,,,,?,sitemap_slug
what is cashflow finance 2,,,,?,sitemap_slug
what is collateral in business finance,,,,?,sitemap_slug
what is commercial property mortgage,,,,?,sitemap_slug
what is peer to peer p2p business lending,,,,?,sitemap_slug
what is pre seed funding and how does it work,,,,?,sitemap_slug
what is short term property finance,,,,?,sitemap_slug
what is the difference between capital and asset finance,,,,?,sitemap_slug
what is the difference between corporate finance and commercial finance,,,,?,sitemap_slug
what is the difference between invoice discounting and invoice factoring,,,,?,sitemap_slug
what is the difference between open and closed bridging loans,,,,?,sitemap_slug
what is the growth guarantee scheme ggs,,,,?,sitemap_slug
what is vat and tax finance,,,,?,sitemap_slug
what lenders look for in a business loan application,,,,?,sitemap_slug
what s the difference between overdraft and term loan,,,,?,sitemap_slug
what to consider before getting a mortgage dentist,,,,?,sitemap_slug
what to look for in a dental practice,,,,?,sitemap_slug
what you need to set up a opticians practice,,,,?,sitemap_slug
when an everyday accident threatens business continuity,,,,?,sitemap_slug
which type of invoice finance is right for you,,,,?,sitemap_slug
whole ledger finance,0,,,?,sitemap_slug
why dentists want their own practice,,,,?,sitemap_slug
why first impressions of your practice matter,,,,?,sitemap_slug
why more practices are expanding into dental groups,,,,?,sitemap_slug
why most dental groups struggle to scale efficiently,,,,?,sitemap_slug
why use a commercial finance broker,,,,?,sitemap_slug
why was my business loan denied,,,,?,sitemap_slug
wills and lasting powers of attorney,,,,?,sitemap_slug
wills things to consider,,,,?,sitemap_slug
winning big at leasing world gold awards 2022 mc4xenui54sfeodgmaimzy6om54m,,,,?,sitemap_slug
your practice s value is more than you think,,,,?,sitemap_slug
zero deposit dental practice purchase,,,,?,sitemap_slug
