path,how,mentions,gsc_impr_90d,gsc_clicks_90d,gsc_pos,bing_impr,bing_clicks,bing_pos,owns_cluster
/blog/capital-gains-tax/capital-gains-tax-property-complete-guide-uk,slug/title,100,14345,70,6.0,476,4,7,capital gains tax on property + capital gains on property
/blog/landlord-tax-essentials/landlord-accounting-spreadsheet-template-free-excel-guide,body-5plus,15,4329,174,7.9,5,0,7,
/blog/section-24-and-tax-relief/mortgage-arrangement-fees-deductible-landlord,body-5plus,17,3408,103,6.5,101,9,4,
/blog/section-24-and-tax-relief/landlord-tax-deductions-uk-2026-complete-list,body-5plus,12,2578,34,8.4,205,3,6,
/blog/non-resident-landlord-tax/non-resident-landlord-scheme-uk-complete-guide,body-5plus,17,2278,11,28.0,404,1,7,
/blog/capital-gains-tax/cgt-payment-deadlines-property-sales-2026,slug/title,56,2491,19,9.3,103,1,7,report capital gains + hmrc capital gains tax
/blog/incorporation-and-company-structures/ated-complete-guide-2026-27,body-5plus,10,2550,8,6.3,22,0,7,
/blog/capital-gains-tax/cgt-rates-property-2026-27-current-rates-explained,slug/title,92,1779,0,5.5,57,0,6,
/blog/landlord-tax-essentials/sdlt-leasehold-extension-vs-fresh-purchase,body-5plus,13,1728,19,11.5,17,1,5,
/blog/incorporation-and-company-structures/partnership-sdlt-relief-schedule-15-fa-2003-incorporation-sum-lower-proportions,body-5plus,5,1616,2,7.1,66,7,6,
/blog/property-types-and-specialist-tax/capital-allowances-on-property,body-5plus,9,1373,10,24.7,246,3,6,
/blog/property-types-and-specialist-tax/how-much-tax-holiday-let-property-uk,body-5plus,18,1496,2,52.1,103,7,5,
/blog/portfolio-management/buying-commercial-property-through-a-sipp,body-5plus,18,1393,13,10.5,0,0,,
/blog/capital-gains-tax/cgt-on-inherited-property-uk-probate-base-cost,slug/title,96,1276,4,6.3,25,2,5,
/blog/incorporation-and-company-structures/how-to-transfer-property-into-limited-company-uk,body-5plus,37,841,5,26.6,372,34,3,
/blog/property-accountant-services/how-to-become-property-accountant,body-5plus,28,1211,15,18.8,0,0,,
/blog/incorporation-and-company-structures/sdlt-transfer-property-company-cost,body-5plus,19,1027,1,8.3,161,3,5,
/blog/capital-gains-tax/cgt-annual-exempt-amount-3000-allowance-2026-27,slug/title,57,1087,0,7.0,62,0,7,cgt on gilts
/blog/capital-gains-tax/ppr-relief-calculation-former-home-step-by-step,body-5plus,19,887,12,8.1,174,5,6,
/blog/landlord-tax-essentials/iht-gifts-with-reservation-of-benefit-property,body-5plus,9,1017,24,6.4,22,0,4,
/blog/property-types-and-specialist-tax/lease-variation-and-lease-surrender,slug/title,40,929,13,8.4,30,1,7,
/blog/landlord-tax-essentials/inheritance-tax-rental-property-uk-guide,body-5plus,11,942,10,14.8,4,3,4,
/blog/incorporation-and-company-structures/settlor-interested-trust-iht-s49-1a-cgt-s169b-property-attribution-rules,slug/title,70,935,19,10.5,0,0,,
/blog/incorporation-and-company-structures/alphabet-shares-property-spv-dividend-splitting-spouse-children,body-5plus,8,896,10,6.6,0,0,,
/blog/capital-gains-tax/cgt-gifting-property-family-members-uk,slug/title,68,258,0,8.0,607,40,4,cgt on gifted property
/blog/incorporation-and-company-structures/corporation-tax-rates-property-companies-2026-27,body-5plus,15,804,7,8.0,0,0,,
/blog/non-resident-landlord-tax/uk-france-dta-property-rental-income-cgt,slug/title,21,774,0,8.3,0,0,,
/blog/incorporation-and-company-structures/buy-to-let-limited-company-complete-guide-uk,body-5plus,23,700,1,15.8,28,0,3,
/blog/non-resident-landlord-tax/moving-to-australia-uk-rental-property-tax-pathway,body-5plus,49,724,9,9.1,0,0,,
/blog/section-24-and-tax-relief/landlord-insurance-tax-deductible,body-5plus,13,668,7,7.4,5,1,2,
/blog/property-types-and-specialist-tax/hmo-tax-guide-rental-income-deductions-multi-tenant,body-5plus,12,637,2,13.6,0,0,,
/blog/property-types-and-specialist-tax/property-development-tax-trading-vs-investment-income,body-5plus,19,609,1,8.1,0,0,,
/blog/incorporation-and-company-structures/property-investment-company-structure-planning,body-5plus,17,582,5,10.5,16,0,5,
/blog/section-24-and-tax-relief/furnished-holiday-let-tax-rules-exemptions,body-5plus,20,514,4,35.2,52,1,7,
/blog/non-resident-landlord-tax/automatic-exchange-of-information,body-5plus,5,554,1,10.9,0,0,,
/blog/property-types-and-specialist-tax/commercial-property-tax-landlords-rates-reliefs-allowances,body-5plus,17,519,4,17.8,13,2,5,
/blog/non-resident-landlord-tax/non-resident-landlord-self-assessment-filing-requirements,body-5plus,22,430,7,9.2,63,0,6,
/blog/property-types-and-specialist-tax/selling-house-below-market-value,slug/title,51,493,2,10.0,0,0,,
/blog/section-24-and-tax-relief/rent-a-room-relief-uk-landlords-lodgers-guide,body-5plus,7,417,0,9.4,56,1,7,
/blog/capital-gains-tax/tax-sell-rental-property-uk,body-5plus,63,162,0,15.3,291,18,4,
/blog/non-resident-landlord-tax/double-taxation-agreement-uk-and-isle-of-man,body-5plus,11,438,12,9.3,0,0,,
/blog/property-accountant-services/property-accountant-nottingham-landlords,body-5plus,16,409,0,18.9,0,0,,
/blog/incorporation-and-company-structures/sdlt-group-relief-schedule-7-fa-2003-claw-back-connected-party-recovery-depth,body-5plus,6,381,0,7.4,25,0,7,
/blog/landlord-tax-essentials/record-keeping-landlords-what-track-how-long-keep,body-5plus,13,382,5,7.4,22,0,5,
/blog/incorporation-and-company-structures/extraction-while-incorporating-phase-2-acquisition-funded-by-personal-funds,body-5plus,40,357,2,7.7,0,0,,
/blog/property-types-and-specialist-tax/hmo-vs-standard-buy-to-let-tax-comparison,body-5plus,13,339,2,7.7,0,0,,
/blog/capital-gains-tax/cgt-overseas-property-uk-residents-foreign-disposals,slug/title,73,317,7,7.2,12,2,4,capital gains foreign property
/blog/non-resident-landlord-tax/uk-spain-dta-property-uk-resident-spanish-holiday-home,body-5plus,9,325,1,8.7,1,0,10,
/blog/incorporation-and-company-structures/sdlt-incorporation-stamp-duty-twice,body-5plus,20,292,4,22.2,23,1,7,
/blog/property-types-and-specialist-tax/balancing-allowance-balancing-charge-on-disposal-property-capital-allowances-mechanics,body-5plus,27,283,0,8.7,31,0,7,
/blog/capital-gains-tax/rollover-relief-property-landlords,body-5plus,89,300,0,8.2,14,1,6,
/blog/non-resident-landlord-tax/foreign-tax-credit-uk-property-overseas-landlords,body-5plus,6,312,0,7.5,0,0,,
/blog/section-24-and-tax-relief/finance-costs-section-24-complete-guide,body-5plus,6,6,0,7.7,302,3,4,
/blog/incorporation-and-company-structures/anti-avoidance-rules-share-exchanges-and-reorganisations,body-5plus,21,290,0,9.2,11,0,4,
/blog/incorporation-and-company-structures/substantial-shareholding-exemption-sse,body-5plus,7,249,0,7.0,39,0,8,
/blog/capital-gains-tax/bed-and-breakfasting,body-5plus,15,273,0,8.1,2,0,10,bed and breakfasting capital gains tax
/blog/non-resident-landlord-tax/srt-statutory-residence-test-landlord-decision-tree,body-5plus,6,275,1,9.0,0,0,,
/blog/landlord-tax-essentials/sdlt-on-probate-property-transfers,body-5plus,15,252,2,7.5,12,1,6,
/blog/landlord-tax-essentials/deed-of-variation-property-estate-redirecting-inheritance-iht-saving,body-5plus,29,241,1,7.6,0,0,,
/blog/incorporation-and-company-structures/gifting-property-to-minor-children-bare-trust-mechanics-tax-traps,body-5plus,26,236,1,9.3,0,0,,
/blog/capital-gains-tax/cgt-property-sold-loss-claim-capital-losses,slug/title,74,48,0,10.6,185,3,6,capital gains loss
/blog/incorporation-and-company-structures/property-spv-share-buyback-out-of-distributable-reserves-mechanics,body-5plus,10,233,1,8.9,0,0,,
/blog/landlord-tax-essentials/stamp-duty-buy-to-let-surcharge,body-5plus,13,233,1,10.2,0,0,,
/blog/landlord-tax-essentials/landlord-tax-calendar-2026-27-key-dates,body-5plus,24,230,5,5.5,0,0,,
/blog/section-24-and-tax-relief/tax-relief-mortgage-interest-rented-property-guide,body-5plus,7,172,0,39.8,57,2,6,
/blog/property-types-and-specialist-tax/holiday-let-tax-calculator-fhl-changes,body-5plus,18,215,1,50.6,3,1,2,
/blog/capital-gains-tax/letting-relief-landlords-2026-changes,body-5plus,66,192,0,5.4,15,1,7,cgt letting relief
/blog/property-accountant-services/property-accountant-oxford-guide-local-landlords,body-5plus,15,207,0,12.3,0,0,,
/blog/non-resident-landlord-tax/nrcgt-indirect-disposal-property-rich-companies-shares,slug/title,11,185,2,6.7,16,1,6,
/blog/capital-gains-tax/cgt-main-residence-relief-joint-ownership-pra-election-spouses-mechanics,slug/title,23,176,2,7.4,21,0,5,roll over relief cgt
/blog/non-resident-landlord-tax/uk-italy-dta-tie-breaker-property-residence-disputes,body-5plus,6,196,1,5.7,0,0,,
/blog/incorporation-and-company-structures/when-does-hmrc-accept-rental-property-incorporation-business,body-5plus,28,196,5,6.9,0,0,,
/blog/capital-gains-tax/capital-gains-tax-property-sale-uk-2026-rates-allowances,slug/title,52,136,0,6.0,50,2,6,capital gains on residential property + capital gains tax rates 2024/25 + capital gains tax rate 2026
/blog/capital-gains-tax/cgt-divorce-property-transfer-tax-implications,slug/title,69,165,3,9.7,21,0,6,capital gains tax divorce
/blog/landlord-tax-essentials/declaration-of-trust-property-beneficial-ownership-mechanics-evidence-form-17,body-5plus,14,137,0,9.0,48,1,6,
/blog/capital-gains-tax/principal-private-residence-relief-landlords,body-5plus,74,13,0,11.9,171,4,6,capital gains tax main residence + capital gains tax private residence relief
/blog/incorporation-and-company-structures/director-loan-account-property-company-mechanics,body-5plus,7,181,0,8.5,0,0,,
/blog/landlord-tax-essentials/form-17-declaration-beneficial-interest-property-mechanics-filing-revocation,body-5plus,11,75,0,10.8,102,1,6,
/blog/incorporation-and-company-structures/spv-property-investment-special-purpose-vehicle-guide,body-5plus,5,89,2,10.0,87,0,6,
/blog/property-accountant-services/accounting-services-for-property-owners,body-5plus,22,170,0,18.9,0,0,,
/blog/landlord-tax-essentials/how-to-calculate-net-rental-income-after-all-costs-uk-guide,body-5plus,5,150,2,8.0,20,0,5,
/blog/landlord-tax-essentials/joint-tenants-vs-tenants-in-common-property-tax-consequences-uk-landlords,body-5plus,11,108,1,12.5,59,1,7,
/blog/incorporation-and-company-structures/gifting-property-to-adult-children-decision-tree-cgt-iht-occupancy-mechanics,slug/title,60,166,5,7.5,0,0,,
/blog/landlord-tax-essentials/unmarried-co-owners-property-tax-rental-income-split-actual-beneficial-share,body-5plus,31,166,2,8.9,0,0,,
/blog/incorporation-and-company-structures/a-complete-guide-to-family-investment-companies-fics,body-5plus,18,165,0,9.7,0,0,,
/blog/property-types-and-specialist-tax/end-of-the-furnished-holiday-letting-regime,body-5plus,16,155,1,10.1,0,0,,
/blog/portfolio-management/btl-investment-plymouth-cardiff-landlord-hotspots,body-5plus,17,153,1,15.6,0,0,,
/blog/capital-gains-tax/property-improvements-reduce-cgt-enhancement-expenditure,slug/title,48,0,0,0,152,3,5,
/blog/capital-gains-tax/cgt-property-transfer-limited-company-calculate,slug/title,60,149,1,6.7,0,0,,
/blog/incorporation-and-company-structures/mvl-members-voluntary-liquidation-property-company-cgt-vs-income-treatment,slug/title,18,148,4,9.8,0,0,,
/blog/landlord-tax-essentials/discovery-assessment-time-limits-landlord-tax-enquiries-tma-1970-s29,body-5plus,9,91,0,7.8,56,0,7,
/blog/landlord-tax-essentials/how-much-tax-rental-income-uk-complete-guide,body-5plus,9,121,0,10.2,24,0,7,
/blog/landlord-tax-essentials/landlord-tax-return-complete-guide-2026,body-5plus,23,28,0,8.6,113,0,6,
/blog/capital-gains-tax/inheriting-uk-rental-property-executors-step-by-step,body-5plus,44,139,3,10.1,0,0,,
/blog/landlord-tax-essentials/how-to-complete-landlord-self-assessment-filing-step-by-step-guide,body-5plus,23,84,1,16.8,54,2,6,
/blog/portfolio-management/property-investment-benchmarks-uk-2026-good-yield,body-5plus,13,66,0,6.8,69,2,6,
/blog/incorporation-and-company-structures/settlements-legislation-s624-s629-property-income-attribution-mechanics,body-5plus,24,117,1,7.6,18,0,6,
/blog/incorporation-and-company-structures/incorporating-property-portfolio-uk-2026,body-5plus,30,128,0,28.9,5,2,1,
/blog/portfolio-management/budgeting-voids-repairs-rental-cash-flow,body-5plus,5,127,1,6.6,0,0,,
/blog/capital-gains-tax/cgt-inherited-rental-property-calculation-uk,slug/title,85,115,1,7.1,9,1,3,cgt on property inherited
/blog/property-types-and-specialist-tax/a-complete-guide-to-stamp-duty-relief-for-probate-properties,body-5plus,10,123,3,8.9,0,0,,
/blog/non-resident-landlord-tax/returning-to-uk-after-non-residence-property-portfolio,body-5plus,27,122,9,9.1,0,0,,
/blog/non-resident-landlord-tax/non-resident-cgt-uk-property-rates-reporting,slug/title,100,77,0,10.1,44,0,7,
/blog/portfolio-management/refinancing-rental-property-when-does-it-make-financial-sense,body-5plus,15,116,2,12.1,1,0,2,
/blog/incorporation-and-company-structures/sdlt-divorce-separation-transfer-relief-schedule-3-paragraph-3-fa-2003,slug/title,44,117,1,7.5,0,0,,cgt hold over relief
/blog/incorporation-and-company-structures/tax-efficient-property-investment-structure-guide,body-5plus,7,114,0,39.4,2,0,6,
/blog/capital-gains-tax/cgt-calculation-selling-buy-to-let-property-step-by-step,slug/title,61,31,0,7.0,84,8,3,capital gains on rental property
/blog/capital-gains-tax/cgt-property-2027-rate-changes-uk-landlords,slug/title,98,110,4,6.9,4,0,42,
/blog/capital-gains-tax/cgt-selling-multiple-properties-same-year,slug/title,51,112,2,6.9,0,0,,
/blog/incorporation-and-company-structures/bare-trust-vs-nominee-company-vs-formal-trust-decision-property-investors,body-5plus,28,111,1,9.4,0,0,,
/blog/landlord-tax-essentials/how-long-does-probate-take-in-the-uk,body-5plus,12,108,0,16.1,0,0,,
/blog/non-resident-landlord-tax/temporary-repatriation-facility-trf-designation-mechanics-12-15-percent-rates,body-5plus,10,108,1,7.1,0,0,,
/blog/capital-gains-tax/cgt-property-transfer-spouse,slug/title,74,11,0,7,96,3,5,
/blog/property-accountant-services/coventry-property-accountant,body-5plus,19,106,1,13.2,0,0,,
/blog/landlord-tax-essentials/iht-gift-with-reservation-letting-children-paying-rent-mechanics,body-5plus,10,106,0,10.1,0,0,,
/blog/property-accountant-services/property-accountant-milton-keynes-landlord-guide,body-5plus,30,105,0,9.2,0,0,,
/blog/property-accountant-services/belfast-property-accountant-specialist-tax-services,body-5plus,17,104,4,19.6,0,0,,
/blog/portfolio-management/multi-property-landlord-tax-planning-strategies-5-plus-properties,body-5plus,22,102,0,13.2,0,0,,
/blog/non-resident-landlord-tax/uk-jersey-guernsey-isle-of-man-dtas-property-investors,body-5plus,24,97,2,9.7,5,1,6,
/blog/property-accountant-services/property-accountant-northampton-expert-services,body-5plus,12,101,0,25.7,0,0,,
/blog/landlord-tax-essentials/sdlt-buy-to-let-rates-surcharge-guide-2025,body-5plus,5,87,0,7.1,14,0,7,
/blog/non-resident-landlord-tax/non-resident-landlords-uk-inheritance-tax-exposure,body-5plus,9,100,4,7.3,0,0,,
/blog/capital-gains-tax/cgt-record-keeping-property-sales-what-to-save-how-long,slug/title,48,99,1,7.6,0,0,,
/blog/capital-gains-tax/temporary-non-residence-5-year-cgt-recapture-property,slug/title,48,99,3,8.3,0,0,,
/blog/non-resident-landlord-tax/cgt-rebasing-election-fa-2025-schedule-11-narrow-eligibility-non-doms,slug/title,32,98,0,6.2,0,0,,
/blog/non-resident-landlord-tax/nrl-withholding-tax-20-percent-basic-rate-deduction,body-5plus,12,67,0,8.1,31,1,5,
/blog/capital-gains-tax/cgt-selling-buy-to-let-property-calculation-guide,slug/title,44,74,1,23.5,20,1,4,
/blog/incorporation-and-company-structures/limited-company-vs-personal-ownership-tax-comparison-2026,body-5plus,19,91,0,3.7,0,0,,
/blog/non-resident-landlord-tax/trf-qualifying-overseas-capital-what-can-be-designated-non-doms,body-5plus,7,91,4,8.5,0,0,,
/blog/property-types-and-specialist-tax/transactions-in-uk-land-cta-2010-part-8zb-ita-2007-part-9a-four-conditions-test,body-5plus,17,89,0,7.2,0,0,,
/blog/property-types-and-specialist-tax/airbnb-tax-uk-short-term-rental-income-taxed,body-5plus,29,0,0,0,88,1,5,
/blog/property-accountant-services/property-accountant-bournemouth-landlords-tax-services,body-5plus,18,88,0,23.7,0,0,,
/blog/property-accountant-services/what-does-a-property-accountant-do,body-5plus,36,86,1,16.4,0,0,,
/blog/incorporation-and-company-structures/partnership-partnership-agreement-roles-types-benefits,body-5plus,9,84,0,8.6,0,0,,
/blog/incorporation-and-company-structures/immediate-post-death-interest-ipdi-rental-property-tax-iht-1984-s49a,body-5plus,23,83,0,7.7,0,0,,
/blog/non-resident-landlord-tax/non-resident-cgt-selling-uk-property-overseas-guide,slug/title,52,14,0,7.8,67,1,6,
/blog/landlord-tax-essentials/putting-a-rental-property-into-a-trust,body-5plus,44,80,0,13.5,1,1,4,
/blog/incorporation-and-company-structures/pre-sale-extraction-strip-cash-before-spv-share-sale-vs-buyer-discount,body-5plus,23,80,2,9.0,0,0,,
/blog/incorporation-and-company-structures/trust-registration-service-trs-compliance-trust-owned-btl-mlr-2017,body-5plus,9,80,1,9.2,0,0,,
/blog/landlord-tax-essentials/abolition-of-furnished-holiday-lettings-fhl-what-individual-owners-needs-to-know,body-5plus,22,36,0,8.0,43,3,6,
/blog/incorporation-and-company-structures/companies-house-changes-limited-partnership-requirements,body-5plus,5,79,0,10.2,0,0,,
/blog/property-accountant-services/liverpool-property-accountant-tax-services-landlords,body-5plus,23,78,1,16.3,0,0,,
/blog/property-accountant-services/property-accountant-preston-expert-tax-services-local-landlords,body-5plus,11,78,0,8.0,0,0,,
/blog/non-resident-landlord-tax/double-taxation-convention-dta-uk-and-spain,body-5plus,30,77,0,8.3,0,0,,
/blog/incorporation-and-company-structures/fic-growth-shares-and-freezer-shares-design,body-5plus,10,76,1,10.5,0,0,,
/blog/property-types-and-specialist-tax/remittance-basis-tax-insights-for-non-domiciled-individuals,body-5plus,18,39,0,8.3,37,1,7,
/blog/section-24-and-tax-relief/rental-income-tax-uk-complete-guide-landlords,body-5plus,11,15,0,26.5,60,0,7,
/blog/property-types-and-specialist-tax/lease-extension-vs-freehold-purchase,body-5plus,11,74,0,8.9,0,0,,
/blog/property-accountant-services/property-accountant-salary-complete-guide,body-5plus,18,74,0,9.3,0,0,,
/blog/property-accountant-services/property-accountant-warrington-landlord-services-2026,body-5plus,17,73,0,34.6,0,0,,
/blog/non-resident-landlord-tax/split-year-treatment-cases-1-8-landlord-departure-arrival,body-5plus,11,73,0,7.3,0,0,,
/blog/property-types-and-specialist-tax/structures-and-buildings-allowance-sba-3-percent-claim-mechanics-fa-2018-onward,body-5plus,22,72,0,7.5,0,0,,
/blog/property-types-and-specialist-tax/free-rental-valuation,body-5plus,9,71,0,7.6,0,0,,
/blog/landlord-tax-essentials/landlord-tax-changes-2026-complete-guide,body-5plus,21,69,0,20.4,2,0,6,
/blog/landlord-tax-essentials/jointly-owned-property,body-5plus,14,68,0,11.9,0,0,,
/blog/property-types-and-specialist-tax/residency-and-domicile,slug/title,21,68,0,8.6,0,0,,
/blog/landlord-tax-essentials/claim-home-office-deduction-landlords,slug/title,34,67,2,7.3,0,0,,
/blog/incorporation-and-company-structures/extracting-money-from-property-limited-company,body-5plus,5,66,2,6.8,0,0,,
/blog/incorporation-and-company-structures/settlor-interested-property-trust-grob-interaction-double-trap-mechanics,body-5plus,28,66,2,8.1,0,0,,
/blog/landlord-tax-essentials/2027-property-income-tax-rates-landlords-uk,body-5plus,8,52,0,7.5,13,1,5,
/blog/incorporation-and-company-structures/corporation-tax-vs-income-tax-landlords-2027,body-5plus,23,64,0,54.8,0,0,,
/blog/incorporation-and-company-structures/section-162-incorporation-relief-property-landlords,body-5plus,32,63,1,12.8,0,0,,
/blog/landlord-tax-essentials/decent-homes-standard-prs-landlord-compliance-checklist,body-5plus,5,62,0,7.1,0,0,,
/blog/property-accountant-services/why-southampton-landlords-need-property-accountant,body-5plus,8,61,0,24.2,0,0,,
/blog/property-types-and-specialist-tax/annual-tax-on-enveloped-dwellings-pro-and-cons,body-5plus,17,60,3,17.8,0,0,,
/blog/landlord-tax-essentials/btl-mortgage,body-5plus,10,6,0,40.8,54,3,3,
/blog/capital-gains-tax/business-asset-disposal-relief-residential-property-qualification,body-5plus,28,60,1,7.0,0,0,,
/blog/portfolio-management/how-to-value-rental-property-portfolio-tax-purposes,body-5plus,39,60,0,56.5,0,0,,
/blog/incorporation-and-company-structures/residential-property-developer-tax-uk,body-5plus,9,49,0,29.9,11,0,5,
/blog/section-24-and-tax-relief/section-24-mortgage-interest-restriction-uk-landlords,body-5plus,7,1,0,4,59,0,6,
/calculators/capital-gains-tax-calculator,slug/title,22,51,0,9.7,9,0,6,capital gains tax calculator + capital gains tax on shares calculator + uk capital gains tax calculator + capital gains tax how much + how much capital gain
/blog/property-accountant-services/peterborough-property-accountant-specialist-tax-services,body-5plus,15,59,0,23.3,0,0,,
/blog/property-accountant-services/property-accountant-glasgow,body-5plus,25,59,0,9.7,0,0,,
/blog/property-accountant-services/why-cardiff-landlords-need-specialist-property-accountant-2026,body-5plus,15,59,0,23,0,0,,
/blog/portfolio-management/portfolio-landlord-tax-planning-strategy-guide,body-5plus,22,58,0,10.7,0,0,,
/blog/capital-gains-tax/gifting-property-and-deed-of-gift-tax-implications,body-5plus,44,55,0,14.8,0,0,,
/blog/section-24-and-tax-relief/section-24-vs-incorporation-which-saves-more-tax,body-5plus,16,55,0,8.6,0,0,,
/blog/landlord-tax-essentials/are-rent-arrears-skyrocketing-and-squeezing-landlords,body-5plus,7,54,0,9.1,0,0,,
/blog/non-resident-landlord-tax/arriving-in-the-uk,body-5plus,27,54,1,7.8,0,0,,
/blog/property-types-and-specialist-tax/avoiding-common-mistakes-with-enveloped-dwelling-tax,body-5plus,15,53,0,8.4,0,0,,
/blog/landlord-tax-essentials/iht-clt-property-discretionary-trust-20-percent-entry-charge,body-5plus,59,53,0,9.2,0,0,,
/blog/property-accountant-services/property-accountant-edinburgh-landlord-tax-services,body-5plus,12,53,1,10.9,0,0,,
/blog/non-resident-landlord-tax/tax-treaties-property-investors-treaty-framework-guide,body-5plus,12,53,0,9.6,0,0,,
/blog/incorporation-and-company-structures/grob-s102-family-home-shared-occupation-s102b-uk-mechanics,body-5plus,14,52,0,7.0,0,0,,
/blog/landlord-tax-essentials/record-retention-discipline-voluntary-disclosure-failure-to-notify-landlords,body-5plus,14,50,0,10.0,2,0,5,
/blog/non-resident-landlord-tax/uk-india-dta-property-rental-income-treatment,body-5plus,14,52,1,7.7,0,0,,
/blog/property-accountant-services/why-luton-landlords-need-specialist-property-accountant-2026,body-5plus,15,52,0,31.1,0,0,,
/blog/incorporation-and-company-structures/condition-c-trading-stock-section-162-incorporation-relief-denial-developers,body-5plus,16,51,0,7.6,0,0,,
/blog/landlord-tax-essentials/declaration-of-trust,body-5plus,21,51,0,41.5,0,0,,
/blog/capital-gains-tax/hmrcs-nudge-letters-demand-urgent-review-of-gift-hold-over-relief-claim,body-5plus,10,51,0,7,0,0,,capital gains holdover relief
/blog/incorporation-and-company-structures/fic-complete-guide-property-wealth-transfer,body-5plus,11,49,0,14,0,0,,
/blog/incorporation-and-company-structures/landlord-incorporation-step-by-step-guide-uk,body-5plus,30,48,0,74.6,1,0,12,
/blog/property-accountant-services/property-accountant-middlesbrough-specialist-tax-services,body-5plus,18,49,1,19.3,0,0,,
/blog/landlord-tax-essentials/epc-improvement-grant-schemes-landlords-eco4-bus-gbis,body-5plus,14,48,0,11.2,0,0,,
/blog/incorporation-and-company-structures/sipp-ssas-commercial-property-purchase-mechanics-landlord-pension-fund,body-5plus,12,48,0,8.3,0,0,,
/blog/portfolio-management/when-to-sell-rental-property-key-indicators-landlords,body-5plus,17,48,1,10.1,0,0,,
/blog/non-resident-landlord-tax/fig-regime-qualifying-new-resident-10-year-non-residence-test-landlords,body-5plus,9,47,0,7.2,0,0,,
/blog/non-resident-landlord-tax/uk-us-dta-property-tax-implications-landlords,body-5plus,16,47,0,6.9,0,0,,
/blog/property-accountant-services/property-accountant-bath-expert-tax-services-local-landlords,body-5plus,21,46,1,16.1,0,0,,
/blog/incorporation-and-company-structures/property-partnership-trading-investment-jv-developer-structures-sch-15-sdlt-interaction,body-5plus,7,46,0,9.2,0,0,,
/blog/property-types-and-specialist-tax/ated-relief-for-related-persons-and-market-rent-a-complete-guide,body-5plus,9,45,0,7.0,0,0,,
/blog/property-types-and-specialist-tax/indirect-disposals-property-rich-entities-section-356od-section-517d-slice-action,body-5plus,6,45,0,7.4,0,0,,
/blog/landlord-tax-essentials/property-investment-vs-stocks-shares-tax-comparison,body-5plus,53,45,0,5.9,0,0,,
/blog/incorporation-and-company-structures/when-does-property-holding-company-structure-make-sense-uk-landlords,body-5plus,20,45,0,12.0,0,0,,
/blog/property-finance/day-one-remortgage-limited-company,body-5plus,7,44,1,6.5,0,0,,
/blog/landlord-tax-essentials/iht-lifetime-gifts-7-year-rule-property-taper,body-5plus,22,28,0,8.3,15,0,7,taper relief capital gains
/blog/landlord-tax-essentials/maximising-business-relief-to-reduce-inheritance-tax,body-5plus,9,43,0,7.7,0,0,,
/blog/incorporation-and-company-structures/types-of-property-company-structure-uk-guide,body-5plus,13,0,0,0,43,0,5,
/blog/non-resident-landlord-tax/uk-uae-dta-property-no-tax-jurisdiction-asymmetry,body-5plus,18,43,0,7.2,0,0,,
/blog/section-24-and-tax-relief/buy-to-let-refinancing-when-does-it-make-sense,body-5plus,15,42,3,5.1,0,0,,
/blog/landlord-tax-essentials/section-21-abolition-uk-landlord-possession-guide-2026,body-5plus,5,41,0,6.9,0,0,,
/blog/property-accountant-services/sunderland-property-accountant-specialist-tax-services,body-5plus,14,41,1,11.4,0,0,,
/blog/landlord-tax-essentials/capital-vs-revenue-expenditure-landlord-uk,body-5plus,28,7,0,9,33,1,5,
/blog/incorporation-and-company-structures/directors-of-trust-owned-spv-extraction-rules-settlor-interested-trap,body-5plus,19,40,1,6.4,0,0,,
/blog/property-accountant-services/portsmouth-property-accountant-landlord-tax-services,body-5plus,8,39,0,21.6,0,0,,
/blog/landlord-tax-essentials/pre-letting-expenses-landlord-claim-before-first-tenant,body-5plus,6,39,0,3.7,0,0,,
/blog/property-types-and-specialist-tax/a-short-guide-planning-permission-in-uk,body-5plus,5,38,1,9.3,0,0,,
/blog/incorporation-and-company-structures/family-investment-company-property-worth-it,body-5plus,23,37,0,5.4,0,0,,
/blog/landlord-tax-essentials/making-a-disclosure-using-the-worldwide-disclosure-facility,body-5plus,6,37,0,10.9,0,0,,
/blog/portfolio-management/buy-to-let-market-sees-record-high-returns,body-5plus,21,36,0,9.4,0,0,,
/blog/property-accountant-services/exeter-property-accountant-specialist-tax-services,body-5plus,13,36,0,12.2,0,0,,
/blog/property-types-and-specialist-tax/fhl-capital-allowances-post-april-2025-grandfathered-claims-mechanics,body-5plus,23,36,0,7.8,0,0,,
/blog/non-resident-landlord-tax/fig-election-mechanics-per-year-claim-personal-allowance-cgt-aea-cost,slug/title,16,36,0,6.4,0,0,,
/blog/non-resident-landlord-tax/uk-property-income-expats-tax-obligations-explained,body-5plus,11,30,0,17.1,6,0,6,
/blog/landlord-tax-essentials/civil-partnerships-joint-property-ownership-tax-treatment-form-17-equality,slug/title,23,34,0,10.2,0,0,,
/blog/property-accountant-services/derby-property-accountant-specialist-tax-services-local-landlords,body-5plus,25,34,1,24.6,0,0,,
/blog/property-types-and-specialist-tax/section-24-commercial-property-complete-guide,body-5plus,12,34,1,5.8,0,0,,
/blog/property-types-and-specialist-tax/capital-allowances-property-investors-complete-pillar-2026-27-caa-2001-decision-framework,body-5plus,9,26,1,7.5,7,0,8,
/blog/incorporation-and-company-structures/incorporation-holdover-relief-property,body-5plus,37,33,0,4.9,0,0,,
/blog/property-accountant-services/newcastle-property-accountant-landlord-tax-services,body-5plus,16,33,0,36.2,0,0,,
/blog/property-types-and-specialist-tax/non-resident-developer-uk-tax-scope-fa-2016-offshore-developer-planning-closure,body-5plus,5,33,1,7.2,0,0,,
/blog/landlord-tax-essentials/iht-residence-nil-rate-band-2m-taper-property-portfolios,body-5plus,6,32,0,16.3,0,0,,
/blog/non-resident-landlord-tax/non-dom-reform-april-2025-fig-regime-property-investors,body-5plus,28,32,1,6.5,0,0,,
/blog/property-types-and-specialist-tax/airbnb-landlords,body-5plus,8,31,0,6.9,0,0,,
/blog/incorporation-and-company-structures/transferring-fhl-portfolio-to-limited-company,body-5plus,20,31,3,8.2,0,0,,
/blog/incorporation-and-company-structures/fic-gifting-shares-children-property-7-year-iht-mechanics,slug/title,57,30,0,8.5,0,0,,
/blog/property-types-and-specialist-tax/impact-of-fhl-tax-abolition-on-pension-contributions-key-insights-strategies,body-5plus,7,30,0,5.9,0,0,,
/blog/incorporation-and-company-structures/a-guide-for-shareholders-in-the-uk,body-5plus,17,29,0,7.8,0,0,,
/blog/non-resident-landlord-tax/dont-pay-twice-an-introduction-to-tax-treaties,slug/title,28,29,0,6.3,0,0,,tax deferred capital gains
/blog/landlord-tax-essentials/energy-performance-certificates-epc,body-5plus,9,29,0,13.9,0,0,,
/blog/incorporation-and-company-structures/how-us-based-directors-of-uk-companies-can-navigate-ecctas-new-identity-verification-rules,body-5plus,6,29,1,6.3,0,0,,
/blog/landlord-tax-essentials/iht-property-investors-decision-framework-2026-onwards,body-5plus,14,29,0,13.2,0,0,,
/blog/incorporation-and-company-structures/incorporating-an-hmo-into-a-limited-company-pros-and-cons,body-5plus,18,29,0,8.2,0,0,,
/blog/landlord-tax-essentials/inheritance-tax-and-the-family-home,body-5plus,34,29,0,17.1,0,0,,
/blog/incorporation-and-company-structures/2027-tax-rates-incorporation-decision-uk-landlords,body-5plus,24,28,0,19.6,0,0,,
/blog/landlord-tax-essentials/bpr-pure-btl-pawson-test-why-buy-to-let-fails-investment-line,body-5plus,5,28,1,7.5,0,0,,
/blog/landlord-tax-essentials/deposit-buy-to-let-2026-mortgage-requirements,body-5plus,11,28,0,9.5,0,0,,
/blog/incorporation-and-company-structures/llp-property-investment-worth-considering,body-5plus,16,28,1,6.8,0,0,,
/blog/property-types-and-specialist-tax/condition-a-acquisition-main-purpose-test-trader-by-stealth-landlord-trap,body-5plus,5,27,0,7.2,0,0,,
/blog/landlord-tax-essentials/fic-estate-planning-landlord-portfolio-value-freezing-iht-mechanics,body-5plus,20,27,0,8.6,0,0,,
/blog/capital-gains-tax/2027-property-tax-rates-affect-capital-gains-tax-sales,slug/title,68,26,0,10.7,0,0,,allowable deductions for capital gains tax on property uk
/blog/non-resident-landlord-tax/double-taxation-convention-uk-and-india,body-5plus,27,26,0,8.5,0,0,,
/blog/non-resident-landlord-tax/fig-year-5-cliff-post-fig-arising-basis-planning-non-doms-landlords,body-5plus,18,26,0,8.3,0,0,,
/blog/property-finance/financing-a-property-development-tax,body-5plus,16,26,0,8.8,0,0,,
/blog/incorporation-and-company-structures/incorporating-hmo-portfolio-to-limited-company,body-5plus,11,26,0,7.6,0,0,,
/blog/non-resident-landlord-tax/moving-to-dubai-uk-rental-property-tax-pathway,body-5plus,9,26,1,5.7,0,0,,
/blog/property-accountant-services/plymouth-property-accountant-local-landlord-tax-services,body-5plus,19,26,0,19.8,0,0,,
/blog/incorporation-and-company-structures/starting-property-business-sole-trader-vs-ltd-vs-partnership,body-5plus,16,26,0,7.6,0,0,,
/blog/portfolio-management/what-is-good-gross-yield-buy-to-let-property-2026,body-5plus,5,26,0,7.9,0,0,,
/blog/incorporation-and-company-structures/fic-vs-discretionary-trust-property-comparison,body-5plus,15,25,0,5,0,0,,
/blog/incorporation-and-company-structures/incorporation-case-study-10-property-portfolio-200k-mortgage,body-5plus,23,25,0,7.3,0,0,,
/blog/portfolio-management/property-investment-exit-strategy-planning-guide,body-5plus,58,25,1,11.6,0,0,,
/blog/property-accountant-services/cambridge-property-accountant-landlord-tax-services,body-5plus,18,24,0,37.4,0,0,,
/blog/landlord-tax-essentials/know-about-let-property-campaign,body-5plus,5,24,0,10.7,0,0,,
/blog/non-resident-landlord-tax/do-i-have-to-pay-uk-tax,body-5plus,17,23,0,7.5,0,0,,
/blog/landlord-tax-essentials/accidental-landlord-taxes-a-complete-guide,body-5plus,27,22,1,26.0,0,0,,
/blog/property-types-and-specialist-tax/big-tax-changes-ahead-for-furnished-holiday-lettings,body-5plus,22,22,0,10.9,0,0,,
/blog/capital-gains-tax/hmrcs-nudge-letters-on-business-asset-disposal-relief,body-5plus,16,22,0,9.5,0,0,,
/blog/landlord-tax-essentials/renters-rights-act-2026-tax-implications-landlords,body-5plus,20,22,0,18.0,0,0,,
/blog/property-accountant-services/buy-to-let-accountants-near-me-guide,body-5plus,24,21,0,7.4,0,0,,
/blog/portfolio-management/property-portfolio-accounting-tracking-profitability,body-5plus,19,21,1,14.7,0,0,,
/blog/property-accountant-services/swindon-property-accountant-specialist-tax-services,body-5plus,22,21,0,39.0,0,0,,
/blog/incorporation-and-company-structures/2027-tax-rates-incorporation-decision-property-landlords,body-5plus,23,20,0,5.3,0,0,,
/blog/landlord-tax-essentials/iht-1m-bpr-apr-cap-mixed-trading-investing-landlord-allocation,body-5plus,8,20,0,9.9,0,0,,
/blog/landlord-tax-essentials/iht-spouse-exemption-second-death-property-portfolio-window-mechanics,body-5plus,11,20,0,14.8,0,0,,
/blog/incorporation-and-company-structures/llp-and-taxation-benefits,body-5plus,17,20,0,11.4,0,0,,
/blog/property-accountant-services/property-accountant-near-me,body-5plus,24,20,0,25.4,0,0,,capital gains tax specialist uk
/blog/incorporation-and-company-structures/putting-rental-property-into-a-trust-decision-pillar-iht-cgt-sdlt-stack,slug/title,72,20,0,7.8,0,0,,
/blog/property-accountant-services/change-landlord-accountants,body-5plus,12,19,0,13.4,0,0,,
/blog/portfolio-management/track-rental-property-profitability-per-property-pl-guide,body-5plus,14,19,0,9.9,0,0,,
/blog/incorporation-and-company-structures/understanding-the-taxation-of-fhls-in-a-company,body-5plus,8,19,0,8.4,0,0,,
/blog/landlord-tax-essentials/epc-c-2030-minimum-energy-efficiency-landlord-spending-cap,body-5plus,9,18,1,17.3,0,0,,
/blog/property-accountant-services/ipswich-property-accountant-tax-services-local-landlords,body-5plus,16,18,0,7.7,0,0,,
/blog/incorporation-and-company-structures/limited-companies-and-btl-properties,body-5plus,6,18,0,14.2,0,0,,
/blog/property-accountant-services/property-accountant-aberdeen-landlords-tax-services,body-5plus,11,18,1,13.6,0,0,,
/blog/property-accountant-services/property-management-accounting-services,body-5plus,34,18,1,7.8,0,0,,
/blog/landlord-tax-essentials/residence-nil-rate-band-frozen,body-5plus,15,18,0,5.8,0,0,,
/blog/section-24-and-tax-relief/section-24-higher-rate-taxpayers-2026,body-5plus,15,18,0,6.9,0,0,,
/blog/section-24-and-tax-relief/section-24-higher-rate-taxpayers-changes-2027,body-5plus,11,18,1,15.8,0,0,,
/blog/property-types-and-specialist-tax/serviced-accommodation-tax-fhl-abolition-april-2025,body-5plus,17,17,0,6.5,1,0,3,
/blog/property-accountant-services/slough-property-accountant-landlord-tax-services,body-5plus,13,18,0,16.6,0,0,,
/blog/non-resident-landlord-tax/are-you-leaving-the-uk-permanently,body-5plus,24,17,0,6.5,0,0,,
/blog/incorporation-and-company-structures/employee-ownership-trust-eot-property-spv-exit-mechanics-tcga-1992-s236,body-5plus,29,12,0,7.6,5,0,8,
/blog/non-resident-landlord-tax/leaving-uk-landlord-12-month-pre-departure-checklist,body-5plus,16,17,0,5.5,0,0,,
/blog/property-types-and-specialist-tax/are-you-a-property-investor-or-developer,body-5plus,15,16,0,11.3,0,0,,
/blog/incorporation-and-company-structures/ated-overview-companies-holding-uk-residential-property-2026-27,body-5plus,13,16,0,7.6,0,0,,
/blog/incorporation-and-company-structures/how-to-choose-right-property-company-structure-uk-landlords-2026,body-5plus,26,16,0,6.4,0,0,,
/blog/landlord-tax-essentials/inheritance-tax-lifetime-gifts-vs-transfer-at-death,body-5plus,67,16,0,11.6,0,0,,
/blog/landlord-tax-essentials/pension-decumulation-property-portfolio-iht-2027-cohort-sequence,body-5plus,28,16,0,13.3,0,0,,
/blog/capital-gains-tax/cgt-deferral-strategies-property-investors-uk,slug/title,105,0,0,0,15,0,5,how to avoid capital gains tax uk + eis capital gains tax deferral
/blog/incorporation-and-company-structures/intestacy-mechanics-rental-property-portfolio-no-will-cohort-operational-walkthrough,body-5plus,8,15,0,9.7,0,0,,
/blog/incorporation-and-company-structures/limited-companies,body-5plus,16,15,0,5.5,0,0,,
/blog/incorporation-and-company-structures/scottish-lbtt-bare-trust-acquisition-relief-corporate-restructuring-mechanics,body-5plus,14,15,0,9.5,0,0,,
/blog/property-accountant-services/property-accountant-jobs-uk,body-5plus,11,14,0,12.9,0,0,,
/blog/capital-gains-tax/reduce-cgt-property-disposal-uk,slug/title,120,13,0,14.8,1,0,4,
/blog/section-24-and-tax-relief/section-24-2027-tax-year-planning-landlords,body-5plus,28,14,0,7.6,0,0,,
/blog/incorporation-and-company-structures/disadvantages-of-family-investment-companies-fics,body-5plus,35,13,0,7.7,0,0,,
/blog/incorporation-and-company-structures/fic-property-retirement-decumulation-mechanics-uk,body-5plus,6,13,0,15.5,0,0,,
/blog/landlord-tax-essentials/inheriting-a-house-in-the-uk,body-5plus,46,13,0,15.4,0,0,,
/blog/property-accountant-services/property-accountant-reading-specialist-tax-services,body-5plus,22,13,0,13.8,0,0,,
/blog/capital-gains-tax/property-capital-gains-tax-calculator,slug/title,46,1,0,58,12,1,7,capital gains inheritance
/blog/property-accountant-services/york-property-accountant-landlord-tax-services,body-5plus,17,13,0,18.2,0,0,,
/blog/landlord-tax-essentials/comparison-of-discretionary-trusts,body-5plus,20,12,1,10.2,0,0,,
/blog/section-24-and-tax-relief/section-24-2027-tax-year-planning-uk-landlords,body-5plus,14,12,1,6.4,0,0,,
/blog/section-24-and-tax-relief/section-24-interest-only-mortgage-tax-planning,body-5plus,5,12,0,13.2,0,0,,
/blog/section-24-and-tax-relief/section-24-joint-property-ownership-tax-split,body-5plus,16,12,0,5.3,0,0,,
/blog/capital-gains-tax/cgt-main-residence-election-two-properties,slug/title,48,0,0,0,11,0,5,
/blog/property-types-and-specialist-tax/condition-d-development-main-purpose-convert-and-flip-trap-landlord-developers,body-5plus,7,11,0,6.6,0,0,,
/blog/incorporation-and-company-structures/interest-in-possession-iht-treatment-iipi-iht49a-life-tenant-rental-property,body-5plus,11,11,0,6.3,0,0,,
/blog/property-finance/let-to-buy-mortgages,body-5plus,6,11,0,9.7,0,0,,
/blog/landlord-tax-essentials/landlords-considering-selling-portfolio-rra-2025-tax-implications,body-5plus,60,10,0,6.7,0,0,,
/blog/portfolio-management/property-portfolio-review-checklist-landlords-2026,body-5plus,17,10,0,8.2,0,0,,
/blog/portfolio-management/rental-yield-vs-roi-property-investors-uk,body-5plus,9,10,0,13.7,0,0,,
/blog/incorporation-and-company-structures/retained-profits-property-company-tax-advantages,body-5plus,16,8,0,7,2,1,3,
/blog/incorporation-and-company-structures/transfer-properties-to-company-phased-guide,body-5plus,33,10,0,9.4,0,0,,
/blog/incorporation-and-company-structures/transferring-a-business-out-of-a-company,body-5plus,25,10,0,5.2,0,0,,
/blog/property-accountant-services/why-sheffield-landlords-need-property-accountant,body-5plus,11,10,0,40.1,0,0,,
/blog/property-types-and-specialist-tax/housing-development-finance,body-5plus,26,9,0,16.1,0,0,,
/blog/section-24-and-tax-relief/section-24-personal-allowance-60-percent-tax-rate-landlords,body-5plus,5,9,0,7.9,0,0,,
/blog/incorporation-and-company-structures/sole-trader-vs-partnership,body-5plus,28,9,0,6.9,0,0,,
/blog/landlord-tax-essentials/iht-7-year-clock-property-gifting-mid-life-landlord-strategy,slug/title,83,8,0,5.8,0,0,,capital gains tax gifts
/blog/property-accountant-services/property-accountant-stockport-landlords,body-5plus,16,8,0,12.2,0,0,,
/blog/section-24-and-tax-relief/section-24-basic-rate-taxpayers,body-5plus,8,8,0,6.1,0,0,,
/blog/property-accountant-services/cheltenham-property-accountant-landlord-tax-services,body-5plus,13,7,0,14,0,0,,
/blog/incorporation-and-company-structures/incorporation-timing-when-to-incorporate-property-portfolio,body-5plus,22,7,0,74.4,0,0,,
/blog/non-resident-landlord-tax/returning-to-uk-after-non-residence-section-10a-recapture-fig-eligibility,body-5plus,38,7,0,7.1,0,0,,
/blog/property-accountant-services/brighton-property-accountant-specialist-tax-services,body-5plus,19,6,0,66.2,0,0,,
/blog/section-24-and-tax-relief/rental-income-tax-calculator,body-5plus,13,6,0,16.2,0,0,,
/blog/section-24-and-tax-relief/section-24-multiple-properties-cumulative-impact,body-5plus,6,6,0,4.7,0,0,,
/blog/incorporation-and-company-structures/buy-to-let-limited-company-mortgage-options,body-5plus,9,5,0,7.8,0,0,,
/blog/capital-gains-tax/cgt-commercial-property-different-residential,slug/title,75,0,0,0,5,1,5,
/blog/property-accountant-services/property-accountant-norwich-landlords-2026,body-5plus,11,5,0,11.8,0,0,,
/blog/section-24-and-tax-relief/section-24-child-benefit-high-income-charge-landlords,body-5plus,5,5,1,3.8,0,0,,
/blog/landlord-tax-essentials/first-time-landlord-tax-guide-everything-you-need-to-know,body-5plus,22,3,0,6,1,0,9,
/blog/portfolio-management/retirement-planning-spousal-rental-income-shift-form-17-marginal-rate-restructure,body-5plus,6,4,0,15.8,0,0,,
/blog/property-accountant-services/how-to-choose-a-property-accountant,body-5plus,19,3,0,5.7,0,0,,
/blog/property-accountant-services/property-accountant-dundee-landlord-tax-services,body-5plus,12,3,0,18,0,0,,
/blog/property-types-and-specialist-tax/sdlt-furnished-holiday-let-2025-abolition,body-5plus,7,0,0,0,3,0,8,
/blog/section-24-and-tax-relief/section-24-case-study-100k-rental-income-portfolio,body-5plus,14,2,0,4.5,0,0,,
/blog/section-24-and-tax-relief/section-24-tax-relief-complete-guide,body-5plus,6,2,0,16.5,0,0,,
/blog/property-types-and-specialist-tax/serviced-accommodation-vs-buy-to-let-tax-comparison-2026,body-5plus,16,2,0,8,0,0,,
/blog/incorporation-and-company-structures/incorporation-case-study-5-property-portfolio-analysis,body-5plus,23,1,0,10,0,0,,
/blog/incorporation-and-company-structures/incorporation-cost-calculator-cgt-sdlt-implications,slug/title,35,1,0,7,0,0,,
/blog/section-24-and-tax-relief/section-24-worked-example-50k-rental-income-portfolio,body-5plus,6,1,0,7,0,0,,
/blog/section-24-and-tax-relief/2027-property-tax-rates-section-24-relief-uk-landlords,body-5plus,20,0,0,0,0,0,,
/blog/incorporation-and-company-structures/accountant-corporation-tax-property-companies,body-5plus,10,0,0,0,0,0,,
/blog/landlord-tax-essentials/end-tax-year-checklist-landlords-april-2026,body-5plus,21,0,0,0,0,0,,
/blog/landlord-tax-essentials/epc-certificate-cost-uk,body-5plus,11,0,0,0,0,0,,
/blog/incorporation-and-company-structures/incorporate-rental-property-without-cgt,slug/title,50,0,0,0,0,0,,
/blog/incorporation-and-company-structures/incorporation-existing-portfolios-phased-approach,body-5plus,28,0,0,0,0,0,,
/blog/making-tax-digital-(mtd)/landlord-accounting-software-uk-best-options-2026,body-5plus,6,0,0,0,0,0,,
/blog/making-tax-digital-(mtd)/landlord-tax-return-deadline-2026,body-5plus,15,0,0,0,0,0,,
/blog/property-types-and-specialist-tax/lease-extension-cost-uk,body-5plus,9,0,0,0,0,0,,
/blog/property-types-and-specialist-tax/lease-extension-solicitor-what-they-do,body-5plus,6,0,0,0,0,0,,
/blog/landlord-tax-essentials/mees-regulations-landlords,body-5plus,6,0,0,0,0,0,,
/blog/making-tax-digital-(mtd)/mtd-itsa-comparison-current-self-assessment-vs-mtd-cycle,body-5plus,6,0,0,0,0,0,,
/blog/making-tax-digital-(mtd)/mtd-itsa-foreign-property-income-quarterly-reporting-rules,body-5plus,5,0,0,0,0,0,,
/blog/making-tax-digital-(mtd)/mtd-itsa-jointly-owned-property-threshold-split,body-5plus,5,0,0,0,0,0,,
/blog/making-tax-digital-(mtd)/mtd-itsa-stopping-letting-mid-year-cessation-quarterly-mechanics,body-5plus,42,0,0,0,0,0,,
/blog/making-tax-digital-(mtd)/mtd-itsa-vs-limited-company-cohort-different-rules,body-5plus,12,0,0,0,0,0,,
/blog/making-tax-digital-(mtd)/mtd-record-keeping-landlords-digital-requirements,body-5plus,8,0,0,0,0,0,,
/blog/landlord-tax-essentials/property-investment-tax-uk-complete-guide-2026,body-5plus,31,0,0,0,0,0,,
/blog/section-24-and-tax-relief/section-24-higher-rate-threshold-landlords,body-5plus,5,0,0,0,0,0,,
/blog/incorporation-and-company-structures/should-i-incorporate-buy-to-let-portfolio-2026,body-5plus,35,0,0,0,0,0,,
