path,type,in_scope_because,family_mentions,words,google_impr,google_clicks,google_pos,bing_impr,bing_clicks,bing_pos,bing_queries,title
/blog/landlord-tax-essentials/scottish-lbtt-rates-bands-2026-27-residential-buyers-complete-guide,post,named,130,4852,16184,18,7.1,108,3,6.4,53,"Scottish LBTT 2026/27 Residential Rates: Bands, Reliefs, and the Devolved Framework"
/blog/capital-gains-tax/capital-gains-tax-property-complete-guide-uk,post,body,6,3355,13436,63,6.1,1745,118,5.4,504,Capital Gains Tax on UK Property: Complete Guide for Landlords (2026/27)
/blog/landlord-tax-essentials/land-transaction-tax-a-complete-guide,post,named,77,3764,3509,12,7.7,599,6,8.1,132,"Land Transaction Tax: A Complete Guide to Welsh LTT for Buyers, Investors, and Their Advisers"
/blog/section-24-and-tax-relief/mortgage-arrangement-fees-deductible-landlord,post,body,8,3403,3222,93,6.5,135,38,2.6,93,Are Mortgage Arrangement Fees Tax Deductible for Landlords?
/calculators/lbtt-calculator-scotland,tool,named,57,1738,32,0,13.8,2571,21,7.2,165,LBTT Calculator Scotland | incl. 8% ADS (2026/27) | Property Tax Partners
/blog/incorporation-and-company-structures/ated-complete-guide-2026-27,post,body,18,4487,2473,8,6.3,32,0,7.0,24,ATED 2026/27: Complete Guide to Annual Tax on Enveloped Dwellings
/blog/landlord-tax-essentials/essential-guide-for-first-time-homebuyers-in-scotland,post,named,85,4108,2484,14,8.0,0,0,0,0,"Essential Guide for First-Time Homebuyers in Scotland: LBTT, FTB Relief, and What to Plan For in 2026/27"
/blog/landlord-tax-essentials/scottish-lbtt-additional-dwelling-supplement-ads-mechanics-second-home-buyers,post,named,93,4996,2135,2,8.1,6,0,7.4,5,"Scottish LBTT Additional Dwelling Supplement: 8% on Entire Price, 36-Month Replacement Window"
/blog/landlord-tax-essentials/welsh-ltt-higher-rates-residential-second-homes-additional-properties-surcharge-mechanics,post,named,43,5079,1654,2,5.2,0,0,0,0,Welsh LTT Higher Rates: Mechanics for Second Homes and Additional Property Buyers
/blog/landlord-tax-essentials/sdlt-leasehold-extension-vs-fresh-purchase,post,named,111,4078,1646,16,11.6,0,0,0.0,0,SDLT on Leasehold Extensions: How the Premium Is Taxed and Why It Beats a Fresh Purchase
/blog/incorporation-and-company-structures/partnership-sdlt-relief-schedule-15-fa-2003-incorporation-sum-lower-proportions,post,named,89,6312,1604,2,7.0,40,3,5.8,23,Partnership SDLT Relief on Incorporation: FA 2003 Sch 15 SLP Mechanics
/blog/landlord-tax-essentials/welsh-land-transaction-tax-ltt-rates-bands-2026-27-residential-buyers,post,named,56,4616,1478,0,4.5,152,3,6.9,63,"Welsh Land Transaction Tax (LTT) 2026/27: Rates, Bands, and What Welsh Buyers Need to Know"
/blog/incorporation-and-company-structures/how-to-transfer-property-into-limited-company-uk,post,body,58,4440,788,5,25.6,796,196,2.8,487,How to Transfer Property Into a Limited Company UK: Complete Guide for Landlords
/blog/property-types-and-specialist-tax/a-complete-guide-on-community-infrastructure-levy-cil,post,body,14,4423,538,4,12.0,1023,20,6.6,184,"A Complete Guide to the Community Infrastructure Levy (CIL): Statutory Location, Calculation, Reliefs, and the s.106 Overlay"
/blog/property-types-and-specialist-tax/how-much-tax-holiday-let-property-uk,post,body,14,3522,1335,2,52.9,188,23,4.2,133,How Much Tax Do You Pay on a Holiday Let Property in the UK?
/blog/incorporation-and-company-structures/sdlt-transfer-property-company-cost,post,named,77,3530,981,1,8.4,443,60,5.0,262,SDLT on Transferring Property to a Limited Company (Connected Party)
/blog/section-24-and-tax-relief/claim-mortgage-interest-rental-property-uk-section-24,post,body,5,3373,133,1,13.7,1257,256,3.5,664,How to Claim Mortgage Interest on UK Rental Property 2025/26 (Section 24 in Practice)
/calculators/first-time-buyer-stamp-duty-calculator,tool,named,60,1983,1311,0,81.1,0,0,0,0,First-Time Buyer Stamp Duty Calculator | SDLT Relief (England &amp; NI) | Property Tax Partners
/blog/portfolio-management/buying-commercial-property-through-a-sipp,post,body,5,5380,1283,13,10.1,0,0,0,0,Buying Commercial Property Through a SIPP or SSAS: The Complete Tax Guide
/blog/property-types-and-specialist-tax/lease-extensions-in-the-uk-surrender-and-regrant,post,named,63,4898,1057,7,13.5,97,2,6.3,48,"Lease Extensions in the UK: How the Surrender-and-Regrant Doctrine Works at Law and Why It Drives the SDLT, LBTT and LTT Treatment of Every Lease Extension"
/blog/property-types-and-specialist-tax/how-owning-property-abroad-leads-higher-stamp-duty-rates,post,named,76,5246,1061,6,8.0,74,8,3.9,51,How Owning Property Abroad Leads to Higher SDLT Rates: The Three Statutory Routes
/blog/capital-gains-tax/cgt-gifting-property-family-members-uk,post,body,25,3852,306,0,16.6,825,144,5.0,504,CGT on Gifting Property to Family Members in the UK (2026 Guide)
/blog/landlord-tax-essentials/higher-rates-of-land-transaction-tax-a-complete-guide,post,named,40,4087,1120,1,8.6,0,0,0,0,Higher Rates of Land Transaction Tax: A Complete Guide to Welsh LTT Higher Residential Rates for Additional-Property Purchases
/blog/incorporation-and-company-structures/sdlt-group-relief-for-corporate-landlord-portfolios,post,named,66,3718,998,7,7.7,26,0,9.7,15,SDLT Group Relief for Corporate Landlord Portfolios: Qualifying Conditions and the 3-Year Clawback
/blog/property-accountant-services/how-to-become-property-accountant,post,body,16,3910,997,15,18.8,0,0,0,0,How to Become a Property Accountant: Complete UK Career Guide
/blog/property-types-and-specialist-tax/lease-variation-and-lease-surrender,post,named,87,4931,788,13,8.4,92,2,6.7,53,"Lease Variation and Lease Surrender: The SDLT, LBTT, LTT, and CGT Treatment of Voluntary Variations, Voluntary Surrenders, Reverse Premiums, and Deemed Surrenders by Operation of Law"
/blog/incorporation-and-company-structures/settlor-interested-trust-iht-s49-1a-cgt-s169b-property-attribution-rules,post,body,8,8998,867,18,10.5,0,0,0,0,Settlor-Interested Property Trust: The Three-Statute Trap
/blog/property-types-and-specialist-tax/vat-mixed-use-property-purchase-residential-commercial-element-apportionment,post,body,25,3881,759,23,6.2,0,0,0.0,0,VAT on Mixed-Use Property Purchases: Apportionment and the Dwellings Carve-Out
/blog/incorporation-and-company-structures/buy-to-let-limited-company-complete-guide-uk,post,body,26,4972,648,1,15.8,110,6,3.2,78,Buy-to-Let Limited Company: Complete Guide UK 2026
/blog/incorporation-and-company-structures/corporation-tax-rates-property-companies-2026-27,post,body,15,4188,740,6,7.9,0,0,0,0,What Are Corporation Tax Rates for Property Companies in 2026/27?
/blog/section-24-and-tax-relief/furnished-holiday-let-tax-rules-exemptions,post,body,17,3043,488,4,35.0,232,12,6.2,146,"Furnished Holiday Let Tax: Rules, Abolition and What Happens Now"
/blog/incorporation-and-company-structures/charging-market-rent-to-own-property-company-tax-treatment,post,body,16,5032,575,9,6.6,0,0,0,0,Charging Market Rent to Your Own Property Company: Tax Treatment and the Connected-Party Defence Pack
/blog/incorporation-and-company-structures/transfer-of-going-concern-togc-commercial-property-option-matching-vat-free,post,body,23,5416,567,5,9.7,0,0,0,0,TOGC on Commercial Property: The Option-Matching Trap and the Pre-Completion Sequence Under SI 1995/1268 Article 5
/blog/landlord-tax-essentials/limits-on-ads-repayment-ftt-clarifies-disposal-in-replacement-of-main-residence,post,body,30,5930,560,1,8.0,0,0,0,0,Limits on ADS Repayment: How the FTT Has Clarified 'Disposal of a Dwelling' in the Replacement-of-Main-Residence Test
/blog/incorporation-and-company-structures/property-investment-company-structure-planning,post,body,13,5089,514,4,10.7,25,0,11.0,12,Property Investment Company Structure: SPV vs Holding vs Group
/blog/incorporation-and-company-structures/spv-property-investment-special-purpose-vehicle-guide,post,body,15,4062,100,2,18.7,423,24,6.1,217,"Property SPVs Explained: Structure, Setup and Tax Mechanics"
/blog/property-types-and-specialist-tax/land-and-buildings-transaction-tax-multiple-dwellings-relief,post,named,190,5780,498,0,9.2,0,0,0,0,Land and Buildings Transaction Tax Multiple Dwellings Relief: The Scottish Relief That Survives the SDLT Abolition (LBTT(S)A 2013 Schedule 5)
/blog/property-types-and-specialist-tax/sdlt-mixed-use-rates-vs-residential-property-tribunal-tests-landlords,post,named,36,5404,488,14,6.9,0,0,0,0,"SDLT Mixed-Use vs Residential: Hyman, Suterwalla, and the Tribunal Tests for Property Investors"
/blog/property-accountant-services/property-accountant-nottingham-landlords,post,body,21,3641,470,0,21.0,0,0,0,0,"Property Accountant Nottingham 2026/27: BTL, HMO and Selective-Licensing Tax for Landlords"
/blog/property-types-and-specialist-tax/selling-house-below-market-value,post,named,50,4067,462,2,9.7,0,0,0,0,"Selling a House Below Market Value: The Partial-Sale-Partial-Gift Analytical Framework Across CGT, IHT, SDLT, and the RICS Red Book Valuation Evidence Required for HMRC Defence"
/blog/non-resident-landlord-tax/non-resident-cgt-selling-uk-property-overseas-guide,post,body,5,4352,14,0,7.8,442,14,6.0,233,Non-Resident CGT When Selling UK Property: Complete Tax Guide 2026
/blog/property-types-and-specialist-tax/commercial-property-tax-landlords-rates-reliefs-allowances,post,body,15,4371,438,4,18.0,9,1,5.0,8,"What Tax Do Commercial Property Landlords Pay? Rates, Reliefs and Allowances Explained"
/blog/property-types-and-specialist-tax/first-time-buyer-relief-understanding-tax-credits-and-deductions,post,named,99,5188,443,0,9.5,0,0,0,0,First-Time Buyer Relief and the 'Tax Credits and Deductions' Question: How UK SDLT FTB Relief Actually Works
/blog/incorporation-and-company-structures/sdlt-group-relief-schedule-7-fa-2003-claw-back-connected-party-recovery-depth,post,named,71,5641,381,0,7.4,36,1,7.4,21,SDLT Group Relief Claw-Back and Connected-Party Recovery: FA 2003 Sch 7 Depth
/blog/property-types-and-specialist-tax/labour-plans-stamp-duty-hike-for-overseas-buyers,post,named,64,4805,406,0,6.9,2,2,4.5,2,Labour's Plans to Increase Stamp Duty for Overseas Buyers: From 2024 Manifesto to Current Statutory Position
/blog/landlord-tax-essentials/record-keeping-landlords-what-track-how-long-keep,post,body,6,3916,377,4,7.3,31,3,4.1,25,What Records Should UK Landlords Keep and for How Long?
/calculators/ltt-calculator-wales,tool,named,35,1682,9,0,9.1,372,1,7.4,56,LTT Calculator Wales | Land Transaction Tax (2026/27) | Property Tax Partners
/blog/property-types-and-specialist-tax/a-complete-guide-to-stamp-duty-refund,post,named,57,6076,314,1,39.8,29,1,7.7,17,"A Complete Guide to Stamp Duty Refunds: Every Route, the Right Deadline, and How to Avoid SDLT-Claims-Firm Traps"
/blog/landlord-tax-essentials/form-17-declaration-beneficial-interest-property-mechanics-filing-revocation,post,body,9,5154,75,0,10.8,268,8,6.6,82,"Form 17 Declaration of Beneficial Interest: Filing, Mechanics, Revocation"
/blog/incorporation-and-company-structures/extraction-while-incorporating-phase-2-acquisition-funded-by-personal-funds,post,body,55,5245,338,2,7.4,0,0,0,0,Extraction While Incorporating: The Phase-2 Acquisition Route via Personal Funds and the DLA Credit
/blog/incorporation-and-company-structures/sdlt-incorporation-stamp-duty-twice,post,named,87,3478,273,4,22.7,61,7,5.9,38,SDLT on Incorporation: Do I Pay Stamp Duty Twice in 2026/27?
/blog/section-24-and-tax-relief/tax-relief-mortgage-interest-rented-property-guide,post,body,5,2600,168,0,38.7,156,20,4.6,100,How Does Tax Relief on Mortgage Interest for Rented Property Work in 2026?
/blog/non-resident-landlord-tax/non-resident-cgt-uk-property-rates-reporting,post,body,16,6143,77,0,10.1,246,8,6.3,132,"Non-Resident CGT on UK Property 2026/27: Rates, Reporting and the Regime Architecture"
/blog/landlord-tax-essentials/sdlt-shared-ownership-staircasing,post,named,98,3505,287,2,7.3,10,1,7.1,7,Shared Ownership SDLT and Staircasing: Market-Value Election vs Pay-in-Stages
/blog/non-resident-landlord-tax/srt-statutory-residence-test-landlord-decision-tree,post,body,12,4843,275,1,9.0,0,0,0,0,SRT Statutory Residence Test: Landlord Decision Tree
/blog/incorporation-and-company-structures/ated-rates-2026-27-bands-table-worked-examples,post,body,5,4199,95,1,5.0,169,0,5.2,62,"ATED Rates 2026/27: Bands, Annual Charges, and Worked Examples"
/landlord-tax,hub,body,36,10248,251,0,75.7,0,0,0,0,Landlord Tax Explained: What UK Landlords Pay in 2026/27 | Property Tax Partners
/blog/landlord-tax-essentials/sdlt-on-probate-property-transfers,post,named,113,4095,240,2,7.5,0,0,0.0,0,"SDLT on Probate Property Transfers: When It Applies, When It Doesn't"
/blog/incorporation-and-company-structures/gifting-property-to-minor-children-bare-trust-mechanics-tax-traps,post,body,6,6441,233,1,9.3,0,0,0,0,"Gifting Property to a Minor Child: the s.629 Trap, the Bare-Trust Requirement, and the Grandparent Route"
/blog/incorporation-and-company-structures/property-spv-share-buyback-out-of-distributable-reserves-mechanics,post,body,10,5695,233,1,8.9,0,0,0,0,Property SPV Share Buyback: Why the s.1033 Capital-Treatment Route Almost Always Fails
/blog/landlord-tax-essentials/stamp-duty-buy-to-let-surcharge,post,named,47,3380,232,1,10.3,0,0,0,0,Stamp Duty on Buy-to-Let: the 5% Surcharge Explained
/blog/property-types-and-specialist-tax/multiple-dwellings-relief-abolition-fa-2024-transitional-rules-landlords,post,named,54,5427,226,0,7.2,0,0,0,0,MDR Abolition F(No.2)A 2024 s.7: Transitional Rules and Surviving SDLT Routes for Landlords
/blog/property-types-and-specialist-tax/vat-option-to-tax-commercial-property-mechanics-election-revocation,post,body,9,4726,73,0,7.7,148,1,7.0,26,"VAT Option to Tax Commercial Property: Mechanics, Cooling-Off and Revocation"
/blog/property-types-and-specialist-tax/first-time-buyer-relief-benefits-and-eligibility-requirements,post,body,63,5000,219,0,9.9,0,0,0,0,"First-Time Buyer Relief: Benefits and Eligibility Requirements (Schedule 6ZA Deep-Dive on the FTB Definition, Joint Purchases, Shared Ownership, and the 2024 Bare-Trust Amendment)"
/blog/landlord-tax-essentials/lbtt-review-in-scotland,post,named,141,4548,187,0,6.9,16,0,6.7,9,LBTT Review in Scotland: Where the Tax Stands for 2026/27 After Four ADS Upratings and the SDLT MDR Abolition
/blog/property-finance/commercial-mortgages-guide,post,body,7,5180,188,0,61.4,0,0,0,0,Commercial Mortgages: The Complete UK Guide for Businesses and Investors
/blog/incorporation-and-company-structures/sdlt-six-dwellings-non-residential-election,post,named,52,3476,186,2,6.7,0,0,0,0,SDLT Six-Dwellings Rule: Automatic Non-Residential Treatment and Worked Saving
/blog/landlord-tax-essentials/declaration-of-trust-property-beneficial-ownership-mechanics-evidence-form-17,post,body,36,4478,137,0,9.0,45,2,6.2,28,"Declaration of Trust on Property: Beneficial Ownership, Drafting, and Evidence for Form 17"
/blog/landlord-tax-essentials/ltt-higher-rates-for-spouses-minor-children-and-trust-interests,post,named,42,5222,181,1,9.0,0,0,0,0,"Welsh LTT Higher Rates for Spouses, Minor Children and Trust Interests: How Attribution Decides Whether Your Purchase is Caught"
/,hub,body,18,8332,175,11,12.7,6,1,2.8,6,Property Accountants UK | Specialist Landlord Tax Advice
/blog/incorporation-and-company-structures/togc-vat-property-letting-business,post,body,27,3264,90,0,8.5,90,3,6.2,40,TOGC and VAT on Property Letting Businesses: Conditions and Pitfalls
/blog/property-types-and-specialist-tax/applicable-sdlt-rates-for-first-time-buyers,post,named,74,4428,111,0,8.3,67,1,7.2,42,"Applicable SDLT Rates for First-Time Buyers: Current Thresholds, 1 April 2025 Reversion, and How the Relief Maps Onto the Standard Rate Table"
/blog/incorporation-and-company-structures/when-does-hmrc-accept-rental-property-incorporation-business,post,body,36,4343,178,5,7.1,0,0,0,0,When Does HMRC Accept Rental Property Incorporation as a Business?
/blog/capital-gains-tax/cgt-divorce-property-transfer-tax-implications,post,body,26,5449,159,3,9.6,7,0,4.7,3,CGT on Property Transfers in Divorce: Post-2023 Statutory Window Guide
/blog/capital-gains-tax/cgt-property-sold-loss-claim-capital-losses,post,body,7,5878,48,0,9.8,116,13,5.5,83,Claiming a Capital Loss on a UK Property Sale: 2026/27 Landlord Guide
/blog/incorporation-and-company-structures/sdlt-bewley-uninhabitable-property-test-non-residential-rates-landlords,post,named,52,5529,162,1,8.3,0,0,0,0,"SDLT Bewley Uninhabitable Test: How Narrow Is It After Hyman, Mudan, MHB, Brown?"
/blog/incorporation-and-company-structures/a-complete-guide-to-family-investment-companies-fics,post,body,6,4655,161,0,9.8,0,0,0,0,A Complete Guide to Family Investment Companies (FICs): What UK Property Owners Need to Know
/blog/landlord-tax-essentials/second-home-sdlt-additional-dwellings-surcharge-joint-owners-spouse-aggregation-rules,post,named,54,4232,161,0,8.4,0,0,0,0,SDLT Additional Dwellings Surcharge: Joint Buyers and the Spousal Aggregation Rule
/blog/landlord-tax-essentials/sdlt-5-percent-surcharge-refund-claim-process,post,named,48,4141,60,1,8.5,95,5,5.6,54,How to Claim a Refund of the 5% SDLT Additional Dwellings Surcharge
/blog/landlord-tax-essentials/unmarried-co-owners-property-tax-rental-income-split-actual-beneficial-share,post,body,17,4498,154,2,8.4,0,0,0,0,Unmarried Co-Owners and UK Property Tax: The Actual Beneficial Share Rule
/services/landlord-accountant,hub,body,12,8442,151,0,66.9,0,0,0,0,Landlord Accountant | Accountants for Landlords &amp; Buy to Let | Property Tax Partners
/blog/property-types-and-specialist-tax/first-time-buyer-relief-overcome-down-payment,post,named,90,4579,149,0,23.6,0,0,0,0,"First-Time Buyer Relief and the Deposit Challenge: How SDLT Savings Free Up Down-Payment Cash, and Where They Stop"
/blog/incorporation-and-company-structures/ated-15-percent-flat-rate-sdlt-interaction,post,named,68,3882,148,1,5.8,0,0,0.0,0,ATED and the 17% Flat-Rate SDLT: How the Two Charges Interact
/property-tax-rates,hub,body,27,2589,47,0,13.3,101,3,4.6,59,UK Property Tax Rates 2026/27 | Landlord Tax Reference | Property Tax Partners
/blog/portfolio-management/btl-investment-plymouth-cardiff-landlord-hotspots,post,body,29,4611,147,1,15.6,0,0,0,0,Plymouth vs Cardiff: The After-Tax BTL Yield Comparison Most Hotspot Pages Skip
/blog/incorporation-and-company-structures/mvl-members-voluntary-liquidation-property-company-cgt-vs-income-treatment,post,body,14,6201,147,4,9.7,0,0,0,0,Members' Voluntary Liquidation for a Property Company: CGT vs Income Treatment on the Final Distribution
/blog/property-types-and-specialist-tax/welsh-ltt-derelict-uninhabitable-property-refund-relief-claim-mechanics,post,named,18,4903,145,0,7.1,0,0,0,0,Welsh LTT Refunds for Derelict and Uninhabitable Properties: The Claim Pathway
/services/property-tax-advice,hub,body,20,7932,145,0,73.2,0,0,0,0,Property Tax Advice from Specialist Advisors | Property Tax Partners
/blog/capital-gains-tax/cgt-calculation-selling-buy-to-let-property-step-by-step,post,body,8,4060,32,0,12.3,112,18,3.6,71,How CGT Is Calculated on a Buy-to-Let Sale: Step-by-Step Worked Examples
/blog/landlord-tax-essentials/scottish-lbtt-first-time-buyer-relief-eligibility-mechanics,post,named,54,4395,142,0,7.8,0,0,0,0,"Scottish LBTT First-Time Buyer Relief: £175,000 Nil-Band with No Upper Value Cap"
/blog/capital-gains-tax/cgt-property-transfer-limited-company-calculate,post,body,23,3721,140,1,6.8,0,0,0,0,CGT on Property Transfer to Limited Company: How to Calculate
/blog/incorporation-and-company-structures/incorporating-property-portfolio-uk-2026,post,body,43,4066,135,0,28.4,5,2,1.0,3,Incorporating a Property Portfolio UK: Step-by-Step 2026 Guide
/blog/incorporation-and-company-structures/ated-rental-property-relief-mechanics,post,body,6,3551,139,0,6.6,0,0,0,0,"ATED Rental Property Relief: Mechanics, Connected-Person Test, and Voids"
/blog/landlord-tax-essentials/joint-tenants-vs-tenants-in-common-property-tax-consequences-uk-landlords,post,body,18,4543,98,1,11.7,37,1,5.8,17,Joint Tenants vs Tenants in Common: Tax Consequences for UK Landlords
/blog/capital-gains-tax/inheriting-uk-rental-property-executors-step-by-step,post,body,19,5602,132,3,10.2,0,0,0,0,Inheriting a UK Rental Property: An Executor's Step-by-Step Guide
/blog/landlord-tax-essentials/sdlt-buy-to-let-rates-surcharge-guide-2025,post,named,68,3482,95,0,7.1,35,1,5.2,28,SDLT Rates for Buy-to-Let and Limited Companies: 2026/27 Guide
/blog/capital-gains-tax/cgt-selling-buy-to-let-property-calculation-guide,post,body,8,3191,71,1,24.2,58,6,4.9,45,How Is CGT Calculated When Selling a Buy-to-Let Property? Step-by-Step Guide
/blog/landlord-tax-essentials/ltt-refunds-for-derelict-or-uninhabitable-properties,post,named,21,5419,126,2,8.4,0,0,0,0,Welsh LTT Refunds for Derelict or Uninhabitable Properties: The Pre-Purchase Classification Decision Under LTTA 2017 s.72
/section-24,hub,body,12,8234,125,2,17.8,0,0,0,0,Section 24 Explained: Mortgage Interest Relief for Landlords | Property Tax Partners
/blog/capital-gains-tax/cgt-inherited-rental-property-calculation-uk,post,body,7,5446,105,1,6.8,19,1,4.7,10,CGT on Inherited Rental Property: Death-Uplift Calculation Guide 2026/27
/blog/incorporation-and-company-structures/tax-efficient-property-investment-structure-guide,post,body,31,4082,115,0,40.6,2,0,5.5,2,Most Tax-Efficient Property Investment Structure 2026/27 (UK Landlord Decision Guide)
/blog/property-types-and-specialist-tax/a-complete-guide-to-stamp-duty-relief-for-probate-properties,post,named,77,5683,115,3,8.8,0,0,0,0,"A Complete Guide to Stamp Duty Reliefs for Probate Properties: Exemptions, Reliefs, and the Schedule 4ZA Inherited-Interest Carve-Out"
/blog/incorporation-and-company-structures/sdlt-divorce-separation-transfer-relief-schedule-3-paragraph-3-fa-2003,post,named,71,5847,114,1,7.5,0,0,0,0,SDLT Divorce Transfer Relief: FA 2003 Sch 3 para 3 with CGT s.58/s.225B
/blog/property-accountant-services/property-accountant-milton-keynes-landlord-guide,post,body,11,5086,113,0,9.3,0,0,0,0,Property Accountant Milton Keynes: BTL + HMO Tax Services
/blog/portfolio-management/property-investment-benchmarks-uk-2026-good-yield,post,body,5,3754,41,0,6.0,72,5,4.1,55,What's a Good Property Investment Yield in the UK for 2026?
/blog/capital-gains-tax/cgt-selling-multiple-properties-same-year,post,body,5,3522,112,2,6.9,0,0,0,0,CGT When Selling Multiple Properties in the Same Year
/blog/portfolio-management/multi-property-landlord-tax-planning-strategies-5-plus-properties,post,body,11,3407,111,0,13.8,0,0,0,0,How Should Multi-Property Landlords Structure Tax Planning for 5+ Properties?
/blog/non-resident-landlord-tax/returning-to-uk-after-non-residence-property-portfolio,post,body,9,5471,111,8,9.5,0,0,0,0,Returning to the UK After Non-Residence: The Property Portfolio Pathway
/calculators,hub,body,28,2106,110,0,61.7,0,0,0,0,"Free Property Tax Calculators | SDLT, CGT, Section 24, Incorporation &amp; MTD | Property Tax Partne"
/blog/property-types-and-specialist-tax/landlord-vat-recovery-professional-fees-capital-costs-commercial-property,post,body,9,5398,107,1,12.6,0,0,0,0,Landlord VAT Recovery on Commercial Property: Three-Step Framework Across the Lifecycle
/blog/property-types-and-specialist-tax/option-to-tax-vata-1994-schedule-10-commercial-property-20-year-lock,post,body,14,7044,102,0,7.3,0,0,0,0,Option to Tax Commercial Property: VATA 1994 Schedule 10 Framework and the 20-Year Lock
/blog/non-resident-landlord-tax/uk-jersey-guernsey-isle-of-man-dtas-property-investors,post,body,19,7116,97,2,9.7,5,1,6.0,5,"UK-Jersey, UK-Guernsey, and UK-Isle of Man DTAs: The End of the Crown Dependency Shelter for UK Property Investors"
/blog/landlord-tax-essentials/understanding-alternative-finance-arrangements-under-lbtt,post,named,106,5437,101,0,8.9,0,0,0,0,"Understanding Alternative Finance Arrangements Under LBTT: Ijara, Diminishing Musharaka, and Murabaha Relief Under Schedule 7"
/blog/property-accountant-services/belfast-property-accountant-specialist-tax-services,post,body,13,2448,99,4,19.2,0,0,0,0,Belfast Property Accountant: Specialist Landlord Tax Services
/blog/capital-gains-tax/cgt-record-keeping-property-sales-what-to-save-how-long,post,body,10,3396,99,1,7.6,0,0,0,0,CGT Record Keeping for Property Sales: What to Save and for How Long?
/blog/incorporation-and-company-structures/limited-company-vs-personal-ownership-tax-comparison-2026,post,body,13,3546,91,0,3.7,0,0,0,0,Limited Company vs Personal Ownership: UK Property Tax Comparison 2026
/blog/property-accountant-services/property-accountant-bournemouth-landlords-tax-services,post,body,22,3391,89,0,23.6,0,0,0,0,Property Accountant Bournemouth: BTL & Student-Let Tax for BCP Landlords 2026/27
/blog/property-types-and-specialist-tax/multiple-dwellings-relief,post,named,177,6878,70,0,7.7,14,0,5.6,10,Multiple Dwellings Relief: The Three-Jurisdiction Position After the 1 June 2024 SDLT Abolition (England and Northern Ireland Repealed; Scottish LBTT MDR and Welsh LTT MDR Still Live)
/blog/incorporation-and-company-structures/partnership-partnership-agreement-roles-types-benefits,post,body,6,5332,83,0,8.5,0,0,0,0,"Partnership and Partnership Agreement: Roles, Types and Benefits for UK Property Partnerships (2026/27)"
/blog/landlord-tax-essentials/putting-a-rental-property-into-a-trust,post,body,23,5326,80,0,13.5,0,0,0.0,0,Putting a Rental Property Into a Trust: UK Landlord Guide
/blog/incorporation-and-company-structures/trust-registration-service-trs-compliance-trust-owned-btl-mlr-2017,post,body,5,6008,80,1,9.2,0,0,0,0,Trust Registration Service Compliance for Trust-Owned BTL: MLR 2017 Reg 45
/blog/property-accountant-services/what-does-a-property-accountant-do,post,body,14,4809,80,1,16.1,0,0,0,0,What Does a Property Accountant Do? Services and Scope for UK Landlords
/blog/incorporation-and-company-structures/companies-house-changes-limited-partnership-requirements,post,body,6,4218,79,0,10.2,0,0,0,0,Companies House Changes for Limited Partnerships: ECCTA 2023 Part 2 Reforms to the Limited Partnerships Act 1907
/blog/incorporation-and-company-structures/types-of-property-company-structure-uk-guide,post,body,17,4588,0,0,0,79,6,4.9,51,Which Types of Property Company Structure Are Available in the UK?
/blog/landlord-tax-essentials/landlord-tax-changes-2026-complete-guide,post,body,19,5202,68,0,20.6,9,0,5.1,7,What Are the Major UK Landlord Tax Changes for 2026 and 2027?
/blog/property-accountant-services/liverpool-property-accountant-tax-services-landlords,post,body,5,3915,77,0,15.8,0,0,0,0,Property Accountants Liverpool: Landlord Tax Services & Section 24 Help
/blog/property-types-and-specialist-tax/lease-extension-vs-freehold-purchase,post,body,34,4833,74,0,8.9,0,0,0,0,Lease Extension vs Freehold Purchase: The Decision-Architecture for Leaseholders of Houses and Flats Under the Post-LFRA-2024 Statutory Regime
/blog/portfolio-management/how-to-scale-buy-to-let-portfolio-1-to-10-properties,post,body,7,3442,71,1,48.2,0,0,0,0,How to Scale a Buy-to-Let Portfolio from 1 to 10 Properties in 2026
/blog/property-types-and-specialist-tax/free-rental-valuation,post,body,17,2924,70,0,7.6,0,0,0,0,"Free Rental Valuation: What It Actually Is, When It Is Tax-Defensible, and the Eight Use-Cases Where a RICS Red Book Valuation Is Required Instead"
/blog/property-accountant-services/property-accountant-salary-complete-guide,post,body,6,3858,70,0,9.9,0,0,0,0,Property Accountant Salary: Complete UK Career Guide
/blog/landlord-tax-essentials/welsh-ltt-first-time-buyer-relief-mechanics-eligibility-comparison-england-scotland,post,named,32,4858,70,0,4.8,0,0,0,0,Welsh LTT for First-Time Buyers 2026/27: No Separate Relief and Why It Works
/blog/property-types-and-specialist-tax/archer-uk-limited-vs-revenue-scotland-ftt-rules-no-lbtt-charge-for-lease-extension-granted-under-sdlt,post,named,132,4468,69,0,6.6,0,0,0,0,Archer (UK) Limited v Revenue Scotland [2025] FTSTC 10: Why a Post-2015 Extension of a Pre-2015 Scottish Lease Did Not Trigger LBTT
/blog/property-types-and-specialist-tax/structures-and-buildings-allowance-sba-3-percent-claim-mechanics-fa-2018-onward,post,body,6,5515,68,0,7.8,0,0,0,0,Structures and Buildings Allowance (SBA) 2026/27: The 3% Straight-Line Claim Mechanics Under CAA 2001 Part 2A
/blog/capital-gains-tax/cgt-deferral-strategies-property-investors-uk,post,body,5,6219,0,0,0,66,2,6.3,39,CGT Deferral for UK Property Investors: 2026/27 Mechanics Guide
/blog/property-accountant-services/peterborough-property-accountant-specialist-tax-services,post,body,7,3980,65,0,22.3,0,0,0,0,Why Do Peterborough Landlords Need a Specialist Property Accountant?
/blog/landlord-tax-essentials/jointly-owned-property,post,body,14,3706,64,0,10.9,0,0,0,0,Jointly Owned Property: UK Cross-Tax Orientation Guide
/blog/incorporation-and-company-structures/corporation-tax-vs-income-tax-landlords-2027,post,body,8,4070,63,0,55.6,0,0,0,0,Corporation Tax vs Income Tax for Landlords: Which Is Better in 2027?
/blog/incorporation-and-company-structures/ated-six-step-compliance-walkthrough-uk-non-natural-persons,post,body,5,3926,61,0,10.4,0,0,0,0,ATED Compliance in Six Steps: a First-Time Filer Walkthrough for UK Non-Natural Persons
/blog/non-resident-landlord-tax/sdlt-non-resident-2-percent-surcharge,post,named,62,3641,59,1,9.3,2,0,7.0,2,"The 2% Non-Resident SDLT Surcharge: Residence Test, Surcharge Stack, and Refund Route"
/blog/incorporation-and-company-structures/section-162-incorporation-relief-property-landlords,post,body,32,3920,61,1,12.8,0,0,0,0,Does Section 162 Incorporation Relief Apply to Property Landlords?
/blog/property-accountant-services/property-accountant-glasgow,post,body,28,3556,60,0,9.7,0,0,0,0,Property Accountant Glasgow: Tax Specialists for Scottish Landlords
/blog/property-types-and-specialist-tax/a-complete-guide-on-multiple-dwellings-relief-eligibility-and-benefits,post,body,34,5219,57,1,14.1,0,0,0,0,A Complete Guide on Multiple Dwellings Relief: Eligibility and Benefits (Historical Architecture for Transitional Claims and Enquiry Defence)
/blog/property-types-and-specialist-tax/commonhold-and-leasehold-reform-bill,post,body,16,5363,56,1,10.0,1,0,1.0,1,"The Commonhold and Leasehold Reform Bill: Landlord Investment Impact, Live Pipeline Status and What Is Already in Force"
/blog/property-accountant-services/why-cardiff-landlords-need-specialist-property-accountant-2026,post,body,13,2802,56,0,23.4,0,0,0,0,Why Cardiff Landlords Need a Specialist Property Accountant in 2026
/blog/section-24-and-tax-relief/section-24-vs-incorporation-which-saves-more-tax,post,body,13,3962,55,0,8.6,0,0,0,0,Section 24 vs. Incorporation: Which Saves More Tax for UK Landlords?
/blog/property-types-and-specialist-tax/annual-tax-on-enveloped-dwellings-pro-and-cons,post,body,21,5045,54,3,18.9,0,0,0,0,Annual Tax on Enveloped Dwellings: An Honest Pros and Cons Walkthrough for Landlords
/blog/incorporation-and-company-structures/a-complete-guide-on-incorporating-a-company-in-uk,post,body,10,4890,53,0,8.4,0,0,0,0,A Complete Guide on Incorporating a Company in the UK: Companies House Mechanics for Property Landlords (Post-ECCTA 2023)
/blog/property-types-and-specialist-tax/abolishment-of-multiple-dwelling-relief,post,body,53,4603,53,0,5.4,0,0,0,0,Abolishment of Multiple Dwelling Relief: What Changed on 1 June 2024 and Who Is Affected
/blog/making-tax-digital-mtd/government-to-implement-mtd-for-it-with-lower-threshold,post,body,5,4774,53,0,7.2,0,0,0,0,"Government to Implement MTD for IT With Lower £20,000 Threshold: What the Phase-3 Mandate Means for UK Landlords"
/blog/landlord-tax-essentials/iht-clt-property-discretionary-trust-20-percent-entry-charge,post,body,17,5875,53,0,9.2,0,0,0,0,Settling Property into a Discretionary Trust: The 20% Entry IHT
/blog/landlord-tax-essentials/abolition-of-furnished-holiday-lettings-fhl-what-individual-owners-needs-to-know,post,body,29,5348,36,0,8.0,16,3,6.4,10,Abolition of Furnished Holiday Lettings (FHL): What Individual Owners Need to Know
/blog/incorporation-and-company-structures/grob-s102-family-home-shared-occupation-s102b-uk-mechanics,post,body,10,7106,52,0,7.0,0,0,0,0,Family-Home GROB: the s.102B Shared-Occupation Carve-Out
/blog/incorporation-and-company-structures/residential-property-developer-tax-uk,post,body,15,3404,52,0,30.4,0,0,0,0,Residential Property Developer Tax UK: Complete Guide for 2026
/blog/landlord-tax-essentials/sdlt-mixed-use-property-classification,post,named,39,3672,52,1,6.6,0,0,0,0,"SDLT Mixed-Use Property Classification: The Case Law, the Test, and What Actually Counts"
/blog/property-accountant-services/why-southampton-landlords-need-property-accountant,post,body,7,2602,52,0,25.8,0,0,0,0,"Property Accountant Southampton: BTL Tax, Section 24, MTD & HMOs"
/blog/landlord-tax-essentials/declaration-of-trust,post,body,24,5236,51,0,41.5,0,0,0,0,"Declaration of Trust on Property: What It Is, When You Need One, How It Works"
/blog/non-resident-landlord-tax/tax-treaties-property-investors-treaty-framework-guide,post,body,7,5303,51,0,9.7,0,0,0,0,UK Tax Treaties for Property Investors: The Framework Guide
/blog/non-resident-landlord-tax/uk-india-dta-property-rental-income-treatment,post,body,6,4889,51,1,7.7,0,0,0,0,"UK-India Tax Treaty for Property Investors: The 1993 Treaty, NRI Landlords, and the UK NRCGT Override"
/blog/property-types-and-specialist-tax/is-increasing-council-tax-damaging-the-housing-market,post,body,6,4142,48,2,10.1,2,0,2.5,2,Is Increasing Council Tax Damaging the UK Housing Market? A Policy-and-Mechanics Analysis
/blog/incorporation-and-company-structures/fic-complete-guide-property-wealth-transfer,post,body,10,3872,49,0,14,0,0,0,0,FIC for Property: The Comprehensive Wealth-Transfer Reference
/blog/capital-gains-tax/gifting-property-and-deed-of-gift-tax-implications,post,named,32,5118,49,0,13.1,0,0,0,0,"Gifting Property and Deed of Gift: CGT, IHT, SDLT and the Tax Traps (2026)"
/blog/incorporation-and-company-structures/landlord-incorporation-step-by-step-guide-uk,post,body,24,4429,48,0,74.6,1,0,12.0,1,Landlord Incorporation: Step-by-Step Guide UK
/blog/property-accountant-services/property-accountant-edinburgh-landlord-tax-services,post,body,16,2967,49,1,11.1,0,0,0,0,Why Edinburgh Landlords Need a Specialist Property Accountant in 2026
/blog/portfolio-management/portfolio-landlord-tax-planning-strategy-guide,post,body,23,6850,48,0,10.6,0,0,0,0,Portfolio Landlord Tax Planning: The Strategy Guide
/blog/incorporation-and-company-structures/sipp-ssas-commercial-property-purchase-mechanics-landlord-pension-fund,post,body,11,5830,48,0,8.3,0,0,0,0,SIPP and SSAS Commercial Property Purchase: FA 2004 Sch 29A Mechanics
/blog/incorporation-and-company-structures/welsh-ltt-multiple-dwellings-relief-bulk-purchases-mechanics-survives-vs-sdlt-abolition,post,named,46,4800,48,0,12.1,0,0,0,0,"Welsh LTT Multiple Dwellings Relief: Mechanics, the 2025 Carve-Out and the 2026 Minimum-Rate Floor"
/blog/incorporation-and-company-structures/property-partnership-trading-investment-jv-developer-structures-sch-15-sdlt-interaction,post,named,39,4146,46,0,9.2,0,0,0,0,Property Partnership Trading vs Investment: JV Developer Structures and the FA 2003 Sch 15 SDLT Interaction
/blog/property-types-and-specialist-tax/ated-relief-for-related-persons-and-market-rent-a-complete-guide,post,body,11,5716,45,0,7.0,0,0,0,0,ATED Relief for Related Persons and Market Rent: When Does Paying Market Rent Unlock the Rental Relief and When Does s.136 Block It Regardless
/blog/landlord-tax-essentials/property-investment-vs-stocks-shares-tax-comparison,post,body,16,4641,45,0,5.9,0,0,0,0,Property Investment vs Stocks and Shares: Which Is Better for Tax?
/blog/landlord-tax-essentials/bare-trusts-and-lbtt-relief-availability,post,named,64,4294,43,0,6.7,0,0,0,0,Bare Trusts and LBTT: How Relief Availability Flows Through the Trust to the Beneficiary
/blog/incorporation-and-company-structures/scottish-lbtt-corporate-buyer-15-percent-flat-rate-or-ads-pathway-decision,post,named,107,4700,43,1,7.8,0,0,0,0,"Scottish LBTT for Corporate Buyers: No 15% Flat Rate, ADS on Every Purchase, Six-Dwellings Non-Residential Route"
/blog/incorporation-and-company-structures/eligible-groups-for-group-relief-under-uk-corporation-tax,post,body,23,5524,41,1,11.5,0,0,0,0,"Eligible Groups for Group Relief Under UK Corporation Tax: The 75% Subsidiary Test, Sch 18 Equity-Holder Overlay, and Consortium Relief"
/blog/landlord-tax-essentials/ltt-calculator,post,named,29,4446,41,0,8.9,0,0,0,0,Welsh LTT Calculator: A Step-by-Step Walkthrough of Land Transaction Tax for 2026/27 Purchases
/blog/property-accountant-services/property-accountant-swansea-landlord-tax-services,post,body,11,2366,41,1,24.1,0,0,0,0,Why Do Swansea Landlords Need a Specialist Property Accountant?
/blog/incorporation-and-company-structures/sdlt-sub-sale-relief-mechanics,post,named,80,3504,32,0,8.2,9,0,4.8,4,SDLT Sub-Sale Relief: What It Actually Does (and the Incorporation Myth)
/blog/incorporation-and-company-structures/when-does-property-holding-company-structure-make-sense-uk-landlords,post,body,18,4263,40,0,12.6,0,0,0,0,When Does a Property Holding Company Structure Make Sense for UK Landlords?
/blog/section-24-and-tax-relief/buy-to-let-refinancing-when-does-it-make-sense,post,body,6,3602,39,2,5.2,0,0,0,0,Buy-to-Let Refinancing: When Does It Make Sense?
/blog/incorporation-and-company-structures/does-your-business-qualify-as-a-partnership,post,body,35,5080,38,0,7.9,0,0,0,0,Does Your Property Business Qualify as a Partnership? Partnership Act 1890 vs Co-Ownership for Landlords
/blog/property-types-and-specialist-tax/horton-hall-sdlt-case-residential-vs-non-residential-dispute,post,named,60,5498,37,4,5.3,0,0,0,0,White & Kane v HMRC (the 'Horton Hall' SDLT Case): How the FTT Drew the Residential / Non-Residential Boundary on a Staffordshire Country Estate
/blog/property-types-and-specialist-tax/a-short-guide-planning-permission-in-uk,post,body,18,4226,36,1,8.9,0,0,0,0,Planning Permission for Landlords: The Tax-Aware Short Guide
/blog/portfolio-management/buy-to-let-market-sees-record-high-returns,post,body,33,3815,36,0,9.4,0,0,0,0,BTL Returns Hit Record High: What the Headlines Leave Out
/blog/property-types-and-specialist-tax/contaminated-land-remediation-and-risk-assessment,post,body,12,5793,36,0,7.7,0,0,0,0,"Contaminated Land Remediation and Risk Assessment: The ATED Relief Architecture for Contaminated Dwellings, the LRR Financial Relief Cross-Reference, and the Source-Pathway-Receptor Risk-Assessment Precondition"
/blog/incorporation-and-company-structures/incorporation-holdover-relief-property,post,body,10,3761,36,0,4.7,0,0,0,0,"Holdover Relief on Property: Incorporation, Gifts and Trusts Explained"
/blog/incorporation-and-company-structures/ated-mixed-use-property-apportionment-treatment,post,body,27,4938,34,0,8,0,0,0,0,"ATED and Mixed-Use Property: Apportionment, the £500,000 Boundary and the Just-and-Reasonable Test"
/blog/landlord-tax-essentials/civil-partnerships-joint-property-ownership-tax-treatment-form-17-equality,post,body,14,4942,34,0,10.2,0,0,0,0,"Civil Partnerships and Jointly Owned Property: Form 17, CGT, IHT, and the Equality Rule"
/blog/property-accountant-services/derby-property-accountant-specialist-tax-services-local-landlords,post,body,11,3702,34,1,24.6,0,0,0,0,Landlord Accountant Derby: Property Tax for Local Investors
/blog/incorporation-and-company-structures/family-investment-company-property-worth-it,post,body,20,3803,34,0,7.1,0,0,0,0,Family Investment Company for Property: Is It Worth It?
/blog/portfolio-management/what-is-good-gross-yield-buy-to-let-property-2026,post,body,7,3708,34,0,9.4,0,0,0,0,What Is a Good Gross Yield for a Buy-to-Let Property in 2026?
/blog/property-finance/day-one-remortgage-limited-company,post,body,16,3965,33,1,6.2,0,0,0,0,Day-One Remortgage Into a Limited Company: The 6-Month Rule Waived
/blog/property-types-and-specialist-tax/section-24-commercial-property-complete-guide,post,body,6,4030,32,1,5.8,0,0,0,0,Does Section 24 Apply to Commercial Property? Complete Guide for UK Landlords
/blog/property-types-and-specialist-tax/a-complete-guide-to-5-sdlt-surcharge-refund-claims,post,named,43,5719,30,0,6.2,0,0,0,0,"A Complete Guide to 5% SDLT Surcharge Refund Claims: Every Route, Every Deadline, Every Failure Mode"
/blog/property-types-and-specialist-tax/impact-of-fhl-tax-abolition-on-pension-contributions-key-insights-strategies,post,body,8,4813,30,0,5.9,0,0,0,0,Impact of FHL Tax Abolition on Pension Contributions: Key Insights and Strategies
/blog/incorporation-and-company-structures/transferring-fhl-portfolio-to-limited-company,post,body,14,3957,30,3,8.1,0,0,0,0,Transferring a Former FHL Portfolio to a Limited Company: The Post-Abolition Decision
/blog/property-types-and-specialist-tax/abolition-of-multiple-dwellings-relief-mdr-raises-concerns,post,body,46,4633,29,0,15.5,0,0,0,0,Abolition of Multiple Dwellings Relief: The Concerns That Were Raised and What Actually Happened
/blog/landlord-tax-essentials/deposit-buy-to-let-2026-mortgage-requirements,post,body,16,3163,29,0,9.3,0,0,0,0,How Much Deposit Do You Need for a Buy-to-Let in 2026?
/blog/incorporation-and-company-structures/incorporating-an-hmo-into-a-limited-company-pros-and-cons,post,body,33,5377,29,0,8.2,0,0,0,0,Incorporating an HMO into a Limited Company: Pros and Cons for UK Landlords (2026/27 Decision Guide)
/blog/property-types-and-specialist-tax/sdlt-additional-property-surcharge-refund-routes-3-year-replacement-claim,post,named,51,5606,29,0,6.9,0,0,0,0,"SDLT 5% Surcharge Refund Routes: 3-Year Replacement Window, Edge Cases, and the Para 3(7A)(b) Extension"
/blog/incorporation-and-company-structures/2027-tax-rates-incorporation-decision-uk-landlords,post,body,13,3905,28,0,19.6,0,0,0,0,2027 Tax Rates and the Incorporation Decision for UK Landlords
/blog/incorporation-and-company-structures/llp-property-investment-worth-considering,post,body,11,4689,28,1,6.8,0,0,0,0,LLP for Property Investment: Is It Worth Considering?
/blog/incorporation-and-company-structures/incorporating-hmo-portfolio-to-limited-company,post,body,9,4327,26,0,7.6,0,0,0,0,"Incorporating an HMO Portfolio into a Limited Company: Capital Allowances, Licensing and Mortgage Mechanics"
/blog/non-resident-landlord-tax/moving-to-dubai-uk-rental-property-tax-pathway,post,body,8,4178,26,1,5.7,0,0,0,0,Moving to Dubai with a UK Rental Property: The Tax Pathway
/blog/portfolio-management/property-investment-exit-strategy-planning-guide,post,body,10,3963,25,1,18.6,0,0,0,0,Property Investment Exit Strategy: Planning the Sale of a UK Portfolio
/blog/property-accountant-services/cambridge-property-accountant-landlord-tax-services,post,body,5,2123,24,0,37.4,0,0,0,0,Cambridge Property Accountant for Landlords: Tax Services Guide
/blog/incorporation-and-company-structures/incorporation-case-study-10-property-portfolio-200k-mortgage,post,body,29,4273,24,0,7.4,0,0,0,0,Incorporation Case Study: 10-Property Portfolio with £200k Mortgage
/blog/incorporation-and-company-structures/starting-property-business-sole-trader-vs-ltd-vs-partnership,post,body,27,4697,24,0,7.8,0,0,0,0,Starting a Property Business: Personal Ownership vs Limited Company vs Partnership
/blog/landlord-tax-essentials/case-laws,post,body,21,4024,23,0,5.3,0,0,0,0,UK Property Tax Case Laws: Grouped by the Tax Question They Decide
/blog/property-types-and-specialist-tax/big-tax-changes-ahead-for-furnished-holiday-lettings,post,body,20,5142,22,0,10.9,0,0,0,0,Big Tax Changes Ahead for Furnished Holiday Lettings
/blog/property-types-and-specialist-tax/ftt-confirms-residential-sdlt-rates-for-leasehold-with-garden-easement,post,named,54,4646,22,0,8.0,0,0,0,0,Bonsu v HMRC: FTT Confirms Residential SDLT Rates for a Leasehold Flat With a Communal Garden Easement
/blog/property-accountant-services/buy-to-let-accountants-near-me-guide,post,body,11,3578,21,0,7.4,0,0,0,0,How to Choose a Buy-to-Let Accountant Near You (UK 2026)
/blog/incorporation-and-company-structures/corporate-tax-planning-strategies-for-uk-clients,post,body,7,4340,21,0,7,0,0,0.0,0,Corporate Tax Planning Strategies for UK Property Companies: A Seven-Lever Map for 2026/27
/blog/property-types-and-specialist-tax/ftt-refuses-late-sdlt-appeal-where-appellants-chose-not-to-seek-professional-advice,post,named,56,5075,21,1,9.7,0,0,0,0,FTT Refuses Late SDLT Appeal Where Appellants Chose Not to Seek Professional Advice: Goonesena and the Martland Framework
/blog/property-accountant-services/swindon-property-accountant-specialist-tax-services,post,body,15,3663,21,0,39.0,0,0,0,0,Swindon Property Accountant: Specialist Landlord Tax Services
/blog/incorporation-and-company-structures/llp-and-taxation-benefits,post,body,15,4795,20,0,11.4,0,0,0,0,LLP and Taxation Benefits: The Honest UK-Property-Context Analysis (2026/27)
/blog/property-types-and-specialist-tax/averdieck-case-analysis-navigating-sdlt-and-public-rights-of-way,post,named,59,4541,19,0,5.5,0,0,0.0,0,Averdieck v HMRC [2022] TC 8623: Why a Public Right of Way Did Not Make a £3m Residential Property Mixed-Use for SDLT
/blog/property-accountant-services/property-accountant-jobs-uk,post,body,6,2975,19,0,17.2,0,0,0,0,Property Accountant Jobs UK: Career Guide for Tax Professionals (2026)
/blog/property-accountant-services/property-accountant-near-me,post,body,19,3818,19,0,25.3,0,0,0,0,Property Accountant Near Me: How UK Landlords Choose the Right Specialist
/blog/incorporation-and-company-structures/putting-rental-property-into-a-trust-decision-pillar-iht-cgt-sdlt-stack,post,named,48,7346,19,0,7.7,0,0,0,0,Putting Rental Property into a Trust: the Four-Vehicle Decision Pillar
/blog/section-24-and-tax-relief/section-24-higher-rate-taxpayers-2026,post,body,7,3384,19,0,6.8,0,0,0,0,How Section 24 Affects Higher-Rate Taxpayer Landlords in 2026
/blog/incorporation-and-company-structures/understanding-the-taxation-of-fhls-in-a-company,post,body,7,5002,19,0,8.4,0,0,0,0,Understanding the Taxation of FHLs in a Company
/blog/property-accountant-services/ipswich-property-accountant-tax-services-local-landlords,post,body,9,3599,18,0,7.7,0,0,0,0,Property Accountant Ipswich: Tax for Suffolk Landlords
/blog/incorporation-and-company-structures/limited-companies-and-btl-properties,post,body,10,5761,18,0,14.2,0,0,0,0,Limited Companies and BTL Properties: The Operational Handbook for Running a BTL LtdCo (2026/27)
/blog/property-accountant-services/property-management-accounting-services,post,body,17,4162,18,1,7.8,0,0,0,0,Property Management Accounting Services for UK Landlords
/blog/property-accountant-services/property-accountant-aberdeen-landlords-tax-services,post,body,18,2291,17,0,13.9,0,0,0,0,Property Accountant Aberdeen: Tax Services for Landlords
/blog/section-24-and-tax-relief/section-24-higher-rate-taxpayers-changes-2027,post,body,6,3990,17,1,16.1,0,0,0,0,Section 24 for Higher Rate Taxpayers: What the 42% Rate Means in 2027
/blog/incorporation-and-company-structures/ated-overview-companies-holding-uk-residential-property-2026-27,post,body,23,5025,16,0,7.6,0,0,0,0,ATED 2026/27: Strategic Overview for Companies Holding UK Residential Property
/blog/incorporation-and-company-structures/how-to-choose-right-property-company-structure-uk-landlords-2026,post,body,23,4331,16,0,6.4,0,0,0,0,How to Choose the Right Property Company Structure for UK Landlords in 2026
/blog/property-finance/bridging-finance-for-below-market-value,post,body,6,3803,15,0,22.1,0,0,0,0,Bridging Finance for a Below Market Value Purchase
/blog/property-accountant-services/change-landlord-accountants,post,body,6,3664,15,0,14.4,0,0,0,0,How to Change Landlord Accountants: The Operational Walk-Through
/blog/incorporation-and-company-structures/limited-companies,post,body,16,7024,15,0,5.5,0,0,0,0,Limited Companies for UK Property: The Complete Pillar Guide for Landlords (2026/27)
/blog/incorporation-and-company-structures/scottish-lbtt-bare-trust-acquisition-relief-corporate-restructuring-mechanics,post,named,138,5393,15,0,9.5,0,0,0,0,Scottish LBTT Bare Trust and Acquisition Relief: Two Reliefs for Corporate Restructure and Trustee Acquisitions
/blog/incorporation-and-company-structures/sdlt-linked-transactions-fa-2003-section-108-landlord-portfolio-acquisition,post,named,78,5607,15,0,7.9,0,0,0,0,SDLT Linked Transactions: FA 2003 s.108 for Landlord Portfolio Acquisitions
/blog/property-finance/financing-a-property-development-tax,post,body,5,3739,14,0,8.6,0,0,0,0,Financing a Property Development: How the Finance Is Taxed
/blog/incorporation-and-company-structures/2027-tax-rates-incorporation-decision-property-landlords,post,body,14,3094,13,0,5.3,0,0,0,0,2027 Tax Rates and the Incorporation Decision: A Quick Guide for Property Landlords
/blog/incorporation-and-company-structures/disadvantages-of-family-investment-companies-fics,post,body,24,6443,13,0,7.7,0,0,0,0,"Disadvantages of Family Investment Companies (FICs): The Complete UK Counter-List for Landlords, Family-Business Owners, and Estate-Planning Candidates"
/blog/landlord-tax-essentials/lbtt-acquisition-relief-when-corporate-takeovers-reduce-tax,post,named,103,4088,13,0,5.5,0,0,0,0,LBTT Acquisition Relief: When Corporate Takeovers Reduce the Scottish Property Tax Bill
/blog/property-accountant-services/property-accountant-reading-specialist-tax-services,post,body,8,2308,13,0,13.8,0,0,0,0,Property Accountant Reading: Specialist Tax Services for Landlords
/blog/capital-gains-tax/reduce-cgt-property-disposal-uk,post,body,5,5168,12,0,15.5,1,0,4.0,1,How to Reduce CGT on a UK Property Disposal: 2026/27 Landlord Guide
/blog/section-24-and-tax-relief/section-24-joint-property-ownership-tax-split,post,body,9,3972,13,0,5.5,0,0,0,0,Section 24 and Joint Property Ownership: How Is Tax Split?
/blog/incorporation-and-company-structures/can-uk-landlords-still-use-llp-to-reduce-tax,post,body,17,3976,12,0,6,0,0,0,0,Can a UK Landlord Still Use an LLP to Reduce Tax? The Honest Post-2024 Picture
/blog/property-finance/semi-commercial-mortgages,post,body,15,4109,12,0,31.1,0,0,0,0,Semi-Commercial Mortgages: Mixed-Use Property Finance in the UK
/blog/incorporation-and-company-structures/transfer-properties-to-company-phased-guide,post,body,21,4041,12,0,9,0,0,0,0,Transfer Properties to a Company in Phases: Landlord Guide
/blog/capital-gains-tax/cgt-property-transfer-spouse,post,named,40,5501,11,0,7,0,0,0,0,CGT on Property Transfers Between Spouses: s.58 Gateway + SDLT Trap
/blog/incorporation-and-company-structures/multi-company-group-extraction-spv-holding-co-dividend-conduit-mechanics,post,body,12,5935,10,0,7.8,0,0,0,0,Extracting Cash from a Property HoldCo Group: The Three Multi-Company Mechanics That Change the Maths
/blog/portfolio-management/property-portfolio-review-checklist-landlords-2026,post,body,10,3766,10,0,8.2,0,0,0,0,Property Portfolio Review: Annual Checklist for Landlords in 2026
/blog/incorporation-and-company-structures/transferring-a-business-out-of-a-company,post,body,26,7533,10,0,5.2,0,0,0,0,Transferring a Business Out of a UK Limited Company: The Honest Decision Frame for Property LtdCos (2026/27)
/blog/property-types-and-specialist-tax/first-time-buyer-relief-calculator,post,named,84,4038,9,0,7.7,0,0,0,0,"First-Time Buyer Relief Calculator: Worked SDLT Calculations Across the £300,000 Nil Band, the £500,000 Cliff, and the Joint-Purchase Trap"
/blog/property-accountant-services/property-accountant-stockport-landlords,post,body,13,3713,9,0,12.2,0,0,0,0,Property Accountant Stockport: Landlord Tax Guide
/blog/incorporation-and-company-structures/sole-trader-vs-partnership,post,body,26,5073,9,0,6.9,0,0,0,0,Sole Trader vs Partnership: The Honest Entity-Choice Comparison for UK Property Landlords (2026/27)
/blog/landlord-tax-essentials/iht-7-year-clock-property-gifting-mid-life-landlord-strategy,post,body,27,5947,8,0,5.8,0,0,0,0,The Mid-Life Property Gift Decision: 7-Year Clock vs Dry CGT
/blog/incorporation-and-company-structures/incorporation-timing-when-to-incorporate-property-portfolio,post,body,14,4312,8,0,76.8,0,0,0,0,Incorporation Timing: When is the Right Time to Incorporate Your Property Portfolio?
/blog/incorporation-and-company-structures/buy-to-let-limited-company-mortgage-options,post,body,7,3934,5,0,7.8,0,0,0,0,Buy-to-Let Limited Company Mortgage Options: SPV Lending Explained
/blog/property-accountant-services/how-to-choose-a-property-accountant,post,body,6,3610,5,0,6.6,0,0,0,0,How to Choose a Property Accountant: Complete Guide for UK Landlords
/blog/making-tax-digital-mtd/mtd-itsa-vs-limited-company-cohort-different-rules,post,body,9,3826,5,0,7,0,0,0,0,MTD ITSA vs Limited Company Landlords: How the Two Cohorts Are Treated Differently
/services/property-accountant,hub,body,12,8343,4,0,26,0,0,0,0,Property Accountant for UK Landlords and Investors | Property Tax Partners
/blog/landlord-tax-essentials/first-time-landlord-tax-guide-everything-you-need-to-know,post,body,25,4760,3,0,6,0,0,0.0,0,First-Time Landlord Tax Guide: Everything You Need to Know Before Buying Your First BTL
/blog/property-accountant-services/property-accountant-dundee-landlord-tax-services,post,body,16,2732,3,0,18,0,0,0,0,Why Dundee Landlords Need a Specialist Property Accountant in 2026
/blog/property-types-and-specialist-tax/sdlt-furnished-holiday-let-2025-abolition,post,named,65,3729,0,0,0,3,0,7.7,3,Stamp Duty on a Furnished Holiday Let After the 2025 FHL Abolition
/blog/section-24-and-tax-relief/section-24-tax-relief-complete-guide,post,body,6,3649,2,0,16.5,0,0,0,0,Section 24 Tax Relief for Landlords: Complete Guide
/blog/incorporation-and-company-structures/incorporation-case-study-5-property-portfolio-analysis,post,body,22,4348,1,0,10,0,0,0,0,Incorporation Case Study: 5-Property Portfolio Analysis
/blog/incorporation-and-company-structures/incorporation-cost-calculator-cgt-sdlt-implications,post,named,46,3954,1,0,7,0,0,0,0,Incorporation Cost Calculator: CGT and SDLT Implications for UK Landlords
/blog/capital-gains-tax/property-capital-gains-tax-calculator,post,body,13,2672,1,0,58,0,0,0.0,0,Property Capital Gains Tax Calculator: Complete Guide for UK Landlords
/blog/landlord-tax-essentials/end-tax-year-checklist-landlords-april-2026,post,body,5,5500,0,0,0,0,0,0,0,End of Tax Year Checklist for Landlords: What to Do Before 5 April 2026
/blog/incorporation-and-company-structures/incorporate-rental-property-without-cgt,post,body,35,4443,0,0,0,0,0,0,0,How to Incorporate Rental Property Without Triggering CGT
/blog/incorporation-and-company-structures/incorporation-existing-portfolios-phased-approach,post,body,31,4254,0,0,0,0,0,0,0,Incorporation for Existing Portfolios: A Phased Approach Guide
/blog/property-types-and-specialist-tax/lease-extension-cost-uk,post,body,11,4229,0,0,0,0,0,0,0,"Lease Extension Cost UK: Premium, Marriage Value and Fees (2026)"
/blog/property-types-and-specialist-tax/lease-extension-solicitor-what-they-do,post,body,6,4651,0,0,0,0,0,0,0,"Lease Extension Solicitor: What They Do, Step by Step"
/blog/property-types-and-specialist-tax/leasehold-reform-act-2024-what-is-in-force,post,body,6,4214,0,0,0,0,0,0,0,Leasehold and Freehold Reform Act 2024: What Is in Force
/blog/landlord-tax-essentials/property-investment-tax-uk-complete-guide-2026,post,body,21,4032,0,0,0,0,0,0,0,Property Investment Tax UK: Complete Guide 2026
/blog/landlord-tax-essentials/sdlt-refund-scams-how-to-avoid,post,named,52,3943,0,0,0,0,0,0,0,SDLT Refund Scams: How to Spot Them and What Real Refund Routes Actually Look Like
/blog/incorporation-and-company-structures/should-i-incorporate-buy-to-let-portfolio-2026,post,body,26,4184,0,0,0,0,0,0,0,Should I Incorporate My Buy-to-Let Portfolio in 2026?
/calculators/stamp-duty-calculator,tool,named,124,3003,0,0,0,0,0,0,0,Stamp Duty Calculator UK 2026: SDLT for Home Buyers and Landlords | Property Tax Partners
/incorporation,hub,body,65,5660,0,0,0,0,0,0,0,Should I Incorporate My Buy-to-Let? | CGT &amp; SDLT Cost Analysis | Property Tax Partners
