year,country,ua_county,application_count,,
2011,Confidentiality requested,Confidentiality requested,2031,,
2011,England,Bath and North East Somerset UA,328,,
2011,England,Bedford UA,343,,
2011,England,Blackburn with Darwen UA,270,,
2011,England,Blackpool UA,357,,
2011,England,"Bournemouth, Christchurch and Poole UA",907,,
2011,England,Bracknell Forest UA,286,,
2011,England,Brighton and Hove UA,528,,
2011,England,"Bristol, City of UA",763,,
2011,England,Buckinghamshire UA,1100,,
2011,England,Cambridgeshire,1318,,
2011,England,Central Bedfordshire UA,629,,
2011,England,Cheshire East UA,785,,
2011,England,Cheshire West and Chester UA,730,,
2011,England,Cornwall & Isles of Scilly,1286,,
2011,England,County Durham UA,868,,
2011,England,Cumberland UA,516,,
2011,England,Darlington UA,211,,
2011,England,Derby UA,501,,
2011,England,Derbyshire,1723,,
2011,England,Devon,1659,,
2011,England,Dorset UA,838,,
2011,England,East Riding of Yorkshire UA,708,,
2011,England,East Sussex,1164,,
2011,England,Essex,3044,,
2011,England,Gloucestershire,1328,,
2011,England,Greater Manchester (Met County),5184,,
2011,England,Halton UA,235,,
2011,England,Hampshire,3161,,
2011,England,Hartlepool UA,142,,
2011,England,"Herefordshire, County of UA",350,,
2011,England,Hertfordshire,2170,,
2011,England,Inner London,6140,,
2011,England,Isle of Wight UA,346,,
2011,England,Kent,3058,,
2011,England,"Kingston upon Hull, City of UA",505,,
2011,England,Lancashire,2478,,
2011,England,Leicester UA,542,,
2011,England,Leicestershire,1284,,
2011,England,Lincolnshire,1635,,
2011,England,Luton UA,395,,
2011,England,Medway UA,587,,
2011,England,Merseyside (Met County),2227,,
2011,England,Middlesbrough UA,272,,
2011,England,Milton Keynes UA,651,,
2011,England,Norfolk,1976,,
2011,England,North East Lincolnshire UA,286,,
2011,England,North Lincolnshire UA,414,,
2011,England,North Northamptonshire UA,706,,
2011,England,North Somerset UA,444,,
2011,England,North Yorkshire UA,1258,,
2011,England,Northumberland UA,577,,
2011,England,Nottingham UA,506,,
2011,England,Nottinghamshire,1730,,
2011,England,Outer London,9385,,
2011,England,Oxfordshire,1346,,
2011,England,Peterborough UA,447,,
2011,England,Plymouth UA,602,,
2011,England,Portsmouth UA,468,,
2011,England,Reading UA,351,,
2011,England,Redcar and Cleveland UA,281,,
2011,England,Rutland UA,87,,
2011,England,Shropshire UA,560,,
2011,England,Slough UA,332,,
2011,England,Somerset UA,1206,,
2011,England,South Gloucestershire UA,565,,
2011,England,South Yorkshire (Met County),2487,,
2011,England,Southampton UA,465,,
2011,England,Southend-on-Sea UA,370,,
2011,England,Staffordshire,1858,,
2011,England,Stockton-on-Tees UA,361,,
2011,England,Stoke-on-Trent UA,629,,
2011,England,Suffolk,1697,,
2011,England,Surrey,2224,,
2011,England,Swindon UA,543,,
2011,England,Telford and Wrekin UA,404,,
2011,England,Thurrock UA,367,,
2011,England,Torbay UA,347,,
2011,England,Tyne and Wear (Met County),2013,,
2011,England,Warrington UA,416,,
2011,England,Warwickshire,1168,,
2011,England,West Berkshire UA,342,,
2011,England,West Midlands (Met County),4936,,
2011,England,West Northamptonshire UA,903,,
2011,England,West Sussex,1779,,
2011,England,West Yorkshire (Met County),4607,,
2011,England,Westmorland and Furness UA,428,,
2011,England,Wiltshire UA,1070,,
2011,England,Windsor and Maidenhead UA,410,,
2011,England,Wokingham UA,307,,
2011,England,Worcestershire,1272,,
2011,England,York UA,380,,
2011,Invalid postcode or foreign,Invalid postcode or foreign,1641,,
2011,Unknown,Unknown,11397,,
2011,Wales,Blaenau Gwent,129,,
2011,Wales,Bridgend,290,,
2011,Wales,Caerphilly,375,,
2011,Wales,Cardiff,778,,
2011,Wales,Carmarthenshire,349,,
2011,Wales,Ceredigion,129,,
2011,Wales,Conwy,222,,
2011,Wales,Denbighshire,193,,
2011,Wales,Flintshire,325,,
2011,Wales,Gwynedd,174,,
2011,Wales,Isle of Anglesey,122,,
2011,Wales,Merthyr Tydfil,98,,
2011,Wales,Monmouthshire,199,,
2011,Wales,Neath Port Talbot,292,,
2011,Wales,Newport,289,,
2011,Wales,Pembrokeshire,232,,
2011,Wales,Powys,196,,
2011,Wales,Rhondda Cynon Taf,405,,
2011,Wales,Swansea,424,,
2011,Wales,Torfaen,237,,
2011,Wales,Vale of Glamorgan,251,,
2011,Wales,Wrexham,192,,
2012,Confidentiality requested,Confidentiality requested,2544,,
2012,England,Bath and North East Somerset UA,319,,
2012,England,Bedford UA,370,,
2012,England,Blackburn with Darwen UA,281,,
2012,England,Blackpool UA,319,,
2012,England,"Bournemouth, Christchurch and Poole UA",864,,
2012,England,Bracknell Forest UA,266,,
2012,England,Brighton and Hove UA,495,,
2012,England,"Bristol, City of UA",703,,
2012,England,Buckinghamshire UA,1058,,
2012,England,Cambridgeshire,1246,,
2012,England,Central Bedfordshire UA,598,,
2012,England,Cheshire East UA,846,,
2012,England,Cheshire West and Chester UA,679,,
2012,England,Cornwall & Isles of Scilly,1264,,
2012,England,County Durham UA,967,,
2012,England,Cumberland UA,487,,
2012,England,Darlington UA,250,,
2012,England,Derby UA,490,,
2012,England,Derbyshire,1738,,
2012,England,Devon,1631,,
2012,England,Dorset UA,840,,
2012,England,East Riding of Yorkshire UA,714,,
2012,England,East Sussex,1113,,
2012,England,Essex,2921,,
2012,England,Gloucestershire,1283,,
2012,England,Greater Manchester (Met County),5092,,
2012,England,Halton UA,245,,
2012,England,Hampshire,3085,,
2012,England,Hartlepool UA,177,,
2012,England,"Herefordshire, County of UA",383,,
2012,England,Hertfordshire,2140,,
2012,England,Inner London,5799,,
2012,England,Isle of Wight UA,311,,
2012,England,Kent,3113,,
2012,England,"Kingston upon Hull, City of UA",539,,
2012,England,Lancashire,2462,,
2012,England,Leicester UA,568,,
2012,England,Leicestershire,1318,,
2012,England,Lincolnshire,1736,,
2012,England,Luton UA,438,,
2012,England,Medway UA,588,,
2012,England,Merseyside (Met County),2187,,
2012,England,Middlesbrough UA,250,,
2012,England,Milton Keynes UA,624,,
2012,England,Norfolk,1898,,
2012,England,North East Lincolnshire UA,379,,
2012,England,North Lincolnshire UA,423,,
2012,England,North Northamptonshire UA,630,,
2012,England,North Somerset UA,462,,
2012,England,North Yorkshire UA,1236,,
2012,England,Northumberland UA,641,,
2012,England,Nottingham UA,586,,
2012,England,Nottinghamshire,1795,,
2012,England,Outer London,9185,,
2012,England,Oxfordshire,1330,,
2012,England,Peterborough UA,381,,
2012,England,Plymouth UA,547,,
2012,England,Portsmouth UA,473,,
2012,England,Reading UA,323,,
2012,England,Redcar and Cleveland UA,282,,
2012,England,Rutland UA,75,,
2012,England,Shropshire UA,670,,
2012,England,Slough UA,368,,
2012,England,Somerset UA,1156,,
2012,England,South Gloucestershire UA,537,,
2012,England,South Yorkshire (Met County),2554,,
2012,England,Southampton UA,459,,
2012,England,Southend-on-Sea UA,367,,
2012,England,Staffordshire,1761,,
2012,England,Stockton-on-Tees UA,415,,
2012,England,Stoke-on-Trent UA,475,,
2012,England,Suffolk,1552,,
2012,England,Surrey,2250,,
2012,England,Swindon UA,953,,
2012,England,Telford and Wrekin UA,456,,
2012,England,Thurrock UA,324,,
2012,England,Torbay UA,312,,
2012,England,Tyne and Wear (Met County),1862,,
2012,England,Warrington UA,429,,
2012,England,Warwickshire,1161,,
2012,England,West Berkshire UA,284,,
2012,England,West Midlands (Met County),4853,,
2012,England,West Northamptonshire UA,869,,
2012,England,West Sussex,1808,,
2012,England,West Yorkshire (Met County),4429,,
2012,England,Westmorland and Furness UA,410,,
2012,England,Wiltshire UA,1110,,
2012,England,Windsor and Maidenhead UA,312,,
2012,England,Wokingham UA,321,,
2012,England,Worcestershire,1183,,
2012,England,York UA,347,,
2012,Invalid postcode or foreign,Invalid postcode or foreign,1524,,
2012,Unknown,Unknown,7697,,
2012,Wales,Blaenau Gwent,118,,
2012,Wales,Bridgend,296,,
2012,Wales,Caerphilly,381,,
2012,Wales,Cardiff,633,,
2012,Wales,Carmarthenshire,340,,
2012,Wales,Ceredigion,100,,
2012,Wales,Conwy,242,,
2012,Wales,Denbighshire,202,,
2012,Wales,Flintshire,337,,
2012,Wales,Gwynedd,172,,
2012,Wales,Isle of Anglesey,130,,
2012,Wales,Merthyr Tydfil,83,,
2012,Wales,Monmouthshire,190,,
2012,Wales,Neath Port Talbot,243,,
2012,Wales,Newport,308,,
2012,Wales,Pembrokeshire,292,,
2012,Wales,Powys,254,,
2012,Wales,Rhondda Cynon Taf,423,,
2012,Wales,Swansea,451,,
2012,Wales,Torfaen,173,,
2012,Wales,Vale of Glamorgan,229,,
2012,Wales,Wrexham,276,,
2013,Confidentiality requested,Confidentiality requested,2533,,
2013,England,Bath and North East Somerset UA,283,,
2013,England,Bedford UA,335,,
2013,England,Blackburn with Darwen UA,247,,
2013,England,Blackpool UA,325,,
2013,England,"Bournemouth, Christchurch and Poole UA",840,,
2013,England,Bracknell Forest UA,252,,
2013,England,Brighton and Hove UA,540,,
2013,England,"Bristol, City of UA",717,,
2013,England,Buckinghamshire UA,1002,,
2013,England,Cambridgeshire,1236,,
2013,England,Central Bedfordshire UA,610,,
2013,England,Cheshire East UA,759,,
2013,England,Cheshire West and Chester UA,632,,
2013,England,Cornwall & Isles of Scilly,1132,,
2013,England,County Durham UA,939,,
2013,England,Cumberland UA,486,,
2013,England,Darlington UA,205,,
2013,England,Derby UA,467,,
2013,England,Derbyshire,1596,,
2013,England,Devon,1606,,
2013,England,Dorset UA,783,,
2013,England,East Riding of Yorkshire UA,690,,
2013,England,East Sussex,1008,,
2013,England,Essex,2866,,
2013,England,Gloucestershire,1230,,
2013,England,Greater Manchester (Met County),4729,,
2013,England,Halton UA,228,,
2013,England,Hampshire,2950,,
2013,England,Hartlepool UA,170,,
2013,England,"Herefordshire, County of UA",362,,
2013,England,Hertfordshire,2064,,
2013,England,Inner London,5038,,
2013,England,Isle of Wight UA,324,,
2013,England,Kent,2998,,
2013,England,"Kingston upon Hull, City of UA",448,,
2013,England,Lancashire,2282,,
2013,England,Leicester UA,535,,
2013,England,Leicestershire,1331,,
2013,England,Lincolnshire,1631,,
2013,England,Luton UA,360,,
2013,England,Medway UA,551,,
2013,England,Merseyside (Met County),1982,,
2013,England,Middlesbrough UA,205,,
2013,England,Milton Keynes UA,561,,
2013,England,Norfolk,1789,,
2013,England,North East Lincolnshire UA,322,,
2013,England,North Lincolnshire UA,378,,
2013,England,North Northamptonshire UA,666,,
2013,England,North Somerset UA,435,,
2013,England,North Yorkshire UA,1281,,
2013,England,Northumberland UA,568,,
2013,England,Nottingham UA,513,,
2013,England,Nottinghamshire,1648,,
2013,England,Outer London,8620,,
2013,England,Oxfordshire,1258,,
2013,England,Peterborough UA,382,,
2013,England,Plymouth UA,497,,
2013,England,Portsmouth UA,420,,
2013,England,Reading UA,293,,
2013,England,Redcar and Cleveland UA,268,,
2013,England,Rutland UA,77,,
2013,England,Shropshire UA,576,,
2013,England,Slough UA,329,,
2013,England,Somerset UA,1096,,
2013,England,South Gloucestershire UA,510,,
2013,England,South Yorkshire (Met County),2444,,
2013,England,Southampton UA,430,,
2013,England,Southend-on-Sea UA,349,,
2013,England,Staffordshire,1765,,
2013,England,Stockton-on-Tees UA,348,,
2013,England,Stoke-on-Trent UA,420,,
2013,England,Suffolk,1540,,
2013,England,Surrey,2126,,
2013,England,Swindon UA,1064,,
2013,England,Telford and Wrekin UA,366,,
2013,England,Thurrock UA,332,,
2013,England,Torbay UA,259,,
2013,England,Tyne and Wear (Met County),1734,,
2013,England,Warrington UA,409,,
2013,England,Warwickshire,1110,,
2013,England,West Berkshire UA,295,,
2013,England,West Midlands (Met County),4647,,
2013,England,West Northamptonshire UA,807,,
2013,England,West Sussex,1753,,
2013,England,West Yorkshire (Met County),4102,,
2013,England,Westmorland and Furness UA,409,,
2013,England,Wiltshire UA,1078,,
2013,England,Windsor and Maidenhead UA,278,,
2013,England,Wokingham UA,293,,
2013,England,Worcestershire,1104,,
2013,England,York UA,386,,
2013,Invalid postcode or foreign,Invalid postcode or foreign,1327,,
2013,Unknown,Unknown,7638,,
2013,Wales,Blaenau Gwent,118,,
2013,Wales,Bridgend,282,,
2013,Wales,Caerphilly,329,,
2013,Wales,Cardiff,578,,
2013,Wales,Carmarthenshire,341,,
2013,Wales,Ceredigion,108,,
2013,Wales,Conwy,239,,
2013,Wales,Denbighshire,184,,
2013,Wales,Flintshire,330,,
2013,Wales,Gwynedd,163,,
2013,Wales,Isle of Anglesey,117,,
2013,Wales,Merthyr Tydfil,83,,
2013,Wales,Monmouthshire,165,,
2013,Wales,Neath Port Talbot,190,,
2013,Wales,Newport,271,,
2013,Wales,Pembrokeshire,249,,
2013,Wales,Powys,209,,
2013,Wales,Rhondda Cynon Taf,428,,
2013,Wales,Swansea,401,,
2013,Wales,Torfaen,172,,
2013,Wales,Vale of Glamorgan,257,,
2013,Wales,Wrexham,259,,
2014,Confidentiality requested,Confidentiality requested,2419,,
2014,England,Bath and North East Somerset UA,318,,
2014,England,Bedford UA,349,,
2014,England,Blackburn with Darwen UA,226,,
2014,England,Blackpool UA,264,,
2014,England,"Bournemouth, Christchurch and Poole UA",821,,
2014,England,Bracknell Forest UA,280,,
2014,England,Brighton and Hove UA,451,,
2014,England,"Bristol, City of UA",707,,
2014,England,Buckinghamshire UA,914,,
2014,England,Cambridgeshire,1206,,
2014,England,Central Bedfordshire UA,591,,
2014,England,Cheshire East UA,794,,
2014,England,Cheshire West and Chester UA,646,,
2014,England,Cornwall & Isles of Scilly,1130,,
2014,England,County Durham UA,720,,
2014,England,Cumberland UA,453,,
2014,England,Darlington UA,194,,
2014,England,Derby UA,466,,
2014,England,Derbyshire,1557,,
2014,England,Devon,1500,,
2014,England,Dorset UA,760,,
2014,England,East Riding of Yorkshire UA,687,,
2014,England,East Sussex,1067,,
2014,England,Essex,2895,,
2014,England,Gloucestershire,1156,,
2014,England,Greater Manchester (Met County),4421,,
2014,England,Halton UA,194,,
2014,England,Hampshire,2926,,
2014,England,Hartlepool UA,115,,
2014,England,"Herefordshire, County of UA",347,,
2014,England,Hertfordshire,2026,,
2014,England,Inner London,5221,,
2014,England,Isle of Wight UA,270,,
2014,England,Kent,2969,,
2014,England,"Kingston upon Hull, City of UA",388,,
2014,England,Lancashire,2099,,
2014,England,Leicester UA,561,,
2014,England,Leicestershire,1294,,
2014,England,Lincolnshire,1438,,
2014,England,Luton UA,395,,
2014,England,Medway UA,500,,
2014,England,Merseyside (Met County),1868,,
2014,England,Middlesbrough UA,159,,
2014,England,Milton Keynes UA,604,,
2014,England,Norfolk,1829,,
2014,England,North East Lincolnshire UA,300,,
2014,England,North Lincolnshire UA,335,,
2014,England,North Northamptonshire UA,698,,
2014,England,North Somerset UA,444,,
2014,England,North Yorkshire UA,1244,,
2014,England,Northumberland UA,533,,
2014,England,Nottingham UA,451,,
2014,England,Nottinghamshire,1529,,
2014,England,Outer London,9222,,
2014,England,Oxfordshire,1211,,
2014,England,Peterborough UA,401,,
2014,England,Plymouth UA,545,,
2014,England,Portsmouth UA,394,,
2014,England,Reading UA,284,,
2014,England,Redcar and Cleveland UA,219,,
2014,England,Rutland UA,80,,
2014,England,Shropshire UA,577,,
2014,England,Slough UA,361,,
2014,England,Somerset UA,1085,,
2014,England,South Gloucestershire UA,527,,
2014,England,South Yorkshire (Met County),2164,,
2014,England,Southampton UA,429,,
2014,England,Southend-on-Sea UA,362,,
2014,England,Staffordshire,1622,,
2014,England,Stockton-on-Tees UA,347,,
2014,England,Stoke-on-Trent UA,455,,
2014,England,Suffolk,1588,,
2014,England,Surrey,2151,,
2014,England,Swindon UA,451,,
2014,England,Telford and Wrekin UA,353,,
2014,England,Thurrock UA,339,,
2014,England,Torbay UA,259,,
2014,England,Tyne and Wear (Met County),1471,,
2014,England,Warrington UA,429,,
2014,England,Warwickshire,1102,,
2014,England,West Berkshire UA,341,,
2014,England,West Midlands (Met County),4417,,
2014,England,West Northamptonshire UA,817,,
2014,England,West Sussex,1610,,
2014,England,West Yorkshire (Met County),3925,,
2014,England,Westmorland and Furness UA,365,,
2014,England,Wiltshire UA,1028,,
2014,England,Windsor and Maidenhead UA,275,,
2014,England,Wokingham UA,310,,
2014,England,Worcestershire,1162,,
2014,England,York UA,350,,
2014,Invalid postcode or foreign,Invalid postcode or foreign,1227,,
2014,Unknown,Unknown,6202,,
2014,Wales,Blaenau Gwent,107,,
2014,Wales,Bridgend,265,,
2014,Wales,Caerphilly,321,,
2014,Wales,Cardiff,519,,
2014,Wales,Carmarthenshire,314,,
2014,Wales,Ceredigion,101,,
2014,Wales,Conwy,213,,
2014,Wales,Denbighshire,148,,
2014,Wales,Flintshire,300,,
2014,Wales,Gwynedd,152,,
2014,Wales,Isle of Anglesey,118,,
2014,Wales,Merthyr Tydfil,100,,
2014,Wales,Monmouthshire,196,,
2014,Wales,Neath Port Talbot,200,,
2014,Wales,Newport,228,,
2014,Wales,Pembrokeshire,198,,
2014,Wales,Powys,220,,
2014,Wales,Rhondda Cynon Taf,365,,
2014,Wales,Swansea,397,,
2014,Wales,Torfaen,151,,
2014,Wales,Vale of Glamorgan,225,,
2014,Wales,Wrexham,257,,
2015,Confidentiality requested,Confidentiality requested,2690,,
2015,England,Bath and North East Somerset UA,304,,
2015,England,Bedford UA,356,,
2015,England,Blackburn with Darwen UA,216,,
2015,England,Blackpool UA,259,,
2015,England,"Bournemouth, Christchurch and Poole UA",781,,
2015,England,Bracknell Forest UA,262,,
2015,England,Brighton and Hove UA,520,,
2015,England,"Bristol, City of UA",661,,
2015,England,Buckinghamshire UA,1030,,
2015,England,Cambridgeshire,1237,,
2015,England,Central Bedfordshire UA,573,,
2015,England,Cheshire East UA,787,,
2015,England,Cheshire West and Chester UA,581,,
2015,England,Cornwall & Isles of Scilly,1145,,
2015,England,County Durham UA,662,,
2015,England,Cumberland UA,457,,
2015,England,Darlington UA,132,,
2015,England,Derby UA,471,,
2015,England,Derbyshire,1652,,
2015,England,Devon,1518,,
2015,England,Dorset UA,787,,
2015,England,East Riding of Yorkshire UA,684,,
2015,England,East Sussex,1121,,
2015,England,Essex,2904,,
2015,England,Gloucestershire,1193,,
2015,England,Greater Manchester (Met County),4663,,
2015,England,Halton UA,223,,
2015,England,Hampshire,2899,,
2015,England,Hartlepool UA,99,,
2015,England,"Herefordshire, County of UA",342,,
2015,England,Hertfordshire,2172,,
2015,England,Inner London,5906,,
2015,England,Isle of Wight UA,258,,
2015,England,Kent,2929,,
2015,England,"Kingston upon Hull, City of UA",409,,
2015,England,Lancashire,2212,,
2015,England,Leicester UA,586,,
2015,England,Leicestershire,1383,,
2015,England,Lincolnshire,1614,,
2015,England,Luton UA,373,,
2015,England,Medway UA,542,,
2015,England,Merseyside (Met County),1936,,
2015,England,Middlesbrough UA,126,,
2015,England,Milton Keynes UA,642,,
2015,England,Norfolk,1748,,
2015,England,North East Lincolnshire UA,269,,
2015,England,North Lincolnshire UA,309,,
2015,England,North Northamptonshire UA,726,,
2015,England,North Somerset UA,448,,
2015,England,North Yorkshire UA,1140,,
2015,England,Northumberland UA,380,,
2015,England,Nottingham UA,443,,
2015,England,Nottinghamshire,1566,,
2015,England,Outer London,9610,,
2015,England,Oxfordshire,1294,,
2015,England,Peterborough UA,398,,
2015,England,Plymouth UA,517,,
2015,England,Portsmouth UA,389,,
2015,England,Reading UA,311,,
2015,England,Redcar and Cleveland UA,168,,
2015,England,Rutland UA,86,,
2015,England,Shropshire UA,600,,
2015,England,Slough UA,319,,
2015,England,Somerset UA,1119,,
2015,England,South Gloucestershire UA,501,,
2015,England,South Yorkshire (Met County),2233,,
2015,England,Southampton UA,447,,
2015,England,Southend-on-Sea UA,366,,
2015,England,Staffordshire,1703,,
2015,England,Stockton-on-Tees UA,216,,
2015,England,Stoke-on-Trent UA,413,,
2015,England,Suffolk,1523,,
2015,England,Surrey,2241,,
2015,England,Swindon UA,499,,
2015,England,Telford and Wrekin UA,346,,
2015,England,Thurrock UA,337,,
2015,England,Torbay UA,253,,
2015,England,Tyne and Wear (Met County),1095,,
2015,England,Warrington UA,440,,
2015,England,Warwickshire,1105,,
2015,England,West Berkshire UA,315,,
2015,England,West Midlands (Met County),4603,,
2015,England,West Northamptonshire UA,902,,
2015,England,West Sussex,1698,,
2015,England,West Yorkshire (Met County),4037,,
2015,England,Westmorland and Furness UA,375,,
2015,England,Wiltshire UA,1020,,
2015,England,Windsor and Maidenhead UA,307,,
2015,England,Wokingham UA,308,,
2015,England,Worcestershire,1151,,
2015,England,York UA,357,,
2015,Invalid postcode or foreign,Invalid postcode or foreign,1327,,
2015,Unknown,Unknown,5836,,
2015,Wales,Blaenau Gwent,91,,
2015,Wales,Bridgend,273,,
2015,Wales,Caerphilly,287,,
2015,Wales,Cardiff,524,,
2015,Wales,Carmarthenshire,345,,
2015,Wales,Ceredigion,89,,
2015,Wales,Conwy,181,,
2015,Wales,Denbighshire,165,,
2015,Wales,Flintshire,307,,
2015,Wales,Gwynedd,165,,
2015,Wales,Isle of Anglesey,115,,
2015,Wales,Merthyr Tydfil,79,,
2015,Wales,Monmouthshire,154,,
2015,Wales,Neath Port Talbot,287,,
2015,Wales,Newport,258,,
2015,Wales,Pembrokeshire,160,,
2015,Wales,Powys,209,,
2015,Wales,Rhondda Cynon Taf,399,,
2015,Wales,Swansea,422,,
2015,Wales,Torfaen,147,,
2015,Wales,Vale of Glamorgan,222,,
2015,Wales,Wrexham,235,,
2016,Confidentiality requested,Confidentiality requested,2900,,
2016,England,Bath and North East Somerset UA,341,,
2016,England,Bedford UA,352,,
2016,England,Blackburn with Darwen UA,250,,
2016,England,Blackpool UA,240,,
2016,England,"Bournemouth, Christchurch and Poole UA",830,,
2016,England,Bracknell Forest UA,289,,
2016,England,Brighton and Hove UA,480,,
2016,England,"Bristol, City of UA",758,,
2016,England,Buckinghamshire UA,965,,
2016,England,Cambridgeshire,1190,,
2016,England,Central Bedfordshire UA,618,,
2016,England,Cheshire East UA,797,,
2016,England,Cheshire West and Chester UA,628,,
2016,England,Cornwall & Isles of Scilly,1164,,
2016,England,County Durham UA,666,,
2016,England,Cumberland UA,476,,
2016,England,Darlington UA,161,,
2016,England,Derby UA,437,,
2016,England,Derbyshire,1629,,
2016,England,Devon,1631,,
2016,England,Dorset UA,778,,
2016,England,East Riding of Yorkshire UA,628,,
2016,England,East Sussex,1113,,
2016,England,Essex,2937,,
2016,England,Gloucestershire,1262,,
2016,England,Greater Manchester (Met County),4662,,
2016,England,Halton UA,211,,
2016,England,Hampshire,2945,,
2016,England,Hartlepool UA,108,,
2016,England,"Herefordshire, County of UA",356,,
2016,England,Hertfordshire,2199,,
2016,England,Inner London,6224,,
2016,England,Isle of Wight UA,273,,
2016,England,Kent,3069,,
2016,England,"Kingston upon Hull, City of UA",384,,
2016,England,Lancashire,2220,,
2016,England,Leicester UA,491,,
2016,England,Leicestershire,1449,,
2016,England,Lincolnshire,1537,,
2016,England,Luton UA,371,,
2016,England,Medway UA,573,,
2016,England,Merseyside (Met County),1962,,
2016,England,Middlesbrough UA,158,,
2016,England,Milton Keynes UA,645,,
2016,England,Norfolk,1704,,
2016,England,North East Lincolnshire UA,273,,
2016,England,North Lincolnshire UA,299,,
2016,England,North Northamptonshire UA,791,,
2016,England,North Somerset UA,477,,
2016,England,North Yorkshire UA,1166,,
2016,England,Northumberland UA,423,,
2016,England,Nottingham UA,456,,
2016,England,Nottinghamshire,1598,,
2016,England,Outer London,9466,,
2016,England,Oxfordshire,1254,,
2016,England,Peterborough UA,387,,
2016,England,Plymouth UA,536,,
2016,England,Portsmouth UA,365,,
2016,England,Reading UA,294,,
2016,England,Redcar and Cleveland UA,161,,
2016,England,Rutland UA,93,,
2016,England,Shropshire UA,622,,
2016,England,Slough UA,350,,
2016,England,Somerset UA,1076,,
2016,England,South Gloucestershire UA,516,,
2016,England,South Yorkshire (Met County),2130,,
2016,England,Southampton UA,429,,
2016,England,Southend-on-Sea UA,370,,
2016,England,Staffordshire,1723,,
2016,England,Stockton-on-Tees UA,241,,
2016,England,Stoke-on-Trent UA,449,,
2016,England,Suffolk,1496,,
2016,England,Surrey,2344,,
2016,England,Swindon UA,545,,
2016,England,Telford and Wrekin UA,377,,
2016,England,Thurrock UA,370,,
2016,England,Torbay UA,279,,
2016,England,Tyne and Wear (Met County),1224,,
2016,England,Warrington UA,434,,
2016,England,Warwickshire,1204,,
2016,England,West Berkshire UA,341,,
2016,England,West Midlands (Met County),4535,,
2016,England,West Northamptonshire UA,884,,
2016,England,West Sussex,1663,,
2016,England,West Yorkshire (Met County),4022,,
2016,England,Westmorland and Furness UA,396,,
2016,England,Wiltshire UA,1052,,
2016,England,Windsor and Maidenhead UA,300,,
2016,England,Wokingham UA,319,,
2016,England,Worcestershire,1206,,
2016,England,York UA,338,,
2016,Invalid postcode or foreign,Invalid postcode or foreign,1302,,
2016,Unknown,Unknown,3785,,
2016,Wales,Blaenau Gwent,97,,
2016,Wales,Bridgend,301,,
2016,Wales,Caerphilly,322,,
2016,Wales,Cardiff,542,,
2016,Wales,Carmarthenshire,337,,
2016,Wales,Ceredigion,93,,
2016,Wales,Conwy,187,,
2016,Wales,Denbighshire,154,,
2016,Wales,Flintshire,280,,
2016,Wales,Gwynedd,177,,
2016,Wales,Isle of Anglesey,103,,
2016,Wales,Merthyr Tydfil,85,,
2016,Wales,Monmouthshire,177,,
2016,Wales,Neath Port Talbot,250,,
2016,Wales,Newport,277,,
2016,Wales,Pembrokeshire,191,,
2016,Wales,Powys,219,,
2016,Wales,Rhondda Cynon Taf,387,,
2016,Wales,Swansea,439,,
2016,Wales,Torfaen,185,,
2016,Wales,Vale of Glamorgan,254,,
2016,Wales,Wrexham,260,,
2017,Confidentiality requested,Confidentiality requested,3861,,
2017,England,Bath and North East Somerset UA,285,,
2017,England,Bedford UA,340,,
2017,England,Blackburn with Darwen UA,246,,
2017,England,Blackpool UA,261,,
2017,England,"Bournemouth, Christchurch and Poole UA",757,,
2017,England,Bracknell Forest UA,248,,
2017,England,Brighton and Hove UA,462,,
2017,England,"Bristol, City of UA",620,,
2017,England,Buckinghamshire UA,977,,
2017,England,Cambridgeshire,1146,,
2017,England,Central Bedfordshire UA,589,,
2017,England,Cheshire East UA,708,,
2017,England,Cheshire West and Chester UA,693,,
2017,England,Cornwall & Isles of Scilly,1071,,
2017,England,County Durham UA,879,,
2017,England,Cumberland UA,499,,
2017,England,Darlington UA,168,,
2017,England,Derby UA,415,,
2017,England,Derbyshire,1489,,
2017,England,Devon,1544,,
2017,England,Dorset UA,798,,
2017,England,East Riding of Yorkshire UA,702,,
2017,England,East Sussex,1025,,
2017,England,Essex,2740,,
2017,England,Gloucestershire,1213,,
2017,England,Greater Manchester (Met County),4433,,
2017,England,Halton UA,200,,
2017,England,Hampshire,2917,,
2017,England,Hartlepool UA,142,,
2017,England,"Herefordshire, County of UA",369,,
2017,England,Hertfordshire,2033,,
2017,England,Inner London,5485,,
2017,England,Isle of Wight UA,268,,
2017,England,Kent,2874,,
2017,England,"Kingston upon Hull, City of UA",359,,
2017,England,Lancashire,2203,,
2017,England,Leicester UA,508,,
2017,England,Leicestershire,1330,,
2017,England,Lincolnshire,1520,,
2017,England,Luton UA,354,,
2017,England,Medway UA,543,,
2017,England,Merseyside (Met County),1907,,
2017,England,Middlesbrough UA,167,,
2017,England,Milton Keynes UA,586,,
2017,England,Norfolk,1708,,
2017,England,North East Lincolnshire UA,304,,
2017,England,North Lincolnshire UA,304,,
2017,England,North Northamptonshire UA,721,,
2017,England,North Somerset UA,447,,
2017,England,North Yorkshire UA,1217,,
2017,England,Northumberland UA,508,,
2017,England,Nottingham UA,432,,
2017,England,Nottinghamshire,1526,,
2017,England,Outer London,8759,,
2017,England,Oxfordshire,1207,,
2017,England,Peterborough UA,368,,
2017,England,Plymouth UA,541,,
2017,England,Portsmouth UA,409,,
2017,England,Reading UA,287,,
2017,England,Redcar and Cleveland UA,218,,
2017,England,Rutland UA,66,,
2017,England,Shropshire UA,540,,
2017,England,Slough UA,306,,
2017,England,Somerset UA,1152,,
2017,England,South Gloucestershire UA,499,,
2017,England,South Yorkshire (Met County),2242,,
2017,England,Southampton UA,379,,
2017,England,Southend-on-Sea UA,365,,
2017,England,Staffordshire,1627,,
2017,England,Stockton-on-Tees UA,319,,
2017,England,Stoke-on-Trent UA,424,,
2017,England,Suffolk,1482,,
2017,England,Surrey,2111,,
2017,England,Swindon UA,450,,
2017,England,Telford and Wrekin UA,359,,
2017,England,Thurrock UA,278,,
2017,England,Torbay UA,277,,
2017,England,Tyne and Wear (Met County),1575,,
2017,England,Warrington UA,428,,
2017,England,Warwickshire,1031,,
2017,England,West Berkshire UA,335,,
2017,England,West Midlands (Met County),4237,,
2017,England,West Northamptonshire UA,825,,
2017,England,West Sussex,1659,,
2017,England,West Yorkshire (Met County),3825,,
2017,England,Westmorland and Furness UA,412,,
2017,England,Wiltshire UA,1035,,
2017,England,Windsor and Maidenhead UA,284,,
2017,England,Wokingham UA,276,,
2017,England,Worcestershire,1103,,
2017,England,York UA,342,,
2017,Invalid postcode or foreign,Invalid postcode or foreign,1147,,
2017,Unknown,Unknown,2438,,
2017,Wales,Blaenau Gwent,80,,
2017,Wales,Bridgend,307,,
2017,Wales,Caerphilly,309,,
2017,Wales,Cardiff,512,,
2017,Wales,Carmarthenshire,326,,
2017,Wales,Ceredigion,96,,
2017,Wales,Conwy,212,,
2017,Wales,Denbighshire,174,,
2017,Wales,Flintshire,262,,
2017,Wales,Gwynedd,159,,
2017,Wales,Isle of Anglesey,109,,
2017,Wales,Merthyr Tydfil,78,,
2017,Wales,Monmouthshire,167,,
2017,Wales,Neath Port Talbot,241,,
2017,Wales,Newport,268,,
2017,Wales,Pembrokeshire,220,,
2017,Wales,Powys,224,,
2017,Wales,Rhondda Cynon Taf,391,,
2017,Wales,Swansea,387,,
2017,Wales,Torfaen,186,,
2017,Wales,Vale of Glamorgan,243,,
2017,Wales,Wrexham,262,,
2018,Confidentiality requested,Confidentiality requested,9830,,
2018,England,Bath and North East Somerset UA,315,,
2018,England,Bedford UA,346,,
2018,England,Blackburn with Darwen UA,219,,
2018,England,Blackpool UA,274,,
2018,England,"Bournemouth, Christchurch and Poole UA",805,,
2018,England,Bracknell Forest UA,247,,
2018,England,Brighton and Hove UA,472,,
2018,England,"Bristol, City of UA",717,,
2018,England,Buckinghamshire UA,1078,,
2018,England,Cambridgeshire,1267,,
2018,England,Central Bedfordshire UA,617,,
2018,England,Cheshire East UA,741,,
2018,England,Cheshire West and Chester UA,645,,
2018,England,Cornwall & Isles of Scilly,1190,,
2018,England,County Durham UA,835,,
2018,England,Cumberland UA,443,,
2018,England,Darlington UA,225,,
2018,England,Derby UA,443,,
2018,England,Derbyshire,1552,,
2018,England,Devon,1524,,
2018,England,Dorset UA,774,,
2018,England,East Riding of Yorkshire UA,654,,
2018,England,East Sussex,1141,,
2018,England,Essex,2931,,
2018,England,Gloucestershire,1202,,
2018,England,Greater Manchester (Met County),4478,,
2018,England,Halton UA,219,,
2018,England,Hampshire,2882,,
2018,England,Hartlepool UA,134,,
2018,England,"Herefordshire, County of UA",332,,
2018,England,Hertfordshire,2188,,
2018,England,Inner London,5694,,
2018,England,Isle of Wight UA,292,,
2018,England,Kent,3148,,
2018,England,"Kingston upon Hull, City of UA",427,,
2018,England,Lancashire,2180,,
2018,England,Leicester UA,513,,
2018,England,Leicestershire,1282,,
2018,England,Lincolnshire,1507,,
2018,England,Luton UA,380,,
2018,England,Medway UA,595,,
2018,England,Merseyside (Met County),1933,,
2018,England,Middlesbrough UA,200,,
2018,England,Milton Keynes UA,606,,
2018,England,Norfolk,1841,,
2018,England,North East Lincolnshire UA,357,,
2018,England,North Lincolnshire UA,320,,
2018,England,North Northamptonshire UA,743,,
2018,England,North Somerset UA,454,,
2018,England,North Yorkshire UA,1117,,
2018,England,Northumberland UA,533,,
2018,England,Nottingham UA,451,,
2018,England,Nottinghamshire,1561,,
2018,England,Outer London,9312,,
2018,England,Oxfordshire,1277,,
2018,England,Peterborough UA,430,,
2018,England,Plymouth UA,531,,
2018,England,Portsmouth UA,417,,
2018,England,Reading UA,298,,
2018,England,Redcar and Cleveland UA,227,,
2018,England,Rutland UA,89,,
2018,England,Shropshire UA,621,,
2018,England,Slough UA,339,,
2018,England,Somerset UA,1219,,
2018,England,South Gloucestershire UA,533,,
2018,England,South Yorkshire (Met County),2219,,
2018,England,Southampton UA,400,,
2018,England,Southend-on-Sea UA,349,,
2018,England,Staffordshire,1660,,
2018,England,Stockton-on-Tees UA,342,,
2018,England,Stoke-on-Trent UA,454,,
2018,England,Suffolk,1549,,
2018,England,Surrey,2234,,
2018,England,Swindon UA,471,,
2018,England,Telford and Wrekin UA,347,,
2018,England,Thurrock UA,366,,
2018,England,Torbay UA,288,,
2018,England,Tyne and Wear (Met County),1664,,
2018,England,Warrington UA,414,,
2018,England,Warwickshire,1111,,
2018,England,West Berkshire UA,310,,
2018,England,West Midlands (Met County),4240,,
2018,England,West Northamptonshire UA,827,,
2018,England,West Sussex,1771,,
2018,England,West Yorkshire (Met County),3791,,
2018,England,Westmorland and Furness UA,375,,
2018,England,Wiltshire UA,1122,,
2018,England,Windsor and Maidenhead UA,313,,
2018,England,Wokingham UA,340,,
2018,England,Worcestershire,1168,,
2018,England,York UA,361,,
2018,Invalid postcode or foreign,Invalid postcode or foreign,1074,,
2018,Unknown,Unknown,2293,,
2018,Wales,Blaenau Gwent,113,,
2018,Wales,Bridgend,231,,
2018,Wales,Caerphilly,303,,
2018,Wales,Cardiff,458,,
2018,Wales,Carmarthenshire,345,,
2018,Wales,Ceredigion,108,,
2018,Wales,Conwy,176,,
2018,Wales,Denbighshire,154,,
2018,Wales,Flintshire,305,,
2018,Wales,Gwynedd,169,,
2018,Wales,Isle of Anglesey,107,,
2018,Wales,Merthyr Tydfil,100,,
2018,Wales,Monmouthshire,176,,
2018,Wales,Neath Port Talbot,268,,
2018,Wales,Newport,272,,
2018,Wales,Pembrokeshire,186,,
2018,Wales,Powys,208,,
2018,Wales,Rhondda Cynon Taf,370,,
2018,Wales,Swansea,371,,
2018,Wales,Torfaen,168,,
2018,Wales,Vale of Glamorgan,216,,
2018,Wales,Wrexham,265,,
2019,Confidentiality requested,Confidentiality requested,11611,,
2019,England,Bath and North East Somerset UA,298,,
2019,England,Bedford UA,336,,
2019,England,Blackburn with Darwen UA,238,,
2019,England,Blackpool UA,253,,
2019,England,"Bournemouth, Christchurch and Poole UA",785,,
2019,England,Bracknell Forest UA,244,,
2019,England,Brighton and Hove UA,448,,
2019,England,"Bristol, City of UA",651,,
2019,England,Buckinghamshire UA,993,,
2019,England,Cambridgeshire,1173,,
2019,England,Central Bedfordshire UA,574,,
2019,England,Cheshire East UA,699,,
2019,England,Cheshire West and Chester UA,639,,
2019,England,Cornwall & Isles of Scilly,1071,,
2019,England,County Durham UA,904,,
2019,England,Cumberland UA,448,,
2019,England,Darlington UA,214,,
2019,England,Derby UA,421,,
2019,England,Derbyshire,1508,,
2019,England,Devon,1529,,
2019,England,Dorset UA,737,,
2019,England,East Riding of Yorkshire UA,675,,
2019,England,East Sussex,1028,,
2019,England,Essex,2780,,
2019,England,Gloucestershire,1209,,
2019,England,Greater Manchester (Met County),4273,,
2019,England,Halton UA,215,,
2019,England,Hampshire,2824,,
2019,England,Hartlepool UA,132,,
2019,England,"Herefordshire, County of UA",353,,
2019,England,Hertfordshire,2046,,
2019,England,Inner London,5317,,
2019,England,Isle of Wight UA,274,,
2019,England,Kent,2953,,
2019,England,"Kingston upon Hull, City of UA",422,,
2019,England,Lancashire,2150,,
2019,England,Leicester UA,456,,
2019,England,Leicestershire,1254,,
2019,England,Lincolnshire,1539,,
2019,England,Luton UA,346,,
2019,England,Medway UA,566,,
2019,England,Merseyside (Met County),1964,,
2019,England,Middlesbrough UA,200,,
2019,England,Milton Keynes UA,504,,
2019,England,Norfolk,1803,,
2019,England,North East Lincolnshire UA,297,,
2019,England,North Lincolnshire UA,352,,
2019,England,North Northamptonshire UA,677,,
2019,England,North Somerset UA,432,,
2019,England,North Yorkshire UA,1127,,
2019,England,Northumberland UA,557,,
2019,England,Nottingham UA,426,,
2019,England,Nottinghamshire,1496,,
2019,England,Outer London,8560,,
2019,England,Oxfordshire,1100,,
2019,England,Peterborough UA,400,,
2019,England,Plymouth UA,579,,
2019,England,Portsmouth UA,343,,
2019,England,Reading UA,280,,
2019,England,Redcar and Cleveland UA,233,,
2019,England,Rutland UA,57,,
2019,England,Shropshire UA,553,,
2019,England,Slough UA,279,,
2019,England,Somerset UA,1125,,
2019,England,South Gloucestershire UA,484,,
2019,England,South Yorkshire (Met County),2260,,
2019,England,Southampton UA,396,,
2019,England,Southend-on-Sea UA,302,,
2019,England,Staffordshire,1611,,
2019,England,Stockton-on-Tees UA,364,,
2019,England,Stoke-on-Trent UA,393,,
2019,England,Suffolk,1504,,
2019,England,Surrey,2100,,
2019,England,Swindon UA,476,,
2019,England,Telford and Wrekin UA,362,,
2019,England,Thurrock UA,300,,
2019,England,Torbay UA,258,,
2019,England,Tyne and Wear (Met County),1641,,
2019,England,Warrington UA,383,,
2019,England,Warwickshire,994,,
2019,England,West Berkshire UA,281,,
2019,England,West Midlands (Met County),4291,,
2019,England,West Northamptonshire UA,800,,
2019,England,West Sussex,1651,,
2019,England,West Yorkshire (Met County),3663,,
2019,England,Westmorland and Furness UA,383,,
2019,England,Wiltshire UA,1071,,
2019,England,Windsor and Maidenhead UA,315,,
2019,England,Wokingham UA,300,,
2019,England,Worcestershire,1107,,
2019,England,York UA,329,,
2019,Invalid postcode or foreign,Invalid postcode or foreign,906,,
2019,Unknown,Unknown,3495,,
2019,Wales,Blaenau Gwent,90,,
2019,Wales,Bridgend,278,,
2019,Wales,Caerphilly,288,,
2019,Wales,Cardiff,479,,
2019,Wales,Carmarthenshire,328,,
2019,Wales,Ceredigion,96,,
2019,Wales,Conwy,195,,
2019,Wales,Denbighshire,148,,
2019,Wales,Flintshire,283,,
2019,Wales,Gwynedd,149,,
2019,Wales,Isle of Anglesey,119,,
2019,Wales,Merthyr Tydfil,99,,
2019,Wales,Monmouthshire,174,,
2019,Wales,Neath Port Talbot,233,,
2019,Wales,Newport,268,,
2019,Wales,Pembrokeshire,214,,
2019,Wales,Powys,212,,
2019,Wales,Rhondda Cynon Taf,367,,
2019,Wales,Swansea,350,,
2019,Wales,Torfaen,176,,
2019,Wales,Vale of Glamorgan,230,,
2019,Wales,Wrexham,234,,
2020,Confidentiality requested,Confidentiality requested,13000,,
2020,England,Bath and North East Somerset UA,247,,
2020,England,Bedford UA,290,,
2020,England,Blackburn with Darwen UA,192,,
2020,England,Blackpool UA,242,,
2020,England,"Bournemouth, Christchurch and Poole UA",724,,
2020,England,Bracknell Forest UA,191,,
2020,England,Brighton and Hove UA,403,,
2020,England,"Bristol, City of UA",563,,
2020,England,Buckinghamshire UA,866,,
2020,England,Cambridgeshire,957,,
2020,England,Central Bedfordshire UA,497,,
2020,England,Cheshire East UA,681,,
2020,England,Cheshire West and Chester UA,531,,
2020,England,Cornwall & Isles of Scilly,985,,
2020,England,County Durham UA,727,,
2020,England,Cumberland UA,389,,
2020,England,Darlington UA,171,,
2020,England,Derby UA,307,,
2020,England,Derbyshire,1325,,
2020,England,Devon,1392,,
2020,England,Dorset UA,660,,
2020,England,East Riding of Yorkshire UA,534,,
2020,England,East Sussex,953,,
2020,England,Essex,2362,,
2020,England,Gloucestershire,1130,,
2020,England,Greater Manchester (Met County),3782,,
2020,England,Halton UA,175,,
2020,England,Hampshire,2483,,
2020,England,Hartlepool UA,105,,
2020,England,"Herefordshire, County of UA",312,,
2020,England,Hertfordshire,1848,,
2020,England,Inner London,4510,,
2020,England,Isle of Wight UA,253,,
2020,England,Kent,2516,,
2020,England,"Kingston upon Hull, City of UA",388,,
2020,England,Lancashire,1958,,
2020,England,Leicester UA,427,,
2020,England,Leicestershire,1123,,
2020,England,Lincolnshire,1175,,
2020,England,Luton UA,323,,
2020,England,Medway UA,450,,
2020,England,Merseyside (Met County),1640,,
2020,England,Middlesbrough UA,132,,
2020,England,Milton Keynes UA,479,,
2020,England,Norfolk,1541,,
2020,England,North East Lincolnshire UA,245,,
2020,England,North Lincolnshire UA,268,,
2020,England,North Northamptonshire UA,618,,
2020,England,North Somerset UA,344,,
2020,England,North Yorkshire UA,946,,
2020,England,Northumberland UA,484,,
2020,England,Nottingham UA,362,,
2020,England,Nottinghamshire,1282,,
2020,England,Outer London,7393,,
2020,England,Oxfordshire,1036,,
2020,England,Peterborough UA,342,,
2020,England,Plymouth UA,463,,
2020,England,Portsmouth UA,332,,
2020,England,Reading UA,232,,
2020,England,Redcar and Cleveland UA,196,,
2020,England,Rutland UA,63,,
2020,England,Shropshire UA,529,,
2020,England,Slough UA,282,,
2020,England,Somerset UA,1027,,
2020,England,South Gloucestershire UA,413,,
2020,England,South Yorkshire (Met County),1894,,
2020,England,Southampton UA,345,,
2020,England,Southend-on-Sea UA,317,,
2020,England,Staffordshire,1322,,
2020,England,Stockton-on-Tees UA,249,,
2020,England,Stoke-on-Trent UA,392,,
2020,England,Suffolk,1234,,
2020,England,Surrey,1779,,
2020,England,Swindon UA,408,,
2020,England,Telford and Wrekin UA,325,,
2020,England,Thurrock UA,289,,
2020,England,Torbay UA,249,,
2020,England,Tyne and Wear (Met County),1407,,
2020,England,Warrington UA,335,,
2020,England,Warwickshire,945,,
2020,England,West Berkshire UA,256,,
2020,England,West Midlands (Met County),3771,,
2020,England,West Northamptonshire UA,719,,
2020,England,West Sussex,1485,,
2020,England,West Yorkshire (Met County),3060,,
2020,England,Westmorland and Furness UA,294,,
2020,England,Wiltshire UA,967,,
2020,England,Windsor and Maidenhead UA,261,,
2020,England,Wokingham UA,267,,
2020,England,Worcestershire,942,,
2020,England,York UA,258,,
2020,Invalid postcode or foreign,Invalid postcode or foreign,722,,
2020,Unknown,Unknown,11648,,
2020,Wales,Blaenau Gwent,100,,
2020,Wales,Bridgend,245,,
2020,Wales,Caerphilly,291,,
2020,Wales,Cardiff,443,,
2020,Wales,Carmarthenshire,341,,
2020,Wales,Ceredigion,93,,
2020,Wales,Conwy,178,,
2020,Wales,Denbighshire,162,,
2020,Wales,Flintshire,292,,
2020,Wales,Gwynedd,132,,
2020,Wales,Isle of Anglesey,101,,
2020,Wales,Merthyr Tydfil,75,,
2020,Wales,Monmouthshire,164,,
2020,Wales,Neath Port Talbot,201,,
2020,Wales,Newport,232,,
2020,Wales,Pembrokeshire,186,,
2020,Wales,Powys,194,,
2020,Wales,Rhondda Cynon Taf,387,,
2020,Wales,Swansea,357,,
2020,Wales,Torfaen,154,,
2020,Wales,Vale of Glamorgan,233,,
2020,Wales,Wrexham,225,,
2021,Confidentiality requested,Confidentiality requested,14187,,
2021,England,Bath and North East Somerset UA,183,,
2021,England,Bedford UA,232,,
2021,England,Blackburn with Darwen UA,171,,
2021,England,Blackpool UA,169,,
2021,England,"Bournemouth, Christchurch and Poole UA",540,,
2021,England,Bracknell Forest UA,164,,
2021,England,Brighton and Hove UA,328,,
2021,England,"Bristol, City of UA",463,,
2021,England,Buckinghamshire UA,672,,
2021,England,Cambridgeshire,769,,
2021,England,Central Bedfordshire UA,411,,
2021,England,Cheshire East UA,495,,
2021,England,Cheshire West and Chester UA,409,,
2021,England,Cornwall & Isles of Scilly,831,,
2021,England,County Durham UA,629,,
2021,England,Cumberland UA,298,,
2021,England,Darlington UA,125,,
2021,England,Derby UA,262,,
2021,England,Derbyshire,1025,,
2021,England,Devon,1061,,
2021,England,Dorset UA,481,,
2021,England,East Riding of Yorkshire UA,355,,
2021,England,East Sussex,727,,
2021,England,Essex,1760,,
2021,England,Gloucestershire,872,,
2021,England,Greater Manchester (Met County),2966,,
2021,England,Halton UA,159,,
2021,England,Hampshire,1920,,
2021,England,Hartlepool UA,100,,
2021,England,"Herefordshire, County of UA",251,,
2021,England,Hertfordshire,1432,,
2021,England,Inner London,3576,,
2021,England,Isle of Wight UA,186,,
2021,England,Kent,2007,,
2021,England,"Kingston upon Hull, City of UA",297,,
2021,England,Lancashire,1453,,
2021,England,Leicester UA,329,,
2021,England,Leicestershire,850,,
2021,England,Lincolnshire,937,,
2021,England,Luton UA,275,,
2021,England,Medway UA,408,,
2021,England,Merseyside (Met County),1342,,
2021,England,Middlesbrough UA,118,,
2021,England,Milton Keynes UA,408,,
2021,England,Norfolk,1112,,
2021,England,North East Lincolnshire UA,191,,
2021,England,North Lincolnshire UA,171,,
2021,England,North Northamptonshire UA,490,,
2021,England,North Somerset UA,284,,
2021,England,North Yorkshire UA,692,,
2021,England,Northumberland UA,434,,
2021,England,Nottingham UA,259,,
2021,England,Nottinghamshire,944,,
2021,England,Outer London,5908,,
2021,England,Oxfordshire,863,,
2021,England,Peterborough UA,287,,
2021,England,Plymouth UA,407,,
2021,England,Portsmouth UA,276,,
2021,England,Reading UA,176,,
2021,England,Redcar and Cleveland UA,159,,
2021,England,Rutland UA,47,,
2021,England,Shropshire UA,351,,
2021,England,Slough UA,200,,
2021,England,Somerset UA,799,,
2021,England,South Gloucestershire UA,304,,
2021,England,South Yorkshire (Met County),1402,,
2021,England,Southampton UA,323,,
2021,England,Southend-on-Sea UA,214,,
2021,England,Staffordshire,1091,,
2021,England,Stockton-on-Tees UA,180,,
2021,England,Stoke-on-Trent UA,335,,
2021,England,Suffolk,1004,,
2021,England,Surrey,1336,,
2021,England,Swindon UA,337,,
2021,England,Telford and Wrekin UA,242,,
2021,England,Thurrock UA,259,,
2021,England,Torbay UA,181,,
2021,England,Tyne and Wear (Met County),1114,,
2021,England,Warrington UA,227,,
2021,England,Warwickshire,706,,
2021,England,West Berkshire UA,204,,
2021,England,West Midlands (Met County),2902,,
2021,England,West Northamptonshire UA,539,,
2021,England,West Sussex,1130,,
2021,England,West Yorkshire (Met County),2357,,
2021,England,Westmorland and Furness UA,204,,
2021,England,Wiltshire UA,749,,
2021,England,Windsor and Maidenhead UA,183,,
2021,England,Wokingham UA,191,,
2021,England,Worcestershire,726,,
2021,England,York UA,200,,
2021,Invalid postcode or foreign,Invalid postcode or foreign,381,,
2021,Unknown,Unknown,25615,,
2021,Wales,Blaenau Gwent,88,,
2021,Wales,Bridgend,225,,
2021,Wales,Caerphilly,213,,
2021,Wales,Cardiff,348,,
2021,Wales,Carmarthenshire,251,,
2021,Wales,Ceredigion,79,,
2021,Wales,Conwy,141,,
2021,Wales,Denbighshire,131,,
2021,Wales,Flintshire,200,,
2021,Wales,Gwynedd,129,,
2021,Wales,Isle of Anglesey,86,,
2021,Wales,Merthyr Tydfil,58,,
2021,Wales,Monmouthshire,117,,
2021,Wales,Neath Port Talbot,168,,
2021,Wales,Newport,223,,
2021,Wales,Pembrokeshire,154,,
2021,Wales,Powys,150,,
2021,Wales,Rhondda Cynon Taf,300,,
2021,Wales,Swansea,270,,
2021,Wales,Torfaen,126,,
2021,Wales,Vale of Glamorgan,169,,
2021,Wales,Wrexham,169,,
2022,Confidentiality requested,Confidentiality requested,25630,,
2022,England,Bath and North East Somerset UA,348,,
2022,England,Bedford UA,391,,
2022,England,Blackburn with Darwen UA,177,,
2022,England,Blackpool UA,230,,
2022,England,"Bournemouth, Christchurch and Poole UA",835,,
2022,England,Bracknell Forest UA,262,,
2022,England,Brighton and Hove UA,542,,
2022,England,"Bristol, City of UA",774,,
2022,England,Buckinghamshire UA,1014,,
2022,England,Cambridgeshire,1330,,
2022,England,Central Bedfordshire UA,590,,
2022,England,Cheshire East UA,807,,
2022,England,Cheshire West and Chester UA,636,,
2022,England,Cornwall & Isles of Scilly,1194,,
2022,England,County Durham UA,898,,
2022,England,Cumberland UA,466,,
2022,England,Darlington UA,199,,
2022,England,Derby UA,390,,
2022,England,Derbyshire,1668,,
2022,England,Devon,1674,,
2022,England,Dorset UA,804,,
2022,England,East Riding of Yorkshire UA,625,,
2022,England,East Sussex,1137,,
2022,England,Essex,2811,,
2022,England,Gloucestershire,1378,,
2022,England,Greater Manchester (Met County),4264,,
2022,England,Halton UA,181,,
2022,England,Hampshire,3032,,
2022,England,Hartlepool UA,175,,
2022,England,"Herefordshire, County of UA",409,,
2022,England,Hertfordshire,2192,,
2022,England,Inner London,5394,,
2022,England,Isle of Wight UA,296,,
2022,England,Kent,3202,,
2022,England,"Kingston upon Hull, City of UA",406,,
2022,England,Lancashire,2143,,
2022,England,Leicester UA,491,,
2022,England,Leicestershire,1432,,
2022,England,Lincolnshire,1603,,
2022,England,Luton UA,322,,
2022,England,Medway UA,535,,
2022,England,Merseyside (Met County),1915,,
2022,England,Middlesbrough UA,193,,
2022,England,Milton Keynes UA,617,,
2022,England,Norfolk,1816,,
2022,England,North East Lincolnshire UA,316,,
2022,England,North Lincolnshire UA,301,,
2022,England,North Northamptonshire UA,789,,
2022,England,North Somerset UA,485,,
2022,England,North Yorkshire UA,1272,,
2022,England,Northumberland UA,632,,
2022,England,Nottingham UA,423,,
2022,England,Nottinghamshire,1571,,
2022,England,Outer London,8620,,
2022,England,Oxfordshire,1411,,
2022,England,Peterborough UA,430,,
2022,England,Plymouth UA,508,,
2022,England,Portsmouth UA,414,,
2022,England,Reading UA,280,,
2022,England,Redcar and Cleveland UA,248,,
2022,England,Rutland UA,71,,
2022,England,Shropshire UA,556,,
2022,England,Slough UA,248,,
2022,England,Somerset UA,1255,,
2022,England,South Gloucestershire UA,533,,
2022,England,South Yorkshire (Met County),2251,,
2022,England,Southampton UA,447,,
2022,England,Southend-on-Sea UA,383,,
2022,England,Staffordshire,1683,,
2022,England,Stockton-on-Tees UA,364,,
2022,England,Stoke-on-Trent UA,469,,
2022,England,Suffolk,1588,,
2022,England,Surrey,2299,,
2022,England,Swindon UA,455,,
2022,England,Telford and Wrekin UA,355,,
2022,England,Thurrock UA,347,,
2022,England,Torbay UA,290,,
2022,England,Tyne and Wear (Met County),1684,,
2022,England,Warrington UA,394,,
2022,England,Warwickshire,1272,,
2022,England,West Berkshire UA,338,,
2022,England,West Midlands (Met County),4109,,
2022,England,West Northamptonshire UA,892,,
2022,England,West Sussex,1858,,
2022,England,West Yorkshire (Met County),3821,,
2022,England,Westmorland and Furness UA,431,,
2022,England,Wiltshire UA,1125,,
2022,England,Windsor and Maidenhead UA,282,,
2022,England,Wokingham UA,321,,
2022,England,Worcestershire,1226,,
2022,England,York UA,317,,
2022,Invalid postcode or foreign,Invalid postcode or foreign,2187,,
2022,Unknown,Unknown,9276,,
2022,Wales,Blaenau Gwent,95,,
2022,Wales,Bridgend,230,,
2022,Wales,Caerphilly,303,,
2022,Wales,Cardiff,529,,
2022,Wales,Carmarthenshire,323,,
2022,Wales,Ceredigion,122,,
2022,Wales,Conwy,167,,
2022,Wales,Denbighshire,183,,
2022,Wales,Flintshire,269,,
2022,Wales,Gwynedd,138,,
2022,Wales,Isle of Anglesey,93,,
2022,Wales,Merthyr Tydfil,90,,
2022,Wales,Monmouthshire,169,,
2022,Wales,Neath Port Talbot,256,,
2022,Wales,Newport,249,,
2022,Wales,Pembrokeshire,231,,
2022,Wales,Powys,216,,
2022,Wales,Rhondda Cynon Taf,382,,
2022,Wales,Swansea,362,,
2022,Wales,Torfaen,170,,
2022,Wales,Vale of Glamorgan,244,,
2022,Wales,Wrexham,204,,
2023,Confidentiality requested,Confidentiality requested,27139,,
2023,England,Bath and North East Somerset UA,356,,
2023,England,Bedford UA,372,,
2023,England,Blackburn with Darwen UA,188,,
2023,England,Blackpool UA,248,,
2023,England,"Bournemouth, Christchurch and Poole UA",759,,
2023,England,Bracknell Forest UA,265,,
2023,England,Brighton and Hove UA,604,,
2023,England,"Bristol, City of UA",686,,
2023,England,Buckinghamshire UA,1112,,
2023,England,Cambridgeshire,1259,,
2023,England,Central Bedfordshire UA,705,,
2023,England,Cheshire East UA,902,,
2023,England,Cheshire West and Chester UA,697,,
2023,England,Cornwall & Isles of Scilly,1275,,
2023,England,County Durham UA,899,,
2023,England,Cumberland UA,450,,
2023,England,Darlington UA,215,,
2023,England,Derby UA,429,,
2023,England,Derbyshire,1602,,
2023,England,Devon,1786,,
2023,England,Dorset UA,823,,
2023,England,East Riding of Yorkshire UA,750,,
2023,England,East Sussex,1131,,
2023,England,Essex,3035,,
2023,England,Gloucestershire,1278,,
2023,England,Greater Manchester (Met County),4582,,
2023,England,Halton UA,234,,
2023,England,Hampshire,3181,,
2023,England,Hartlepool UA,152,,
2023,England,"Herefordshire, County of UA",389,,
2023,England,Hertfordshire,2173,,
2023,England,Inner London,5815,,
2023,England,Isle of Wight UA,266,,
2023,England,Kent,3342,,
2023,England,"Kingston upon Hull, City of UA",376,,
2023,England,Lancashire,2211,,
2023,England,Leicester UA,495,,
2023,England,Leicestershire,1476,,
2023,England,Lincolnshire,1702,,
2023,England,Luton UA,350,,
2023,England,Medway UA,602,,
2023,England,Merseyside (Met County),1952,,
2023,England,Middlesbrough UA,203,,
2023,England,Milton Keynes UA,576,,
2023,England,Norfolk,1937,,
2023,England,North East Lincolnshire UA,304,,
2023,England,North Lincolnshire UA,377,,
2023,England,North Northamptonshire UA,771,,
2023,England,North Somerset UA,525,,
2023,England,North Yorkshire UA,1376,,
2023,England,Northumberland UA,638,,
2023,England,Nottingham UA,426,,
2023,England,Nottinghamshire,1684,,
2023,England,Outer London,9141,,
2023,England,Oxfordshire,1469,,
2023,England,Peterborough UA,412,,
2023,England,Plymouth UA,596,,
2023,England,Portsmouth UA,384,,
2023,England,Reading UA,291,,
2023,England,Redcar and Cleveland UA,282,,
2023,England,Rutland UA,105,,
2023,England,Shropshire UA,598,,
2023,England,Slough UA,280,,
2023,England,Somerset UA,1322,,
2023,England,South Gloucestershire UA,543,,
2023,England,South Yorkshire (Met County),2310,,
2023,England,Southampton UA,424,,
2023,England,Southend-on-Sea UA,320,,
2023,England,Staffordshire,1746,,
2023,England,Stockton-on-Tees UA,332,,
2023,England,Stoke-on-Trent UA,429,,
2023,England,Suffolk,1607,,
2023,England,Surrey,2424,,
2023,England,Swindon UA,496,,
2023,England,Telford and Wrekin UA,367,,
2023,England,Thurrock UA,290,,
2023,England,Torbay UA,282,,
2023,England,Tyne and Wear (Met County),1792,,
2023,England,Warrington UA,451,,
2023,England,Warwickshire,1288,,
2023,England,West Berkshire UA,325,,
2023,England,West Midlands (Met County),4124,,
2023,England,West Northamptonshire UA,906,,
2023,England,West Sussex,1965,,
2023,England,West Yorkshire (Met County),4065,,
2023,England,Westmorland and Furness UA,391,,
2023,England,Wiltshire UA,1171,,
2023,England,Windsor and Maidenhead UA,344,,
2023,England,Wokingham UA,344,,
2023,England,Worcestershire,1233,,
2023,England,York UA,356,,
2023,Invalid postcode or foreign,Invalid postcode or foreign,2713,,
2023,Unknown,Unknown,280,,
2023,Wales,Blaenau Gwent,127,,
2023,Wales,Bridgend,280,,
2023,Wales,Caerphilly,310,,
2023,Wales,Cardiff,463,,
2023,Wales,Carmarthenshire,366,,
2023,Wales,Ceredigion,108,,
2023,Wales,Conwy,226,,
2023,Wales,Denbighshire,161,,
2023,Wales,Flintshire,284,,
2023,Wales,Gwynedd,177,,
2023,Wales,Isle of Anglesey,99,,
2023,Wales,Merthyr Tydfil,75,,
2023,Wales,Monmouthshire,172,,
2023,Wales,Neath Port Talbot,241,,
2023,Wales,Newport,292,,
2023,Wales,Pembrokeshire,218,,
2023,Wales,Powys,279,,
2023,Wales,Rhondda Cynon Taf,385,,
2023,Wales,Swansea,385,,
2023,Wales,Torfaen,182,,
2023,Wales,Vale of Glamorgan,264,,
2023,Wales,Wrexham,247,,
2024,Confidentiality requested,Confidentiality requested,27392,,
2024,England,Bath and North East Somerset UA,354,,
2024,England,Bedford UA,368,,
2024,England,Blackburn with Darwen UA,186,,
2024,England,Blackpool UA,225,,
2024,England,"Bournemouth, Christchurch and Poole UA",882,,
2024,England,Bracknell Forest UA,265,,
2024,England,Brighton and Hove UA,572,,
2024,England,"Bristol, City of UA",728,,
2024,England,Buckinghamshire UA,1160,,
2024,England,Cambridgeshire,1312,,
2024,England,Central Bedfordshire UA,666,,
2024,England,Cheshire East UA,831,,
2024,England,Cheshire West and Chester UA,712,,
2024,England,Cornwall & Isles of Scilly,1296,,
2024,England,County Durham UA,893,,
2024,England,Cumberland UA,463,,
2024,England,Darlington UA,208,,
2024,England,Derby UA,402,,
2024,England,Derbyshire,1593,,
2024,England,Devon,1738,,
2024,England,Dorset UA,809,,
2024,England,East Riding of Yorkshire UA,714,,
2024,England,East Sussex,1182,,
2024,England,Essex,2954,,
2024,England,Gloucestershire,1426,,
2024,England,Greater Manchester (Met County),4322,,
2024,England,Halton UA,203,,
2024,England,Hampshire,3068,,
2024,England,Hartlepool UA,135,,
2024,England,"Herefordshire, County of UA",352,,
2024,England,Hertfordshire,2256,,
2024,England,Inner London,5798,,
2024,England,Isle of Wight UA,283,,
2024,England,Kent,3337,,
2024,England,"Kingston upon Hull, City of UA",475,,
2024,England,Lancashire,2185,,
2024,England,Leicester UA,490,,
2024,England,Leicestershire,1421,,
2024,England,Lincolnshire,1530,,
2024,England,Luton UA,350,,
2024,England,Medway UA,532,,
2024,England,Merseyside (Met County),1934,,
2024,England,Middlesbrough UA,176,,
2024,England,Milton Keynes UA,608,,
2024,England,Norfolk,1786,,
2024,England,North East Lincolnshire UA,270,,
2024,England,North Lincolnshire UA,345,,
2024,England,North Northamptonshire UA,750,,
2024,England,North Somerset UA,483,,
2024,England,North Yorkshire UA,1297,,
2024,England,Northumberland UA,620,,
2024,England,Nottingham UA,428,,
2024,England,Nottinghamshire,1630,,
2024,England,Outer London,9176,,
2024,England,Oxfordshire,1430,,
2024,England,Peterborough UA,418,,
2024,England,Plymouth UA,514,,
2024,England,Portsmouth UA,350,,
2024,England,Reading UA,270,,
2024,England,Redcar and Cleveland UA,206,,
2024,England,Rutland UA,88,,
2024,England,Shropshire UA,594,,
2024,England,Slough UA,236,,
2024,England,Somerset UA,1263,,
2024,England,South Gloucestershire UA,553,,
2024,England,South Yorkshire (Met County),2292,,
2024,England,Southampton UA,402,,
2024,England,Southend-on-Sea UA,378,,
2024,England,Staffordshire,1703,,
2024,England,Stockton-on-Tees UA,349,,
2024,England,Stoke-on-Trent UA,409,,
2024,England,Suffolk,1594,,
2024,England,Surrey,2410,,
2024,England,Swindon UA,471,,
2024,England,Telford and Wrekin UA,357,,
2024,England,Thurrock UA,330,,
2024,England,Torbay UA,265,,
2024,England,Tyne and Wear (Met County),1627,,
2024,England,Warrington UA,373,,
2024,England,Warwickshire,1357,,
2024,England,West Berkshire UA,329,,
2024,England,West Midlands (Met County),4154,,
2024,England,West Northamptonshire UA,940,,
2024,England,West Sussex,1957,,
2024,England,West Yorkshire (Met County),3873,,
2024,England,Westmorland and Furness UA,403,,
2024,England,Wiltshire UA,1137,,
2024,England,Windsor and Maidenhead UA,335,,
2024,England,Wokingham UA,342,,
2024,England,Worcestershire,1149,,
2024,England,York UA,395,,
2024,Invalid postcode or foreign,Invalid postcode or foreign,2600,,
2024,Unknown,Unknown,247,,
2024,Wales,Blaenau Gwent,117,,
2024,Wales,Bridgend,286,,
2024,Wales,Caerphilly,282,,
2024,Wales,Cardiff,534,,
2024,Wales,Carmarthenshire,290,,
2024,Wales,Ceredigion,108,,
2024,Wales,Conwy,220,,
2024,Wales,Denbighshire,153,,
2024,Wales,Flintshire,312,,
2024,Wales,Gwynedd,162,,
2024,Wales,Isle of Anglesey,100,,
2024,Wales,Merthyr Tydfil,83,,
2024,Wales,Monmouthshire,184,,
2024,Wales,Neath Port Talbot,260,,
2024,Wales,Newport,292,,
2024,Wales,Pembrokeshire,215,,
2024,Wales,Powys,230,,
2024,Wales,Rhondda Cynon Taf,397,,
2024,Wales,Swansea,380,,
2024,Wales,Torfaen,139,,
2024,Wales,Vale of Glamorgan,252,,
2024,Wales,Wrexham,241,,
2025,Confidentiality requested,Confidentiality requested,24606,,
2025,England,Bath and North East Somerset UA,392,,
2025,England,Bedford UA,376,,
2025,England,Blackburn with Darwen UA,212,,
2025,England,Blackpool UA,279,,
2025,England,"Bournemouth, Christchurch and Poole UA",874,,
2025,England,Bracknell Forest UA,279,,
2025,England,Brighton and Hove UA,573,,
2025,England,"Bristol, City of UA",754,,
2025,England,Buckinghamshire UA,1168,,
2025,England,Cambridgeshire,1379,,
2025,England,Central Bedfordshire UA,673,,
2025,England,Cheshire East UA,847,,
2025,England,Cheshire West and Chester UA,714,,
2025,England,Cornwall & Isles of Scilly,1241,,
2025,England,County Durham UA,913,,
2025,England,Cumberland UA,527,,
2025,England,Darlington UA,212,,
2025,England,Derby UA,460,,
2025,England,Derbyshire,1736,,
2025,England,Devon,1773,,
2025,England,Dorset UA,788,,
2025,England,East Riding of Yorkshire UA,705,,
2025,England,East Sussex,1259,,
2025,England,Essex,2945,,
2025,England,Gloucestershire,1461,,
2025,England,Greater Manchester (Met County),4681,,
2025,England,Halton UA,229,,
2025,England,Hampshire,3297,,
2025,England,Hartlepool UA,149,,
2025,England,"Herefordshire, County of UA",431,,
2025,England,Hertfordshire,2332,,
2025,England,Inner London,5864,,
2025,England,Isle of Wight UA,287,,
2025,England,Kent,3456,,
2025,England,"Kingston upon Hull, City of UA",408,,
2025,England,Lancashire,2267,,
2025,England,Leicester UA,539,,
2025,England,Leicestershire,1501,,
2025,England,Lincolnshire,1560,,
2025,England,Luton UA,344,,
2025,England,Medway UA,518,,
2025,England,Merseyside (Met County),2022,,
2025,England,Middlesbrough UA,196,,
2025,England,Milton Keynes UA,615,,
2025,England,Norfolk,1833,,
2025,England,North East Lincolnshire UA,314,,
2025,England,North Lincolnshire UA,341,,
2025,England,North Northamptonshire UA,779,,
2025,England,North Somerset UA,511,,
2025,England,North Yorkshire UA,1308,,
2025,England,Northumberland UA,636,,
2025,England,Nottingham UA,459,,
2025,England,Nottinghamshire,1621,,
2025,England,Outer London,9434,,
2025,England,Oxfordshire,1456,,
2025,England,Peterborough UA,386,,
2025,England,Plymouth UA,539,,
2025,England,Portsmouth UA,346,,
2025,England,Reading UA,281,,
2025,England,Redcar and Cleveland UA,228,,
2025,England,Rutland UA,105,,
2025,England,Shropshire UA,678,,
2025,England,Slough UA,280,,
2025,England,Somerset UA,1305,,
2025,England,South Gloucestershire UA,586,,
2025,England,South Yorkshire (Met County),2344,,
2025,England,Southampton UA,389,,
2025,England,Southend-on-Sea UA,324,,
2025,England,Staffordshire,1680,,
2025,England,Stockton-on-Tees UA,329,,
2025,England,Stoke-on-Trent UA,427,,
2025,England,Suffolk,1528,,
2025,England,Surrey,2510,,
2025,England,Swindon UA,493,,
2025,England,Telford and Wrekin UA,364,,
2025,England,Thurrock UA,352,,
2025,England,Torbay UA,313,,
2025,England,Tyne and Wear (Met County),1691,,
2025,England,Warrington UA,412,,
2025,England,Warwickshire,1287,,
2025,England,West Berkshire UA,344,,
2025,England,West Midlands (Met County),4567,,
2025,England,West Northamptonshire UA,908,,
2025,England,West Sussex,1954,,
2025,England,West Yorkshire (Met County),4043,,
2025,England,Westmorland and Furness UA,439,,
2025,England,Wiltshire UA,1230,,
2025,England,Windsor and Maidenhead UA,306,,
2025,England,Wokingham UA,360,,
2025,England,Worcestershire,1174,,
2025,England,York UA,369,,
2025,Invalid postcode or foreign,Invalid postcode or foreign,2598,,
2025,Unknown,Unknown,259,,
2025,Wales,Blaenau Gwent,109,,
2025,Wales,Bridgend,305,,
2025,Wales,Caerphilly,330,,
2025,Wales,Cardiff,560,,
2025,Wales,Carmarthenshire,328,,
2025,Wales,Ceredigion,129,,
2025,Wales,Conwy,220,,
2025,Wales,Denbighshire,164,,
2025,Wales,Flintshire,318,,
2025,Wales,Gwynedd,148,,
2025,Wales,Isle of Anglesey,117,,
2025,Wales,Merthyr Tydfil,81,,
2025,Wales,Monmouthshire,214,,
2025,Wales,Neath Port Talbot,248,,
2025,Wales,Newport,256,,
2025,Wales,Pembrokeshire,202,,
2025,Wales,Powys,244,,
2025,Wales,Rhondda Cynon Taf,355,,
2025,Wales,Swansea,376,,
2025,Wales,Torfaen,160,,
2025,Wales,Vale of Glamorgan,274,,
2025,Wales,Wrexham,205,,
