YEAR,QUARTER,DIGITAL_PAPER,APPLICATION_TYPE,STOPPED,GRANTS_ISSUED,SUB_TO_ISS_MEAN,SUB_TO_ISS_MEDIAN,DOC_TO_ISS_MEAN,DOC_TO_ISS_MEDIAN
2019,2,All,All grants,All,45416,8.056,7.286,7.961,7.143
2019,2,All,All grants,NOT STOPPED,39150,7.738,7,7.665,6.857
2019,2,All,All grants,STOPPED,6266,10.041,9.143,9.813,9
2019,2,All,Letter of Administration,All,5565,8.793,7.286,8.793,7.286
2019,2,All,Letter of Administration,NOT STOPPED,4913,8.495,7,8.495,7
2019,2,All,Letter of Administration,STOPPED,652,11.043,9.857,11.043,9.857
2019,2,All,Letter of Administration with will annexed,All,1991,9.699,8.429,9.698,8.429
2019,2,All,Letter of Administration with will annexed,NOT STOPPED,1641,9.352,8,9.352,8
2019,2,All,Letter of Administration with will annexed,STOPPED,350,11.327,10,11.32,10
2019,2,All,Probate,All,37860,7.861,7.143,7.748,7
2019,2,All,Probate,NOT STOPPED,32596,7.543,7,7.455,6.714
2019,2,All,Probate,STOPPED,5264,9.831,9.143,9.56,8.857
2019,2,Digital,All grants,All,6541,7.858,7.286,7.201,6.429
2019,2,Digital,All grants,NOT STOPPED,4560,7.207,6.857,6.577,6.143
2019,2,Digital,All grants,STOPPED,1981,9.356,8.714,8.636,8
2019,2,Digital,Letter of Administration,All,20,16.393,13.5,16.393,13.5
2019,2,Digital,Letter of Administration,NOT STOPPED,18,16.81,14.214,16.81,14.214
2019,2,Digital,Letter of Administration,STOPPED,2,12.643,12.643,12.643,12.643
2019,2,Digital,Letter of Administration with will annexed,All,42,14.357,11.643,14.299,11.643
2019,2,Digital,Letter of Administration with will annexed,NOT STOPPED,25,15.549,12.429,15.549,12.429
2019,2,Digital,Letter of Administration with will annexed,STOPPED,17,12.605,11,12.462,11
2019,2,Digital,Probate,All,6479,7.789,7.286,7.126,6.429
2019,2,Digital,Probate,NOT STOPPED,4517,7.122,6.857,6.487,6.143
2019,2,Digital,Probate,STOPPED,1962,9.324,8.714,8.599,8
2019,2,Paper,All grants,All,38584,8.108,7.286,8.108,7.286
2019,2,Paper,All grants,NOT STOPPED,34335,7.828,7,7.828,7
2019,2,Paper,All grants,STOPPED,4249,10.373,9.571,10.373,9.571
2019,2,Paper,Letter of Administration,All,5497,8.798,7.286,8.798,7.286
2019,2,Paper,Letter of Administration,NOT STOPPED,4851,8.497,7,8.497,7
2019,2,Paper,Letter of Administration,STOPPED,646,11.061,9.857,11.061,9.857
2019,2,Paper,Letter of Administration with will annexed,All,1942,9.615,8.286,9.615,8.286
2019,2,Paper,Letter of Administration with will annexed,NOT STOPPED,1609,9.274,8,9.274,8
2019,2,Paper,Letter of Administration with will annexed,STOPPED,333,11.261,10,11.261,10
2019,2,Paper,Probate,All,31145,7.892,7.143,7.892,7.143
2019,2,Paper,Probate,NOT STOPPED,27875,7.628,7,7.628,7
2019,2,Paper,Probate,STOPPED,3270,10.147,9.429,10.147,9.429
2019,3,All,All grants,All,66701,9.832,8.143,9.711,8.143
2019,3,All,All grants,NOT STOPPED,50978,8.624,7.857,8.536,7.857
2019,3,All,All grants,STOPPED,15723,13.746,13,13.52,12.714
2019,3,All,Letter of Administration,All,9885,10.729,8.429,10.729,8.429
2019,3,All,Letter of Administration,NOT STOPPED,7472,9.425,8,9.425,8
2019,3,All,Letter of Administration,STOPPED,2413,14.768,13.571,14.768,13.571
2019,3,All,Letter of Administration with will annexed,All,3413,11.835,8.857,11.831,8.857
2019,3,All,Letter of Administration with will annexed,NOT STOPPED,2248,10.031,8,10.031,8
2019,3,All,Letter of Administration with will annexed,STOPPED,1165,15.316,14,15.304,14
2019,3,All,Probate,All,53403,9.538,8,9.387,8
2019,3,All,Probate,NOT STOPPED,41258,8.403,7.857,8.293,7.714
2019,3,All,Probate,STOPPED,12145,13.393,12.857,13.101,12.429
2019,3,Digital,All grants,All,7224,9.465,7.571,8.347,6.714
2019,3,Digital,All grants,NOT STOPPED,4210,7.802,6.714,6.728,5.571
2019,3,Digital,All grants,STOPPED,3014,11.787,11.571,10.608,10.286
2019,3,Digital,Letter of Administration,All,36,13.425,8.286,13.425,8.286
2019,3,Digital,Letter of Administration,NOT STOPPED,26,13.016,8.286,13.016,8.286
2019,3,Digital,Letter of Administration,STOPPED,10,14.486,12.429,14.486,12.429
2019,3,Digital,Letter of Administration with will annexed,All,27,17.46,17.571,16.926,17
2019,3,Digital,Letter of Administration with will annexed,NOT STOPPED,13,13.912,8.429,13.912,8.429
2019,3,Digital,Letter of Administration with will annexed,STOPPED,14,20.755,18.286,19.724,17.643
2019,3,Digital,Probate,All,7161,9.415,7.571,8.289,6.714
2019,3,Digital,Probate,NOT STOPPED,4171,7.75,6.714,6.666,5.571
2019,3,Digital,Probate,STOPPED,2990,11.736,11.571,10.553,10.286
2019,3,Paper,All grants,All,59306,9.87,8.143,9.87,8.143
2019,3,Paper,All grants,NOT STOPPED,46646,8.691,7.857,8.691,7.857
2019,3,Paper,All grants,STOPPED,12660,14.211,13.429,14.211,13.429
2019,3,Paper,Letter of Administration,All,9812,10.713,8.429,10.713,8.429
2019,3,Paper,Letter of Administration,NOT STOPPED,7422,9.407,8,9.407,8
2019,3,Paper,Letter of Administration,STOPPED,2390,14.77,13.571,14.77,13.571
2019,3,Paper,Letter of Administration with will annexed,All,3375,11.793,8.857,11.793,8.857
2019,3,Paper,Letter of Administration with will annexed,NOT STOPPED,2229,10.009,8,10.009,8
2019,3,Paper,Letter of Administration with will annexed,STOPPED,1146,15.264,14,15.264,14
2019,3,Paper,Probate,All,46119,9.549,8.143,9.549,8.143
2019,3,Paper,Probate,NOT STOPPED,36995,8.468,7.857,8.468,7.857
2019,3,Paper,Probate,STOPPED,9124,13.933,13.286,13.933,13.286
2019,4,All,All grants,All,67885,8.233,5.714,8.07,5.571
2019,4,All,All grants,NOT STOPPED,46832,5.85,4.286,5.731,4.286
2019,4,All,All grants,STOPPED,21053,13.536,11.571,13.274,11.286
2019,4,All,Letter of Administration,All,10218,9.486,6.429,9.486,6.429
2019,4,All,Letter of Administration,NOT STOPPED,6766,6.464,4.571,6.464,4.571
2019,4,All,Letter of Administration,STOPPED,3452,15.409,13.714,15.409,13.714
2019,4,All,Letter of Administration with will annexed,All,3283,10.867,7,10.864,7
2019,4,All,Letter of Administration with will annexed,NOT STOPPED,1747,6.501,4.143,6.498,4.143
2019,4,All,Letter of Administration with will annexed,STOPPED,1536,15.833,13.714,15.831,13.714
2019,4,All,Probate,All,54384,7.839,5.571,7.636,5.429
2019,4,All,Probate,NOT STOPPED,38319,5.712,4.286,5.567,4.286
2019,4,All,Probate,STOPPED,16065,12.914,10.857,12.57,10.571
2019,4,Digital,All grants,All,12040,10.028,9,9.108,8.286
2019,4,Digital,All grants,NOT STOPPED,6584,8.447,8.429,7.603,7.714
2019,4,Digital,All grants,STOPPED,5456,11.937,9.857,10.926,9.214
2019,4,Digital,Letter of Administration,All,976,8.507,8.857,8.507,8.857
2019,4,Digital,Letter of Administration,NOT STOPPED,735,7.848,8.714,7.848,8.714
2019,4,Digital,Letter of Administration,STOPPED,241,10.516,10.429,10.516,10.429
2019,4,Digital,Letter of Administration with will annexed,All,11,22.026,21.429,21.182,20.714
2019,4,Digital,Letter of Administration with will annexed,NOT STOPPED,4,21.607,22.643,20.25,20.429
2019,4,Digital,Letter of Administration with will annexed,STOPPED,7,22.265,21.429,21.714,20.714
2019,4,Digital,Probate,All,11053,10.151,9,9.15,8.286
2019,4,Digital,Probate,NOT STOPPED,5845,8.513,8.429,7.563,7.571
2019,4,Digital,Probate,STOPPED,5208,11.989,9.857,10.93,9.143
2019,4,Paper,All grants,All,55718,7.844,5,7.844,5
2019,4,Paper,All grants,NOT STOPPED,40158,5.424,4.143,5.424,4.143
2019,4,Paper,All grants,STOPPED,15560,14.088,12.286,14.088,12.286
2019,4,Paper,Letter of Administration,All,9225,9.581,6,9.581,6
2019,4,Paper,Letter of Administration,NOT STOPPED,6023,6.294,4.286,6.294,4.286
2019,4,Paper,Letter of Administration,STOPPED,3202,15.764,14,15.764,14
2019,4,Paper,Letter of Administration with will annexed,All,3261,10.82,7,10.82,7
2019,4,Paper,Letter of Administration with will annexed,NOT STOPPED,1738,6.47,4.143,6.47,4.143
2019,4,Paper,Letter of Administration with will annexed,STOPPED,1523,15.784,13.571,15.784,13.571
2019,4,Paper,Probate,All,43232,7.249,4.714,7.249,4.714
2019,4,Paper,Probate,NOT STOPPED,32397,5.206,4,5.206,4
2019,4,Paper,Probate,STOPPED,10835,13.355,11.714,13.355,11.714
2020,,All,All grants,All,256706,7.231,4.857,6.734,4.571
2020,,All,All grants,NOT STOPPED,173112,4.609,3.857,4.205,3.571
2020,,All,All grants,STOPPED,83594,12.661,9.857,11.97,9.286
2020,,All,Letter of Administration,All,36693,8.298,5.286,8.298,5.286
2020,,All,Letter of Administration,NOT STOPPED,24781,4.838,4,4.838,4
2020,,All,Letter of Administration,STOPPED,11912,15.496,12,15.496,12
2020,,All,Letter of Administration with will annexed,All,10082,11.713,7.429,11.618,7.286
2020,,All,Letter of Administration with will annexed,NOT STOPPED,5267,6.263,4.714,6.225,4.714
2020,,All,Letter of Administration with will annexed,STOPPED,4815,17.674,13.143,17.517,13
2020,,All,Probate,All,209931,6.829,4.857,6.226,4.429
2020,,All,Probate,NOT STOPPED,143064,4.508,3.857,4.021,3.429
2020,,All,Probate,STOPPED,66867,11.795,9.286,10.943,8.571
2020,,Digital,All grants,All,73698,6.52,4.143,4.79,2.286
2020,,Digital,All grants,NOT STOPPED,43964,3.859,2.429,2.27,0.571
2020,,Digital,All grants,STOPPED,29734,10.453,8.286,8.515,6.286
2020,,Digital,Letter of Administration,All,8164,6.065,3.714,6.065,3.714
2020,,Digital,Letter of Administration,NOT STOPPED,5517,3.957,2.857,3.957,2.857
2020,,Digital,Letter of Administration,STOPPED,2647,10.46,7.857,10.46,7.857
2020,,Digital,Letter of Administration with will annexed,All,366,15.474,13.429,12.927,11.571
2020,,Digital,Letter of Administration with will annexed,NOT STOPPED,124,8.986,5.5,7.414,4.071
2020,,Digital,Letter of Administration with will annexed,STOPPED,242,18.799,15.571,15.751,13.786
2020,,Digital,Probate,All,65168,6.526,4.143,4.584,2.143
2020,,Digital,Probate,NOT STOPPED,38323,3.828,2.429,2.011,0.429
2020,,Digital,Probate,STOPPED,26845,10.377,8.286,8.258,6.143
2020,,Paper,All grants,All,182283,7.513,5.143,7.513,5.143
2020,,Paper,All grants,NOT STOPPED,128673,4.862,4.286,4.862,4.286
2020,,Paper,All grants,STOPPED,53610,13.876,10.714,13.876,10.714
2020,,Paper,Letter of Administration,All,28373,8.949,5.571,8.949,5.571
2020,,Paper,Letter of Administration,NOT STOPPED,19154,5.098,4.143,5.098,4.143
2020,,Paper,Letter of Administration,STOPPED,9219,16.949,13,16.949,13
2020,,Paper,Letter of Administration with will annexed,All,9675,11.557,7.143,11.557,7.143
2020,,Paper,Letter of Administration with will annexed,NOT STOPPED,5118,6.175,4.714,6.175,4.714
2020,,Paper,Letter of Administration with will annexed,STOPPED,4557,17.6,12.857,17.6,12.857
2020,,Paper,Probate,All,144235,6.959,5,6.959,5
2020,,Paper,Probate,NOT STOPPED,104401,4.754,4.143,4.754,4.143
2020,,Paper,Probate,STOPPED,39834,12.739,10,12.739,10
2020,1,All,All grants,All,61839,7.111,4.429,6.917,4.286
2020,1,All,All grants,NOT STOPPED,42632,4.682,3.571,4.544,3.571
2020,1,All,All grants,STOPPED,19207,12.505,9.429,12.183,9.286
2020,1,All,Letter of Administration,All,9300,8.239,4.857,8.239,4.857
2020,1,All,Letter of Administration,NOT STOPPED,5949,5.032,3.714,5.032,3.714
2020,1,All,Letter of Administration,STOPPED,3351,13.933,10.714,13.933,10.714
2020,1,All,Letter of Administration with will annexed,All,2775,10.828,6.286,10.824,6.286
2020,1,All,Letter of Administration with will annexed,NOT STOPPED,1436,5.814,3.714,5.814,3.714
2020,1,All,Letter of Administration with will annexed,STOPPED,1339,16.205,12.143,16.198,12.143
2020,1,All,Probate,All,49764,6.693,4.286,6.452,4.143
2020,1,All,Probate,NOT STOPPED,35247,4.576,3.571,4.41,3.429
2020,1,All,Probate,STOPPED,14517,11.834,9,11.409,8.714
2020,1,Digital,All grants,All,12254,6.752,4.571,5.77,3.571
2020,1,Digital,All grants,NOT STOPPED,6216,4.56,2.429,3.618,1.714
2020,1,Digital,All grants,STOPPED,6038,9.008,6.571,7.986,5.714
2020,1,Digital,Letter of Administration,All,1465,4.21,2.429,4.21,2.429
2020,1,Digital,Letter of Administration,NOT STOPPED,809,3.194,1.714,3.194,1.714
2020,1,Digital,Letter of Administration,STOPPED,656,5.463,3.571,5.463,3.571
2020,1,Digital,Letter of Administration with will annexed,All,9,11.762,11.143,10.698,9
2020,1,Digital,Letter of Administration with will annexed,NOT STOPPED,2,5.857,5.857,5.714,5.714
2020,1,Digital,Letter of Administration with will annexed,STOPPED,7,13.449,13.571,12.122,12.857
2020,1,Digital,Probate,All,10780,7.093,4.857,5.978,3.714
2020,1,Digital,Probate,NOT STOPPED,5405,4.764,2.571,3.68,1.571
2020,1,Digital,Probate,STOPPED,5375,9.435,6.714,8.288,5.857
2020,1,Paper,All grants,All,49466,7.195,4.429,7.195,4.429
2020,1,Paper,All grants,NOT STOPPED,36330,4.697,3.714,4.697,3.714
2020,1,Paper,All grants,STOPPED,13136,14.103,10.857,14.103,10.857
2020,1,Paper,Letter of Administration,All,7812,8.988,5.143,8.988,5.143
2020,1,Paper,Letter of Administration,NOT STOPPED,5122,5.313,3.857,5.313,3.857
2020,1,Paper,Letter of Administration,STOPPED,2690,15.988,12.714,15.988,12.714
2020,1,Paper,Letter of Administration with will annexed,All,2756,10.811,6.286,10.811,6.286
2020,1,Paper,Letter of Administration with will annexed,NOT STOPPED,1429,5.82,3.714,5.82,3.714
2020,1,Paper,Letter of Administration with will annexed,STOPPED,1327,16.186,12.143,16.186,12.143
2020,1,Paper,Probate,All,38898,6.578,4.143,6.578,4.143
2020,1,Paper,Probate,NOT STOPPED,29779,4.537,3.714,4.537,3.714
2020,1,Paper,Probate,STOPPED,9119,13.244,10.286,13.244,10.286
2020,2,All,All grants,All,56361,7.068,4.714,6.784,4.571
2020,2,All,All grants,NOT STOPPED,39284,4.593,3.714,4.343,3.714
2020,2,All,All grants,STOPPED,17077,12.763,10,12.401,9.857
2020,2,All,Letter of Administration,All,8428,8.286,5.286,8.286,5.286
2020,2,All,Letter of Administration,NOT STOPPED,5633,4.808,3.857,4.808,3.857
2020,2,All,Letter of Administration,STOPPED,2795,15.295,11.571,15.295,11.571
2020,2,All,Letter of Administration with will annexed,All,2439,10.759,6.714,10.745,6.714
2020,2,All,Letter of Administration with will annexed,NOT STOPPED,1273,5.785,4.286,5.782,4.286
2020,2,All,Letter of Administration with will annexed,STOPPED,1166,16.188,11.714,16.162,11.643
2020,2,All,Probate,All,45494,6.645,4.571,6.294,4.429
2020,2,All,Probate,NOT STOPPED,32378,4.508,3.714,4.205,3.571
2020,2,All,Probate,STOPPED,13116,11.919,9.571,11.45,9.143
2020,2,Digital,All grants,All,12422,6.162,3.857,4.875,2.286
2020,2,Digital,All grants,NOT STOPPED,8008,3.897,2.143,2.671,1
2020,2,Digital,All grants,STOPPED,4414,10.272,7.857,8.875,6.571
2020,2,Digital,Letter of Administration,All,1444,6.269,4.429,6.269,4.429
2020,2,Digital,Letter of Administration,NOT STOPPED,1087,4.595,3.429,4.595,3.429
2020,2,Digital,Letter of Administration,STOPPED,357,11.368,8.143,11.368,8.143
2020,2,Digital,Letter of Administration with will annexed,All,29,11.192,8,10.03,4.714
2020,2,Digital,Letter of Administration with will annexed,NOT STOPPED,12,8.321,2.643,8.024,2
2020,2,Digital,Letter of Administration with will annexed,STOPPED,17,13.218,12.571,11.445,10.286
2020,2,Digital,Probate,All,10949,6.134,3.714,4.678,2.143
2020,2,Digital,Probate,NOT STOPPED,6909,3.779,2.143,2.359,0.857
2020,2,Digital,Probate,STOPPED,4040,10.162,7.857,8.643,6.429
2020,2,Paper,All grants,All,43837,7.311,4.857,7.311,4.857
2020,2,Paper,All grants,NOT STOPPED,31218,4.763,4,4.763,4
2020,2,Paper,All grants,STOPPED,12619,13.615,10.714,13.615,10.714
2020,2,Paper,Letter of Administration,All,6971,8.705,5.286,8.705,5.286
2020,2,Paper,Letter of Administration,NOT STOPPED,4535,4.855,3.857,4.855,3.857
2020,2,Paper,Letter of Administration,STOPPED,2436,15.874,12.143,15.874,12.143
2020,2,Paper,Letter of Administration with will annexed,All,2408,10.712,6.714,10.712,6.714
2020,2,Paper,Letter of Administration with will annexed,NOT STOPPED,1259,5.674,4.286,5.674,4.286
2020,2,Paper,Letter of Administration with will annexed,STOPPED,1149,16.232,11.714,16.232,11.714
2020,2,Paper,Probate,All,34458,6.791,4.714,6.791,4.714
2020,2,Paper,Probate,NOT STOPPED,25424,4.701,4,4.701,4
2020,2,Paper,Probate,STOPPED,9034,12.673,10.286,12.673,10.286
2020,3,All,All grants,All,72547,7.058,5,6.439,4.714
2020,3,All,All grants,NOT STOPPED,50771,4.565,4.286,4.04,3.857
2020,3,All,All grants,STOPPED,21776,12.87,9.857,12.033,9
2020,3,All,Letter of Administration,All,9805,8.028,5.286,8.028,5.286
2020,3,All,Letter of Administration,NOT STOPPED,7387,4.895,4.429,4.895,4.429
2020,3,All,Letter of Administration,STOPPED,2418,17.601,12.857,17.601,12.857
2020,3,All,Letter of Administration with will annexed,All,2533,11.454,6.571,11.363,6.571
2020,3,All,Letter of Administration with will annexed,NOT STOPPED,1397,5.992,5,5.949,5
2020,3,All,Letter of Administration with will annexed,STOPPED,1136,18.171,13,18.022,12.786
2020,3,All,Probate,All,60209,6.715,4.857,5.973,4.429
2020,3,All,Probate,NOT STOPPED,41987,4.46,4.286,3.826,3.571
2020,3,All,Probate,STOPPED,18222,11.912,9.429,10.921,8.429
2020,3,Digital,All grants,All,24551,6.408,4.571,4.58,2.857
2020,3,Digital,All grants,NOT STOPPED,16610,4.238,3.429,2.633,1.714
2020,3,Digital,All grants,STOPPED,7941,10.946,9,8.653,6.857
2020,3,Digital,Letter of Administration,All,2868,6.6,5.143,6.6,5.143
2020,3,Digital,Letter of Administration,NOT STOPPED,2362,4.911,4.571,4.911,4.571
2020,3,Digital,Letter of Administration,STOPPED,506,14.487,11,14.487,11
2020,3,Digital,Letter of Administration with will annexed,All,105,12.873,10.857,10.833,7.714
2020,3,Digital,Letter of Administration with will annexed,NOT STOPPED,49,9.469,6.143,8.251,4.571
2020,3,Digital,Letter of Administration with will annexed,STOPPED,56,15.852,13.143,13.092,10.429
2020,3,Digital,Probate,All,21578,6.35,4.429,4.281,2.571
2020,3,Digital,Probate,NOT STOPPED,14199,4.108,3.429,2.235,1.286
2020,3,Digital,Probate,STOPPED,7379,10.666,8.857,8.219,6.571
2020,3,Paper,All grants,All,47735,7.393,5.143,7.393,5.143
2020,3,Paper,All grants,NOT STOPPED,33967,4.726,4.571,4.726,4.571
2020,3,Paper,All grants,STOPPED,13768,13.973,10.429,13.973,10.429
2020,3,Paper,Letter of Administration,All,6887,8.635,5.286,8.635,5.286
2020,3,Paper,Letter of Administration,NOT STOPPED,4989,4.899,4.429,4.899,4.429
2020,3,Paper,Letter of Administration,STOPPED,1898,18.453,13.714,18.453,13.714
2020,3,Paper,Letter of Administration with will annexed,All,2416,11.404,6.429,11.404,6.429
2020,3,Paper,Letter of Administration with will annexed,NOT STOPPED,1339,5.872,5,5.872,5
2020,3,Paper,Letter of Administration with will annexed,STOPPED,1077,18.281,13,18.281,13
2020,3,Paper,Probate,All,38432,6.918,5.143,6.918,5.143
2020,3,Paper,Probate,NOT STOPPED,27639,4.639,4.571,4.639,4.571
2020,3,Paper,Probate,STOPPED,10793,12.755,9.857,12.755,9.857
2020,4,All,All grants,All,65959,7.673,5.571,6.844,5.143
2020,4,All,All grants,NOT STOPPED,40425,4.603,3.429,3.922,2.286
2020,4,All,All grants,STOPPED,25534,12.533,9.857,11.469,9
2020,4,All,Letter of Administration,All,9160,8.658,5.857,8.658,5.857
2020,4,All,Letter of Administration,NOT STOPPED,5812,4.598,3.429,4.598,3.429
2020,4,All,Letter of Administration,STOPPED,3348,15.707,12.714,15.707,12.714
2020,4,All,Letter of Administration with will annexed,All,2335,14.041,9.571,13.749,9.429
2020,4,All,Letter of Administration with will annexed,NOT STOPPED,1161,7.668,6.714,7.552,6.714
2020,4,All,Letter of Administration with will annexed,STOPPED,1174,20.344,15.286,19.878,14.857
2020,4,All,Probate,All,54464,7.234,5.286,6.243,4.857
2020,4,All,Probate,NOT STOPPED,33452,4.498,3.143,3.679,1.286
2020,4,All,Probate,STOPPED,21012,11.591,9.286,10.324,8.143
2020,4,Digital,All grants,All,24471,6.697,3.143,4.466,0.571
2020,4,Digital,All grants,NOT STOPPED,13130,3.025,2.143,0.929,0
2020,4,Digital,All grants,STOPPED,11341,10.948,8.857,8.56,6.143
2020,4,Digital,Letter of Administration,All,2387,6.438,2.143,6.438,2.143
2020,4,Digital,Letter of Administration,NOT STOPPED,1259,2.106,0.429,2.106,0.429
2020,4,Digital,Letter of Administration,STOPPED,1128,11.273,9.571,11.273,9.571
2020,4,Digital,Letter of Administration with will annexed,All,223,17.406,15.143,14.379,13.286
2020,4,Digital,Letter of Administration with will annexed,NOT STOPPED,61,8.831,7,6.677,5.286
2020,4,Digital,Letter of Administration with will annexed,STOPPED,162,20.634,18.714,17.28,14.929
2020,4,Digital,Probate,All,21861,6.616,3.143,4.149,0.286
2020,4,Digital,Probate,NOT STOPPED,11810,3.093,2.143,0.774,0
2020,4,Digital,Probate,STOPPED,10051,10.756,8.571,8.115,5.857
2020,4,Paper,All grants,All,41245,8.247,6.429,8.247,6.429
2020,4,Paper,All grants,NOT STOPPED,27158,5.365,5.286,5.365,5.286
2020,4,Paper,All grants,STOPPED,14087,13.804,10.714,13.804,10.714
2020,4,Paper,Letter of Administration,All,6703,9.478,6.571,9.478,6.571
2020,4,Paper,Letter of Administration,NOT STOPPED,4508,5.317,4.857,5.317,4.857
2020,4,Paper,Letter of Administration,STOPPED,2195,18.022,13.857,18.022,13.857
2020,4,Paper,Letter of Administration with will annexed,All,2095,13.685,9.143,13.685,9.143
2020,4,Paper,Letter of Administration with will annexed,NOT STOPPED,1091,7.592,6.714,7.592,6.714
2020,4,Paper,Letter of Administration with will annexed,STOPPED,1004,20.306,14.857,20.306,14.857
2020,4,Paper,Probate,All,32447,7.642,6.286,7.642,6.286
2020,4,Paper,Probate,NOT STOPPED,21559,5.262,5.429,5.262,5.429
2020,4,Paper,Probate,STOPPED,10888,12.354,9.857,12.354,9.857
2021,,All,All grants,All,273428,8.449,5.429,6.906,4
2021,,All,All grants,NOT STOPPED,172938,4.504,4,3.106,1.714
2021,,All,All grants,STOPPED,100490,15.239,12.571,13.445,10.714
2021,,All,Letter of Administration,All,40936,9.574,6.143,9.574,6.143
2021,,All,Letter of Administration,NOT STOPPED,25568,5.083,4.286,5.083,4.286
2021,,All,Letter of Administration,STOPPED,15368,17.046,12.429,17.046,12.429
2021,,All,Letter of Administration with will annexed,All,12461,13.287,8.286,12.661,8.143
2021,,All,Letter of Administration with will annexed,NOT STOPPED,5769,7.135,6.143,6.879,6
2021,,All,Letter of Administration with will annexed,STOPPED,6692,18.591,14.286,17.645,13.571
2021,,All,Probate,All,220031,7.966,5.143,6.083,3.286
2021,,All,Probate,NOT STOPPED,141601,4.292,3.857,2.595,1.143
2021,,All,Probate,STOPPED,78430,14.598,12.286,12.381,10.286
2021,,Digital,All grants,All,182881,7.375,4.857,5.071,2.571
2021,,Digital,All grants,NOT STOPPED,120180,4.09,3.857,2.081,0.857
2021,,Digital,All grants,STOPPED,62701,13.673,11.571,10.803,9
2021,,Digital,Letter of Administration,All,13003,7.23,3.286,7.23,3.286
2021,,Digital,Letter of Administration,NOT STOPPED,7916,3.143,1.429,3.143,1.429
2021,,Digital,Letter of Administration,STOPPED,5087,13.59,9.429,13.59,9.429
2021,,Digital,Letter of Administration with will annexed,All,2387,17.104,14.429,13.895,11
2021,,Digital,Letter of Administration with will annexed,NOT STOPPED,666,7.516,5.786,5.39,3.571
2021,,Digital,Letter of Administration with will annexed,STOPPED,1721,20.815,19.143,17.186,15
2021,,Digital,Probate,All,167491,7.248,4.857,4.778,2.429
2021,,Digital,Probate,NOT STOPPED,111598,4.136,3.857,1.986,0.714
2021,,Digital,Probate,STOPPED,55893,13.46,11.571,10.353,8.714
2021,,Paper,All grants,All,89701,10.633,7.143,10.633,7.143
2021,,Paper,All grants,NOT STOPPED,52282,5.455,5.286,5.455,5.286
2021,,Paper,All grants,STOPPED,37419,17.866,13.857,17.866,13.857
2021,,Paper,Letter of Administration,All,27554,10.722,7,10.722,7
2021,,Paper,Letter of Administration,NOT STOPPED,17396,5.996,5.857,5.996,5.857
2021,,Paper,Letter of Administration,STOPPED,10158,18.817,13.857,18.817,13.857
2021,,Paper,Letter of Administration with will annexed,All,9998,12.369,8,12.369,8
2021,,Paper,Letter of Administration with will annexed,NOT STOPPED,5069,7.082,6.143,7.082,6.143
2021,,Paper,Letter of Administration with will annexed,STOPPED,4929,17.806,13.143,17.806,13.143
2021,,Paper,Probate,All,52149,10.252,7,10.252,7
2021,,Paper,Probate,NOT STOPPED,29817,4.863,3.857,4.863,3.857
2021,,Paper,Probate,STOPPED,22332,17.447,13.857,17.447,13.857
2021,1,All,All grants,All,73600,8.098,4.571,6.244,1.714
2021,1,All,All grants,NOT STOPPED,43175,4.466,3.571,2.58,0
2021,1,All,All grants,STOPPED,30425,13.252,9.571,11.443,7.571
2021,1,All,Letter of Administration,All,11991,8.254,4,8.254,4
2021,1,All,Letter of Administration,NOT STOPPED,7130,3.974,2,3.974,2
2021,1,All,Letter of Administration,STOPPED,4861,14.531,10.571,14.531,10.571
2021,1,All,Letter of Administration with will annexed,All,3995,13.86,10.143,13.251,9.571
2021,1,All,Letter of Administration with will annexed,NOT STOPPED,1642,7.623,5.429,7.357,5
2021,1,All,Letter of Administration with will annexed,STOPPED,2353,18.213,14.857,17.364,14.286
2021,1,All,Probate,All,57614,7.666,4.429,5.34,0.857
2021,1,All,Probate,NOT STOPPED,34403,4.418,3.571,2.063,0
2021,1,All,Probate,STOPPED,23211,12.481,8.857,10.197,6.143
2021,1,Digital,All grants,All,40096,6.757,4,3.358,0.143
2021,1,Digital,All grants,NOT STOPPED,23988,3.979,3.571,0.588,0
2021,1,Digital,All grants,STOPPED,16108,10.894,7,7.484,3.429
2021,1,Digital,Letter of Administration,All,3423,5.959,2.571,5.959,2.571
2021,1,Digital,Letter of Administration,NOT STOPPED,1852,2.13,0.571,2.13,0.571
2021,1,Digital,Letter of Administration,STOPPED,1571,10.474,5.143,10.474,5.143
2021,1,Digital,Letter of Administration with will annexed,All,724,17.588,14.857,14.259,12.286
2021,1,Digital,Letter of Administration with will annexed,NOT STOPPED,159,10.49,7.429,7.823,3.714
2021,1,Digital,Letter of Administration with will annexed,STOPPED,565,19.585,17.429,16.071,14.286
2021,1,Digital,Probate,All,35949,6.615,4.143,2.891,0
2021,1,Digital,Probate,NOT STOPPED,21977,4.088,3.571,0.405,0
2021,1,Digital,Probate,STOPPED,13972,10.589,6.857,6.801,3
2021,1,Paper,All grants,All,33221,9.707,7.429,9.707,7.429
2021,1,Paper,All grants,NOT STOPPED,19038,5.078,3.143,5.078,3.143
2021,1,Paper,All grants,STOPPED,14183,15.92,13,15.92,13
2021,1,Paper,Letter of Administration,All,8466,9.197,5.714,9.197,5.714
2021,1,Paper,Letter of Administration,NOT STOPPED,5208,4.635,2.571,4.635,2.571
2021,1,Paper,Letter of Administration,STOPPED,3258,16.491,12.571,16.491,12.571
2021,1,Paper,Letter of Administration with will annexed,All,3244,13.02,9.143,13.02,9.143
2021,1,Paper,Letter of Administration with will annexed,NOT STOPPED,1472,7.294,5.143,7.294,5.143
2021,1,Paper,Letter of Administration with will annexed,STOPPED,1772,17.777,14.286,17.777,14.286
2021,1,Paper,Probate,All,21511,9.407,7.714,9.407,7.714
2021,1,Paper,Probate,NOT STOPPED,12358,5.001,3.429,5.001,3.429
2021,1,Paper,Probate,STOPPED,9153,15.357,12.857,15.357,12.857
2021,2,All,All grants,All,66358,7.423,4.429,5.384,2
2021,2,All,All grants,NOT STOPPED,44731,3.913,3.714,1.959,0.714
2021,2,All,All grants,STOPPED,21627,14.682,11.286,12.467,8.571
2021,2,All,Letter of Administration,All,9502,7.848,4.143,7.848,4.143
2021,2,All,Letter of Administration,NOT STOPPED,5797,3.791,3.286,3.791,3.286
2021,2,All,Letter of Administration,STOPPED,3705,14.196,8.286,14.196,8.286
2021,2,All,Letter of Administration with will annexed,All,2816,12.623,6,11.992,5.857
2021,2,All,Letter of Administration with will annexed,NOT STOPPED,1295,6.433,4.714,6.136,4.429
2021,2,All,Letter of Administration with will annexed,STOPPED,1521,17.893,11.714,16.977,10.714
2021,2,All,Probate,All,54040,7.077,4.429,4.607,1.429
2021,2,All,Probate,NOT STOPPED,37639,3.845,3.714,1.534,0.571
2021,2,All,Probate,STOPPED,16401,14.494,12,11.658,8.429
2021,2,Digital,All grants,All,45731,6.555,4.429,3.601,1.286
2021,2,Digital,All grants,NOT STOPPED,32392,3.998,3.857,1.303,0.429
2021,2,Digital,All grants,STOPPED,13339,12.766,10.857,9.182,6.714
2021,2,Digital,Letter of Administration,All,3028,5.931,3.286,5.931,3.286
2021,2,Digital,Letter of Administration,NOT STOPPED,1692,2.794,1.857,2.794,1.857
2021,2,Digital,Letter of Administration,STOPPED,1336,9.902,5.5,9.902,5.5
2021,2,Digital,Letter of Administration with will annexed,All,505,16.356,11.857,12.904,8
2021,2,Digital,Letter of Administration with will annexed,NOT STOPPED,120,6.974,5.714,3.876,2.571
2021,2,Digital,Letter of Administration with will annexed,STOPPED,385,19.28,16.714,15.717,11.571
2021,2,Digital,Probate,All,42198,6.483,4.429,3.323,1.143
2021,2,Digital,Probate,NOT STOPPED,30580,4.053,4,1.21,0.286
2021,2,Digital,Probate,STOPPED,11618,12.88,11.286,8.882,6.857
2021,2,Paper,All grants,All,20407,9.358,4.429,9.358,4.429
2021,2,Paper,All grants,NOT STOPPED,12217,3.689,2.857,3.689,2.857
2021,2,Paper,All grants,STOPPED,8190,17.814,12.357,17.814,12.357
2021,2,Paper,Letter of Administration,All,6359,8.804,4.429,8.804,4.429
2021,2,Paper,Letter of Administration,NOT STOPPED,4028,4.212,3.714,4.212,3.714
2021,2,Paper,Letter of Administration,STOPPED,2331,16.739,10,16.739,10
2021,2,Paper,Letter of Administration with will annexed,All,2298,11.792,5.714,11.792,5.714
2021,2,Paper,Letter of Administration with will annexed,NOT STOPPED,1170,6.363,4.571,6.363,4.571
2021,2,Paper,Letter of Administration with will annexed,STOPPED,1128,17.424,10.214,17.424,10.214
2021,2,Paper,Probate,All,11750,9.181,4,9.181,4
2021,2,Paper,Probate,NOT STOPPED,7019,2.942,1.286,2.942,1.286
2021,2,Paper,Probate,STOPPED,4731,18.437,14.143,18.437,14.143
2021,3,All,All grants,All,71785,9.261,6.571,7.995,5.857
2021,3,All,All grants,NOT STOPPED,43211,4.781,5,3.861,3.714
2021,3,All,All grants,STOPPED,28574,16.035,14.143,14.248,12.286
2021,3,All,Letter of Administration,All,10091,10.334,6.429,10.334,6.429
2021,3,All,Letter of Administration,NOT STOPPED,6478,5.482,5.857,5.482,5.857
2021,3,All,Letter of Administration,STOPPED,3613,19.034,15.714,19.034,15.714
2021,3,All,Letter of Administration with will annexed,All,3050,12.211,7.143,11.564,7
2021,3,All,Letter of Administration with will annexed,NOT STOPPED,1561,6.505,6.286,6.236,6.143
2021,3,All,Letter of Administration with will annexed,STOPPED,1489,18.193,13.857,17.15,13
2021,3,All,Probate,All,58644,8.922,6.429,7.407,5.429
2021,3,All,Probate,NOT STOPPED,35172,4.575,4.429,3.457,3
2021,3,All,Probate,STOPPED,23472,15.436,14,13.327,12
2021,3,Digital,All grants,All,51785,8.543,6.429,6.793,5
2021,3,Digital,All grants,NOT STOPPED,31714,4.452,4.429,3.2,3
2021,3,Digital,All grants,STOPPED,20071,15.006,14.143,12.469,11.714
2021,3,Digital,Letter of Administration,All,3242,8.255,4.714,8.255,4.714
2021,3,Digital,Letter of Administration,NOT STOPPED,2114,3.497,2.286,3.497,2.286
2021,3,Digital,Letter of Administration,STOPPED,1128,17.173,14.857,17.173,14.857
2021,3,Digital,Letter of Administration with will annexed,All,623,15.771,13.714,12.702,9.714
2021,3,Digital,Letter of Administration with will annexed,NOT STOPPED,221,6.547,5.286,4.723,3.571
2021,3,Digital,Letter of Administration with will annexed,STOPPED,402,20.843,19.643,17.088,15.571
2021,3,Digital,Probate,All,47920,8.468,6.429,6.617,5
2021,3,Digital,Probate,NOT STOPPED,29379,4.505,4.571,3.167,3
2021,3,Digital,Probate,STOPPED,18541,14.748,14,12.083,11.429
2021,3,Paper,All grants,All,19752,11.138,6.857,11.138,6.857
2021,3,Paper,All grants,NOT STOPPED,11350,5.707,6,5.707,6
2021,3,Paper,All grants,STOPPED,8402,18.475,14.143,18.475,14.143
2021,3,Paper,Letter of Administration,All,6726,11.399,6.857,11.399,6.857
2021,3,Paper,Letter of Administration,NOT STOPPED,4280,6.526,6.143,6.526,6.143
2021,3,Paper,Letter of Administration,STOPPED,2446,19.925,16,19.925,16
2021,3,Paper,Letter of Administration with will annexed,All,2403,11.248,7,11.248,7
2021,3,Paper,Letter of Administration with will annexed,NOT STOPPED,1328,6.505,6.286,6.505,6.286
2021,3,Paper,Letter of Administration with will annexed,STOPPED,1075,17.107,12,17.107,12
2021,3,Paper,Probate,All,10623,10.949,7,10.949,7
2021,3,Paper,Probate,NOT STOPPED,5742,4.912,3.143,4.912,3.143
2021,3,Paper,Probate,STOPPED,4881,18.05,14,18.05,14
2021,4,All,All grants,All,61685,9.027,6,8.063,5
2021,4,All,All grants,NOT STOPPED,41821,4.888,4.714,4.095,3.714
2021,4,All,All grants,STOPPED,19864,17.743,14.714,16.418,13.5
2021,4,All,Letter of Administration,All,9352,12.2,8.571,12.2,8.571
2021,4,All,Letter of Administration,NOT STOPPED,6163,7.161,7.857,7.161,7.857
2021,4,All,Letter of Administration,STOPPED,3189,21.939,17.714,21.939,17.714
2021,4,All,Letter of Administration with will annexed,All,2600,14.389,9.286,13.765,9.143
2021,4,All,Letter of Administration with will annexed,NOT STOPPED,1271,7.994,7.857,7.808,7.857
2021,4,All,Letter of Administration with will annexed,STOPPED,1329,20.505,16,19.463,14.714
2021,4,All,Probate,All,49733,8.15,5.429,6.987,4.429
2021,4,All,Probate,NOT STOPPED,34387,4.366,4.429,3.408,3.286
2021,4,All,Probate,STOPPED,15346,16.632,14.286,15.007,13
2021,4,Digital,All grants,All,45269,7.416,5,6.104,3.857
2021,4,Digital,All grants,NOT STOPPED,32086,3.907,3.857,2.876,2.714
2021,4,Digital,All grants,STOPPED,13183,15.955,14,13.962,12.143
2021,4,Digital,Letter of Administration,All,3310,8.729,3,8.729,3
2021,4,Digital,Letter of Administration,NOT STOPPED,2258,3.903,1.429,3.903,1.429
2021,4,Digital,Letter of Administration,STOPPED,1052,19.086,15.429,19.086,15.429
2021,4,Digital,Letter of Administration with will annexed,All,535,18.708,17.857,15.726,13.571
2021,4,Digital,Letter of Administration with will annexed,NOT STOPPED,166,6.35,6.143,5.043,4.714
2021,4,Digital,Letter of Administration with will annexed,STOPPED,369,24.268,23.714,20.532,19.857
2021,4,Digital,Probate,All,41424,7.165,5,5.77,3.857
2021,4,Digital,Probate,NOT STOPPED,29662,3.894,4,2.785,2.857
2021,4,Digital,Probate,STOPPED,11762,15.415,13.714,13.298,12
2021,4,Paper,All grants,All,16321,13.499,8.714,13.499,8.714
2021,4,Paper,All grants,NOT STOPPED,9677,8.133,7.571,8.133,7.571
2021,4,Paper,All grants,STOPPED,6644,21.315,16,21.315,16
2021,4,Paper,Letter of Administration,All,6003,14.148,9,14.148,9
2021,4,Paper,Letter of Administration,NOT STOPPED,3880,9.09,8.143,9.09,8.143
2021,4,Paper,Letter of Administration,STOPPED,2123,23.392,18.714,23.392,18.714
2021,4,Paper,Letter of Administration with will annexed,All,2053,13.298,9,13.298,9
2021,4,Paper,Letter of Administration with will annexed,NOT STOPPED,1099,8.26,8,8.26,8
2021,4,Paper,Letter of Administration with will annexed,STOPPED,954,19.101,13.429,19.101,13.429
2021,4,Paper,Probate,All,8265,13.078,8.286,13.078,8.286
2021,4,Paper,Probate,NOT STOPPED,4698,7.313,6.714,7.313,6.714
2021,4,Paper,Probate,STOPPED,3567,20.671,15.714,20.671,15.714
2022,,All,All grants,All,269812,8.78,6.143,7.45,4.571
2022,,All,All grants,NOT STOPPED,187462,5.168,4.286,3.916,2.429
2022,,All,All grants,STOPPED,82350,17.004,13.857,15.495,12.429
2022,,All,Letter of Administration,All,38243,13.469,10.143,13.469,10.143
2022,,All,Letter of Administration,NOT STOPPED,25868,9.439,9.286,9.439,9.286
2022,,All,Letter of Administration,STOPPED,12375,21.892,18,21.892,18
2022,,All,Letter of Administration with will annexed,All,9765,17.849,13.143,17.207,12.714
2022,,All,Letter of Administration with will annexed,NOT STOPPED,5029,11.299,9.857,10.981,9.714
2022,,All,Letter of Administration with will annexed,STOPPED,4736,24.804,19.786,23.817,19
2022,,All,Probate,All,221804,7.573,5.143,5.983,3.429
2022,,All,Probate,NOT STOPPED,156565,4.265,3.429,2.776,1.429
2022,,All,Probate,STOPPED,65239,15.511,13,13.677,11.143
2022,,Digital,All grants,All,212282,7.044,4.857,5.354,3
2022,,Digital,All grants,NOT STOPPED,151310,3.98,3.143,2.429,1.286
2022,,Digital,All grants,STOPPED,60972,14.649,12.286,12.611,10.286
2022,,Digital,Letter of Administration,All,15072,11.098,8.857,11.098,8.857
2022,,Digital,Letter of Administration,NOT STOPPED,9846,6.857,7.714,6.857,7.714
2022,,Digital,Letter of Administration,STOPPED,5226,19.089,15.143,19.089,15.143
2022,,Digital,Letter of Administration with will annexed,All,2300,18.406,14.929,15.68,12.857
2022,,Digital,Letter of Administration with will annexed,NOT STOPPED,955,9.835,9,8.161,7.143
2022,,Digital,Letter of Administration with will annexed,STOPPED,1345,24.492,20.857,21.018,18.143
2022,,Digital,Probate,All,194910,6.597,4.571,4.787,2.571
2022,,Digital,Probate,NOT STOPPED,140509,3.739,3,2.08,1
2022,,Digital,Probate,STOPPED,54401,13.979,11.857,11.781,9.714
2022,,Paper,All grants,All,57528,15.186,10.429,15.186,10.429
2022,,Paper,All grants,NOT STOPPED,36151,10.138,9.143,10.138,9.143
2022,,Paper,All grants,STOPPED,21377,23.721,18.143,23.721,18.143
2022,,Paper,Letter of Administration,All,23171,15.011,10.857,15.011,10.857
2022,,Paper,Letter of Administration,NOT STOPPED,16022,11.027,9.857,11.027,9.857
2022,,Paper,Letter of Administration,STOPPED,7149,23.94,19.143,23.94,19.143
2022,,Paper,Letter of Administration with will annexed,All,7465,17.677,12.714,17.677,12.714
2022,,Paper,Letter of Administration with will annexed,NOT STOPPED,4074,11.642,9.857,11.642,9.857
2022,,Paper,Letter of Administration with will annexed,STOPPED,3391,24.928,19.286,24.928,19.286
2022,,Paper,Probate,All,26892,14.645,9.429,14.645,9.429
2022,,Paper,Probate,NOT STOPPED,16055,8.87,7.714,8.87,7.714
2022,,Paper,Probate,STOPPED,10837,23.199,17.143,23.199,17.143
2022,1,All,All grants,All,68939,8.799,6,7.8,5.143
2022,1,All,All grants,NOT STOPPED,45903,5.176,5,4.327,3.714
2022,1,All,All grants,STOPPED,23036,16.018,13.714,14.721,12.286
2022,1,All,Letter of Administration,All,10655,11.891,9.143,11.891,9.143
2022,1,All,Letter of Administration,NOT STOPPED,7608,8.419,8.714,8.419,8.714
2022,1,All,Letter of Administration,STOPPED,3047,20.56,16,20.56,16
2022,1,All,Letter of Administration with will annexed,All,2808,15.228,10.143,14.765,10
2022,1,All,Letter of Administration with will annexed,NOT STOPPED,1500,9.515,8.857,9.358,8.857
2022,1,All,Letter of Administration with will annexed,STOPPED,1308,21.779,16.571,20.965,16
2022,1,All,Probate,All,55476,7.88,5.429,6.662,4.286
2022,1,All,Probate,NOT STOPPED,36795,4.329,4.429,3.276,3
2022,1,All,Probate,STOPPED,18681,14.874,13.143,13.331,11.286
2022,1,Digital,All grants,All,51224,7.335,5.143,5.991,3.857
2022,1,Digital,All grants,NOT STOPPED,34101,3.969,4,2.826,2.571
2022,1,Digital,All grants,STOPPED,17123,14.039,12.286,12.293,10.286
2022,1,Digital,Letter of Administration,All,3525,10.135,8.143,10.135,8.143
2022,1,Digital,Letter of Administration,NOT STOPPED,2321,5.885,4.429,5.885,4.429
2022,1,Digital,Letter of Administration,STOPPED,1204,18.328,14.286,18.328,14.286
2022,1,Digital,Letter of Administration with will annexed,All,539,18.351,15.286,15.94,13.571
2022,1,Digital,Letter of Administration with will annexed,NOT STOPPED,174,8.881,7.571,7.525,6.214
2022,1,Digital,Letter of Administration with will annexed,STOPPED,365,22.866,19.429,19.951,16.857
2022,1,Digital,Probate,All,47160,7,5,5.567,3.714
2022,1,Digital,Probate,NOT STOPPED,31606,3.801,3.857,2.576,2.429
2022,1,Digital,Probate,STOPPED,15554,13.5,12,11.646,9.857
2022,1,Paper,All grants,All,17715,13.032,9.143,13.032,9.143
2022,1,Paper,All grants,NOT STOPPED,11802,8.664,8.286,8.664,8.286
2022,1,Paper,All grants,STOPPED,5913,21.751,15.857,21.751,15.857
2022,1,Paper,Letter of Administration,All,7130,12.759,9.429,12.759,9.429
2022,1,Paper,Letter of Administration,NOT STOPPED,5287,9.532,9,9.532,9
2022,1,Paper,Letter of Administration,STOPPED,1843,22.018,17.143,22.018,17.143
2022,1,Paper,Letter of Administration with will annexed,All,2269,14.486,9.714,14.486,9.714
2022,1,Paper,Letter of Administration with will annexed,NOT STOPPED,1326,9.598,9,9.598,9
2022,1,Paper,Letter of Administration with will annexed,STOPPED,943,21.358,15.714,21.358,15.714
2022,1,Paper,Probate,All,8316,12.87,8.571,12.87,8.571
2022,1,Paper,Probate,NOT STOPPED,5189,7.541,6.857,7.541,6.857
2022,1,Paper,Probate,STOPPED,3127,21.713,15.714,21.713,15.714
2022,2,All,All grants,All,70159,8.15,6.143,6.555,4.143
2022,2,All,All grants,NOT STOPPED,49457,5.109,4.143,3.478,2
2022,2,All,All grants,STOPPED,20702,15.415,12.571,13.906,11.286
2022,2,All,Letter of Administration,All,9507,11.696,9.429,11.696,9.429
2022,2,All,Letter of Administration,NOT STOPPED,6554,8.219,9.071,8.219,9.071
2022,2,All,Letter of Administration,STOPPED,2953,19.413,13.714,19.413,13.714
2022,2,All,Letter of Administration with will annexed,All,2425,16.412,10.286,15.916,10.286
2022,2,All,Letter of Administration with will annexed,NOT STOPPED,1335,10.28,9.571,10.191,9.571
2022,2,All,Letter of Administration with will annexed,STOPPED,1090,23.922,18,22.929,17.071
2022,2,All,Probate,All,58227,7.227,5.143,5.326,3
2022,2,All,Probate,NOT STOPPED,41568,4.453,3.571,2.514,1
2022,2,All,Probate,STOPPED,16659,14.15,12.143,12.34,10.571
2022,2,Digital,All grants,All,55292,6.796,4.714,4.772,2.429
2022,2,Digital,All grants,NOT STOPPED,39387,4.117,3.286,2.069,0.857
2022,2,Digital,All grants,STOPPED,15905,13.431,11.429,11.467,9.714
2022,2,Digital,Letter of Administration,All,3908,10.044,8.571,10.044,8.571
2022,2,Digital,Letter of Administration,NOT STOPPED,2362,5.85,6.857,5.85,6.857
2022,2,Digital,Letter of Administration,STOPPED,1546,16.452,11,16.452,11
2022,2,Digital,Letter of Administration with will annexed,All,386,21.995,17.786,18.881,15.857
2022,2,Digital,Letter of Administration with will annexed,NOT STOPPED,108,13.149,12.571,12.048,11.5
2022,2,Digital,Letter of Administration with will annexed,STOPPED,278,25.432,23,21.535,19
2022,2,Digital,Probate,All,50998,6.432,4.429,4.261,2.143
2022,2,Digital,Probate,NOT STOPPED,36917,3.98,3.286,1.797,0.714
2022,2,Digital,Probate,STOPPED,14081,12.862,11.286,10.721,9.143
2022,2,Paper,All grants,All,14866,13.186,9.714,13.186,9.714
2022,2,Paper,All grants,NOT STOPPED,10069,8.989,9,8.989,9
2022,2,Paper,All grants,STOPPED,4797,21.994,15.714,21.994,15.714
2022,2,Paper,Letter of Administration,All,5599,12.85,9.714,12.85,9.714
2022,2,Paper,Letter of Administration,NOT STOPPED,4192,9.554,9.429,9.554,9.429
2022,2,Paper,Letter of Administration,STOPPED,1407,22.667,17.429,22.667,17.429
2022,2,Paper,Letter of Administration with will annexed,All,2039,15.355,10,15.355,10
2022,2,Paper,Letter of Administration with will annexed,NOT STOPPED,1227,10.028,9.571,10.028,9.571
2022,2,Paper,Letter of Administration with will annexed,STOPPED,812,23.406,16.714,23.406,16.714
2022,2,Paper,Probate,All,7228,12.834,9.143,12.834,9.143
2022,2,Paper,Probate,NOT STOPPED,4650,8.206,7.286,8.206,7.286
2022,2,Paper,Probate,STOPPED,2578,21.183,14.786,21.183,14.786
2022,3,All,All grants,All,66153,8.635,6,7.134,4
2022,3,All,All grants,NOT STOPPED,46823,5.049,3.857,3.649,1.857
2022,3,All,All grants,STOPPED,19330,17.321,13.714,15.576,12
2022,3,All,Letter of Administration,All,8587,14.883,11.857,14.883,11.857
2022,3,All,Letter of Administration,NOT STOPPED,5710,10.129,10.857,10.129,10.857
2022,3,All,Letter of Administration,STOPPED,2877,24.319,19.714,24.319,19.714
2022,3,All,Letter of Administration with will annexed,All,2272,19.002,14,18.073,13.571
2022,3,All,Letter of Administration with will annexed,NOT STOPPED,1050,11.129,10.857,10.415,10.571
2022,3,All,Letter of Administration with will annexed,STOPPED,1222,25.766,20.571,24.653,19.714
2022,3,All,Probate,All,55294,7.239,5,5.481,2.857
2022,3,All,Probate,NOT STOPPED,40063,4.166,3.143,2.548,1.143
2022,3,All,Probate,STOPPED,15231,15.322,11.857,13.196,9.571
2022,3,Digital,All grants,All,54034,6.827,4.571,4.99,2.429
2022,3,Digital,All grants,NOT STOPPED,39752,4.068,3,2.419,1.143
2022,3,Digital,All grants,STOPPED,14282,14.506,11.286,12.144,8.857
2022,3,Digital,Letter of Administration,All,3803,11.697,10.857,11.697,10.857
2022,3,Digital,Letter of Administration,NOT STOPPED,2658,8.149,10.286,8.149,10.286
2022,3,Digital,Letter of Administration,STOPPED,1145,19.933,16.714,19.933,16.714
2022,3,Digital,Letter of Administration with will annexed,All,738,17.27,14.143,14.412,11.714
2022,3,Digital,Letter of Administration with will annexed,NOT STOPPED,369,9.741,9,7.708,6.429
2022,3,Digital,Letter of Administration with will annexed,STOPPED,369,24.799,21,21.115,18.571
2022,3,Digital,Probate,All,49493,6.297,4.286,4.334,2.143
2022,3,Digital,Probate,NOT STOPPED,36725,3.716,2.857,1.951,0.857
2022,3,Digital,Probate,STOPPED,12768,13.721,10.429,11.186,8
2022,3,Paper,All grants,All,12118,16.697,12,16.697,12
2022,3,Paper,All grants,NOT STOPPED,7071,10.564,10,10.564,10
2022,3,Paper,All grants,STOPPED,5047,25.289,19.571,25.289,19.571
2022,3,Paper,Letter of Administration,All,4784,17.417,12.571,17.417,12.571
2022,3,Paper,Letter of Administration,NOT STOPPED,3052,11.854,11.429,11.854,11.429
2022,3,Paper,Letter of Administration,STOPPED,1732,27.218,22,27.218,22
2022,3,Paper,Letter of Administration with will annexed,All,1534,19.835,14,19.835,14
2022,3,Paper,Letter of Administration with will annexed,NOT STOPPED,681,11.881,11.571,11.881,11.571
2022,3,Paper,Letter of Administration with will annexed,STOPPED,853,26.184,20.143,26.184,20.143
2022,3,Paper,Probate,All,5800,15.273,9.429,15.273,9.429
2022,3,Paper,Probate,NOT STOPPED,3338,9.116,8.143,9.116,8.143
2022,3,Paper,Probate,STOPPED,2462,23.621,18,23.621,18
2022,4,All,All grants,All,64561,9.594,6.714,8.372,5
2022,4,All,All grants,NOT STOPPED,45279,5.345,3.429,4.253,1.857
2022,4,All,All grants,STOPPED,19282,19.57,17.286,18.044,15.857
2022,4,All,Letter of Administration,All,9494,15.735,13,15.735,13
2022,4,All,Letter of Administration,NOT STOPPED,5996,11.41,9.143,11.41,9.143
2022,4,All,Letter of Administration,STOPPED,3498,23.148,20,23.148,20
2022,4,All,Letter of Administration with will annexed,All,2260,21.488,18.714,20.754,18.571
2022,4,All,Letter of Administration with will annexed,NOT STOPPED,1144,14.982,16.714,14.55,16.714
2022,4,All,Letter of Administration with will annexed,STOPPED,1116,28.158,23.714,27.113,22.786
2022,4,All,Probate,All,52807,7.98,4.714,6.518,3.143
2022,4,All,Probate,NOT STOPPED,38139,4.102,2.429,2.819,0.857
2022,4,All,Probate,STOPPED,14668,18.064,16,16.137,14
2022,4,Digital,All grants,All,51732,7.249,4.286,5.724,2.857
2022,4,Digital,All grants,NOT STOPPED,38070,3.756,2.286,2.457,0.857
2022,4,Digital,All grants,STOPPED,13662,16.983,14.857,14.829,12.714
2022,4,Digital,Letter of Administration,All,3836,12.463,8.571,12.463,8.571
2022,4,Digital,Letter of Administration,NOT STOPPED,2505,7.334,7.571,7.334,7.571
2022,4,Digital,Letter of Administration,STOPPED,1331,22.116,20.429,22.116,20.429
2022,4,Digital,Letter of Administration with will annexed,All,637,17.593,13,14.988,11.286
2022,4,Digital,Letter of Administration with will annexed,NOT STOPPED,304,9.317,7.929,7.694,6.714
2022,4,Digital,Letter of Administration with will annexed,STOPPED,333,25.148,20.429,21.647,18.429
2022,4,Digital,Probate,All,47259,6.686,3.571,5.052,2
2022,4,Digital,Probate,NOT STOPPED,35261,3.453,2.143,2.065,0.571
2022,4,Digital,Probate,STOPPED,11998,16.187,14.143,13.831,11.857
2022,4,Paper,All grants,All,12829,19.049,17.429,19.049,17.429
2022,4,Paper,All grants,NOT STOPPED,7209,13.739,16.143,13.739,16.143
2022,4,Paper,All grants,STOPPED,5620,25.86,21,25.86,21
2022,4,Paper,Letter of Administration,All,5658,17.953,17.143,17.953,17.143
2022,4,Paper,Letter of Administration,NOT STOPPED,3491,14.335,16.571,14.335,16.571
2022,4,Paper,Letter of Administration,STOPPED,2167,23.782,19.857,23.782,19.857
2022,4,Paper,Letter of Administration with will annexed,All,1623,23.017,19.143,23.017,19.143
2022,4,Paper,Letter of Administration with will annexed,NOT STOPPED,840,17.032,17.857,17.032,17.857
2022,4,Paper,Letter of Administration with will annexed,STOPPED,783,29.438,24.286,29.438,24.286
2022,4,Paper,Probate,All,5548,19.005,16.857,19.005,16.857
2022,4,Paper,Probate,NOT STOPPED,2878,12.055,9.143,12.055,9.143
2022,4,Paper,Probate,STOPPED,2670,26.498,21.143,26.498,21.143
2023,,All,All grants,All,277738,13.944,11,11.981,8.714
2023,,All,All grants,NOT STOPPED,190844,9.846,10,7.897,7.571
2023,,All,All grants,STOPPED,86894,22.944,19.857,20.952,18
2023,,All,Letter of Administration,All,46387,15.789,15,15.789,15
2023,,All,Letter of Administration,NOT STOPPED,28337,11.329,9.714,11.329,9.714
2023,,All,Letter of Administration,STOPPED,18050,22.792,18.143,22.792,18.143
2023,,All,Letter of Administration with will annexed,All,11522,23.995,21.571,23.357,21.429
2023,,All,Letter of Administration with will annexed,NOT STOPPED,5876,17.312,19.143,16.94,19
2023,,All,Letter of Administration with will annexed,STOPPED,5646,30.949,26.429,30.035,26
2023,,All,Probate,All,219829,13.027,10.714,10.582,8.286
2023,,All,Probate,NOT STOPPED,156631,9.297,10,6.936,7.429
2023,,All,Probate,STOPPED,63198,22.272,19.714,19.616,17.143
2023,,Digital,All grants,All,217796,11.881,10.429,9.379,7.857
2023,,Digital,All grants,NOT STOPPED,155000,8.388,9.429,5.988,6.714
2023,,Digital,All grants,STOPPED,62796,20.503,18.429,17.748,15.714
2023,,Digital,Letter of Administration,All,19836,9.561,6.143,9.561,6.143
2023,,Digital,Letter of Administration,NOT STOPPED,11529,4.088,2.571,4.088,2.571
2023,,Digital,Letter of Administration,STOPPED,8307,17.158,13.429,17.158,13.429
2023,,Digital,Letter of Administration with will annexed,All,2255,20.909,17.714,17.65,13.429
2023,,Digital,Letter of Administration with will annexed,NOT STOPPED,822,7.494,3.714,4.835,0.714
2023,,Digital,Letter of Administration with will annexed,STOPPED,1433,28.604,25.857,25.001,22.714
2023,,Digital,Probate,All,195705,12.012,10.429,9.265,8
2023,,Digital,Probate,NOT STOPPED,142649,8.74,9.714,6.148,7
2023,,Digital,Probate,STOPPED,53056,20.808,19,17.644,15.857
2023,,Paper,All grants,All,59941,21.439,19.286,21.439,19.286
2023,,Paper,All grants,NOT STOPPED,35843,16.151,17.286,16.151,17.286
2023,,Paper,All grants,STOPPED,24098,29.304,24.429,29.304,24.429
2023,,Paper,Letter of Administration,All,26551,20.442,18.429,20.442,18.429
2023,,Paper,Letter of Administration,NOT STOPPED,16808,16.295,17.571,16.295,17.571
2023,,Paper,Letter of Administration,STOPPED,9743,27.595,23,27.595,23
2023,,Paper,Letter of Administration with will annexed,All,9267,24.745,21.857,24.745,21.857
2023,,Paper,Letter of Administration with will annexed,NOT STOPPED,5054,18.909,19.714,18.909,19.714
2023,,Paper,Letter of Administration with will annexed,STOPPED,4213,31.747,26.429,31.747,26.429
2023,,Paper,Probate,All,24123,21.265,19.143,21.265,19.143
2023,,Paper,Probate,NOT STOPPED,13981,14.98,12.857,14.98,12.857
2023,,Paper,Probate,STOPPED,10142,29.929,24.571,29.929,24.571
2023,1,All,All grants,All,66557,10.81,5.857,9.316,3.857
2023,1,All,All grants,NOT STOPPED,47658,6.733,4,5.244,2
2023,1,All,All grants,STOPPED,18899,21.09,18.571,19.585,17.286
2023,1,All,Letter of Administration,All,13528,13.989,11.286,13.989,11.286
2023,1,All,Letter of Administration,NOT STOPPED,8777,10.322,8.286,10.322,8.286
2023,1,All,Letter of Administration,STOPPED,4751,20.764,17.857,20.764,17.857
2023,1,All,Letter of Administration with will annexed,All,2718,25.237,21.286,24.775,21.143
2023,1,All,Letter of Administration with will annexed,NOT STOPPED,1369,18.603,19.286,18.455,19.286
2023,1,All,Letter of Administration with will annexed,STOPPED,1349,31.97,28,31.19,27.429
2023,1,All,Probate,All,50311,9.176,4.714,7.224,2.571
2023,1,All,Probate,NOT STOPPED,37512,5.46,3.571,3.573,1.286
2023,1,All,Probate,STOPPED,12799,20.065,17.571,17.924,15.857
2023,1,Digital,All grants,All,52616,8.032,4.429,6.142,2.429
2023,1,Digital,All grants,NOT STOPPED,39104,4.582,3.286,2.767,1.143
2023,1,Digital,All grants,STOPPED,13512,18.018,15.429,15.912,13.429
2023,1,Digital,Letter of Administration,All,6887,9.056,6.857,9.056,6.857
2023,1,Digital,Letter of Administration,NOT STOPPED,4370,4.704,3.571,4.704,3.571
2023,1,Digital,Letter of Administration,STOPPED,2517,16.611,12.857,16.611,12.857
2023,1,Digital,Letter of Administration with will annexed,All,472,27.436,25.429,24.775,23.429
2023,1,Digital,Letter of Administration with will annexed,NOT STOPPED,100,11.043,4.857,9.014,1.571
2023,1,Digital,Letter of Administration with will annexed,STOPPED,372,31.842,28.857,29.012,27.143
2023,1,Digital,Probate,All,45257,7.674,4.286,5.505,2
2023,1,Digital,Probate,NOT STOPPED,34634,4.548,3.286,2.504,1
2023,1,Digital,Probate,STOPPED,10623,17.867,15.714,15.287,13.143
2023,1,Paper,All grants,All,13941,21.293,19.143,21.293,19.143
2023,1,Paper,All grants,NOT STOPPED,8554,16.567,18,16.567,18
2023,1,Paper,All grants,STOPPED,5387,28.798,24.571,28.798,24.571
2023,1,Paper,Letter of Administration,All,6641,19.106,18.143,19.106,18.143
2023,1,Paper,Letter of Administration,NOT STOPPED,4407,15.893,17.857,15.893,17.857
2023,1,Paper,Letter of Administration,STOPPED,2234,25.444,22.429,25.444,22.429
2023,1,Paper,Letter of Administration with will annexed,All,2246,24.775,21,24.775,21
2023,1,Paper,Letter of Administration with will annexed,NOT STOPPED,1269,19.198,19.429,19.198,19.429
2023,1,Paper,Letter of Administration with will annexed,STOPPED,977,32.019,27.571,32.019,27.571
2023,1,Paper,Probate,All,5054,22.62,19.857,22.62,19.857
2023,1,Paper,Probate,NOT STOPPED,2878,16.439,17.571,16.439,17.571
2023,1,Paper,Probate,STOPPED,2176,30.795,24.929,30.795,24.929
2023,2,All,All grants,All,61884,14.873,11.429,12.933,9.429
2023,2,All,All grants,NOT STOPPED,40740,10.82,9.857,8.792,7.429
2023,2,All,All grants,STOPPED,21144,22.682,20,20.912,18.429
2023,2,All,Letter of Administration,All,9475,17.538,15,17.538,15
2023,2,All,Letter of Administration,NOT STOPPED,4956,13.818,14.714,13.818,14.714
2023,2,All,Letter of Administration,STOPPED,4519,21.619,15.857,21.619,15.857
2023,2,All,Letter of Administration with will annexed,All,2777,23.486,20.429,22.459,20
2023,2,All,Letter of Administration with will annexed,NOT STOPPED,1350,15.579,17,14.951,16.143
2023,2,All,Letter of Administration with will annexed,STOPPED,1427,30.965,27,29.562,26.143
2023,2,All,Probate,All,49632,13.882,11.143,11.521,8.571
2023,2,All,Probate,NOT STOPPED,34434,10.202,9.429,7.827,7
2023,2,All,Probate,STOPPED,15198,22.22,20.143,19.889,18.286
2023,2,Digital,All grants,All,47811,12.806,10.286,10.295,7.857
2023,2,Digital,All grants,NOT STOPPED,32431,9.31,8.857,6.763,6.143
2023,2,Digital,All grants,STOPPED,15380,20.178,18.429,17.744,16
2023,2,Digital,Letter of Administration,All,3603,11.392,9.143,11.392,9.143
2023,2,Digital,Letter of Administration,NOT STOPPED,1460,5.349,3.714,5.349,3.714
2023,2,Digital,Letter of Administration,STOPPED,2143,15.51,11,15.51,11
2023,2,Digital,Letter of Administration with will annexed,All,745,19.797,15.857,15.971,9.714
2023,2,Digital,Letter of Administration with will annexed,NOT STOPPED,298,8.074,4.429,5.228,1.5
2023,2,Digital,Letter of Administration with will annexed,STOPPED,447,27.613,25.857,23.134,22
2023,2,Digital,Probate,All,43463,12.803,10.429,10.107,7.857
2023,2,Digital,Probate,NOT STOPPED,30673,9.511,9,6.845,6.143
2023,2,Digital,Probate,STOPPED,12790,20.7,19.286,17.93,16.857
2023,2,Paper,All grants,All,14072,21.895,19.286,21.895,19.286
2023,2,Paper,All grants,NOT STOPPED,8308,16.713,17.429,16.713,17.429
2023,2,Paper,All grants,STOPPED,5764,29.363,25.143,29.363,25.143
2023,2,Paper,Letter of Administration,All,5872,21.31,18.143,21.31,18.143
2023,2,Paper,Letter of Administration,NOT STOPPED,3496,17.354,17.571,17.354,17.571
2023,2,Paper,Letter of Administration,STOPPED,2376,27.13,23,27.13,23
2023,2,Paper,Letter of Administration with will annexed,All,2032,24.838,21.143,24.838,21.143
2023,2,Paper,Letter of Administration with will annexed,NOT STOPPED,1052,17.705,18.571,17.705,18.571
2023,2,Paper,Letter of Administration with will annexed,STOPPED,980,32.494,27.071,32.494,27.071
2023,2,Paper,Probate,All,6168,21.482,19.857,21.482,19.857
2023,2,Paper,Probate,NOT STOPPED,3760,15.84,15.857,15.84,15.857
2023,2,Paper,Probate,STOPPED,2408,30.293,25.857,30.293,25.857
2023,3,All,All grants,All,70610,14.98,11.857,12.516,8.857
2023,3,All,All grants,NOT STOPPED,49267,11.136,11.286,8.605,8.143
2023,3,All,All grants,STOPPED,21343,23.854,20.286,21.545,18.143
2023,3,All,Letter of Administration,All,11100,15.4,12.286,15.4,12.286
2023,3,All,Letter of Administration,NOT STOPPED,7539,10.504,5.286,10.504,5.286
2023,3,All,Letter of Administration,STOPPED,3561,25.767,21,25.767,21
2023,3,All,Letter of Administration with will annexed,All,2792,24.119,23.429,23.464,23.143
2023,3,All,Letter of Administration with will annexed,NOT STOPPED,1572,18.787,22.643,18.326,22.571
2023,3,All,Letter of Administration with will annexed,STOPPED,1220,30.989,26.143,30.084,25.857
2023,3,All,Probate,All,56718,14.448,11.857,11.413,8.857
2023,3,All,Probate,NOT STOPPED,40156,10.955,11.429,7.868,8.286
2023,3,All,Probate,STOPPED,16562,22.917,19.857,20.008,17.286
2023,3,Digital,All grants,All,55993,13.191,11.571,10.084,8.429
2023,3,Digital,All grants,NOT STOPPED,40131,9.887,11.143,6.78,7.714
2023,3,Digital,All grants,STOPPED,15862,21.55,19.143,18.444,16.429
2023,3,Digital,Letter of Administration,All,4827,8.379,4.143,8.379,4.143
2023,3,Digital,Letter of Administration,NOT STOPPED,3404,3.668,3,3.668,3
2023,3,Digital,Letter of Administration,STOPPED,1423,19.65,16.286,19.65,16.286
2023,3,Digital,Letter of Administration with will annexed,All,556,17.902,9.286,14.614,4.786
2023,3,Digital,Letter of Administration with will annexed,NOT STOPPED,238,7.085,3.643,4.04,0.571
2023,3,Digital,Letter of Administration with will annexed,STOPPED,318,25.998,23,22.527,20.071
2023,3,Digital,Probate,All,50610,13.598,11.714,10.197,8.571
2023,3,Digital,Probate,NOT STOPPED,36489,10.485,11.429,7.088,8
2023,3,Digital,Probate,STOPPED,14121,21.642,19.286,18.23,16.429
2023,3,Paper,All grants,All,14617,21.833,21.714,21.833,21.714
2023,3,Paper,All grants,NOT STOPPED,9136,16.621,19.286,16.621,19.286
2023,3,Paper,All grants,STOPPED,5481,30.52,24.714,30.52,24.714
2023,3,Paper,Letter of Administration,All,6273,20.803,21.714,20.803,21.714
2023,3,Paper,Letter of Administration,NOT STOPPED,4135,16.132,20,16.132,20
2023,3,Paper,Letter of Administration,STOPPED,2138,29.838,24.143,29.838,24.143
2023,3,Paper,Letter of Administration with will annexed,All,2236,25.664,23.714,25.664,23.714
2023,3,Paper,Letter of Administration with will annexed,NOT STOPPED,1334,20.875,23,20.875,23
2023,3,Paper,Letter of Administration with will annexed,STOPPED,902,32.748,26.714,32.748,26.714
2023,3,Paper,Probate,All,6108,21.487,19.143,21.487,19.143
2023,3,Paper,Probate,NOT STOPPED,3667,15.624,12.286,15.624,12.286
2023,3,Paper,Probate,STOPPED,2441,30.294,24.143,30.294,24.143
2023,4,All,All grants,All,78687,14.933,10.857,13.007,9
2023,4,All,All grants,NOT STOPPED,53179,10.693,10.286,8.932,8.143
2023,4,All,All grants,STOPPED,25508,23.773,20.143,21.504,17.714
2023,4,All,Letter of Administration,All,12284,16.773,16.429,16.773,16.429
2023,4,All,Letter of Administration,NOT STOPPED,7065,11.713,14,11.713,14
2023,4,All,Letter of Administration,STOPPED,5219,23.623,18,23.623,18
2023,4,All,Letter of Administration with will annexed,All,3235,23.28,20.143,22.843,20
2023,4,All,Letter of Administration with will annexed,NOT STOPPED,1585,16.211,16.857,15.952,16.857
2023,4,All,Letter of Administration with will annexed,STOPPED,1650,30.071,25.143,29.462,24.857
2023,4,All,Probate,All,63168,14.148,10.571,11.771,8.571
2023,4,All,Probate,NOT STOPPED,44529,10.335,10.286,8.241,8
2023,4,All,Probate,STOPPED,18639,23.257,20.143,20.206,17
2023,4,Digital,All grants,All,61376,13.264,10.571,10.795,8.429
2023,4,Digital,All grants,NOT STOPPED,43334,9.743,10.143,7.581,8
2023,4,Digital,All grants,STOPPED,18042,21.722,19,18.514,15.929
2023,4,Digital,Letter of Administration,All,4519,10.135,5,10.135,5
2023,4,Digital,Letter of Administration,NOT STOPPED,2295,2.736,1.286,2.736,1.286
2023,4,Digital,Letter of Administration,STOPPED,2224,17.77,15.714,17.77,15.714
2023,4,Digital,Letter of Administration with will annexed,All,482,19.703,12,16.769,8
2023,4,Digital,Letter of Administration with will annexed,NOT STOPPED,186,5.18,1.286,2.977,0.143
2023,4,Digital,Letter of Administration with will annexed,STOPPED,296,28.829,25.429,25.435,20.929
2023,4,Digital,Probate,All,56375,13.46,10.571,10.797,8.429
2023,4,Digital,Probate,NOT STOPPED,40853,10.157,10.286,7.874,8
2023,4,Digital,Probate,STOPPED,15522,22.152,19.571,18.488,16
2023,4,Paper,All grants,All,17311,20.852,17.714,20.852,17.714
2023,4,Paper,All grants,NOT STOPPED,9845,14.878,15.143,14.878,15.143
2023,4,Paper,All grants,STOPPED,7466,28.729,23.286,28.729,23.286
2023,4,Paper,Letter of Administration,All,7765,20.636,17.714,20.636,17.714
2023,4,Paper,Letter of Administration,NOT STOPPED,4770,16.032,16.857,16.032,16.857
2023,4,Paper,Letter of Administration,STOPPED,2995,27.969,22.714,27.969,22.714
2023,4,Paper,Letter of Administration with will annexed,All,2753,23.906,20.429,23.906,20.429
2023,4,Paper,Letter of Administration with will annexed,NOT STOPPED,1399,17.677,18.143,17.677,18.143
2023,4,Paper,Letter of Administration with will annexed,STOPPED,1354,30.342,25.143,30.342,25.143
2023,4,Paper,Probate,All,6793,19.861,16,19.861,16
2023,4,Paper,Probate,NOT STOPPED,3676,12.315,10.429,12.315,10.429
2023,4,Paper,Probate,STOPPED,3117,28.759,23.286,28.759,23.286
2024,,All,All grants,All,328449,10.027,5,8.136,3
2024,,All,All grants,NOT STOPPED,228583,5.631,3.286,3.794,1.429
2024,,All,All grants,STOPPED,99866,20.089,15.143,18.077,13.286
2024,,All,Letter of Administration,All,51258,14.48,9.429,14.48,9.429
2024,,All,Letter of Administration,NOT STOPPED,30805,8.659,5.714,8.659,5.714
2024,,All,Letter of Administration,STOPPED,20453,23.247,17.714,23.247,17.714
2024,,All,Letter of Administration with will annexed,All,11644,23.29,19.571,22.755,19.143
2024,,All,Letter of Administration with will annexed,NOT STOPPED,5437,14.85,14.286,14.526,14
2024,,All,Letter of Administration with will annexed,STOPPED,6207,30.684,25.429,29.964,25
2024,,All,Probate,All,265547,8.586,4.429,6.271,2
2024,,All,Probate,NOT STOPPED,192341,4.885,3.143,2.711,1
2024,,All,Probate,STOPPED,73206,18.308,14.143,15.624,11.857
2024,,Digital,All grants,All,265599,7.978,4.286,5.648,1.857
2024,,Digital,All grants,NOT STOPPED,193689,4.582,3.143,2.416,1
2024,,Digital,All grants,STOPPED,71910,17.126,13.571,14.355,11.143
2024,,Digital,Letter of Administration,All,19740,9.36,4.714,9.36,4.714
2024,,Digital,Letter of Administration,NOT STOPPED,11921,4.054,3,4.054,3
2024,,Digital,Letter of Administration,STOPPED,7819,17.449,13,17.449,13
2024,,Digital,Letter of Administration with will annexed,All,1798,21.995,15.643,18.863,13.143
2024,,Digital,Letter of Administration with will annexed,NOT STOPPED,710,9.833,6.571,7.421,4.143
2024,,Digital,Letter of Administration with will annexed,STOPPED,1088,29.931,24.286,26.33,21.143
2024,,Digital,Probate,All,244061,7.763,4.143,5.251,1.714
2024,,Digital,Probate,NOT STOPPED,181058,4.596,3.143,2.288,0.857
2024,,Digital,Probate,STOPPED,63003,16.864,13.571,13.764,10.857
2024,,Paper,All grants,All,62848,18.684,14.857,18.65,14.714
2024,,Paper,All grants,NOT STOPPED,34893,11.455,8.857,11.442,8.857
2024,,Paper,All grants,STOPPED,27955,27.708,22,27.647,22
2024,,Paper,Letter of Administration,All,31517,17.687,14.286,17.687,14.286
2024,,Paper,Letter of Administration,NOT STOPPED,18883,11.567,9.286,11.567,9.286
2024,,Paper,Letter of Administration,STOPPED,12634,26.835,21.857,26.835,21.857
2024,,Paper,Letter of Administration with will annexed,All,9846,23.527,20.143,23.466,20.143
2024,,Paper,Letter of Administration with will annexed,NOT STOPPED,4727,15.604,15,15.593,15
2024,,Paper,Letter of Administration with will annexed,STOPPED,5119,30.843,25.571,30.736,25.429
2024,,Paper,Probate,All,21485,17.928,12.429,17.856,12.286
2024,,Paper,Probate,NOT STOPPED,11283,9.531,5.143,9.495,5.143
2024,,Paper,Probate,STOPPED,10202,27.215,19.714,27.103,19.714
2024,1,All,All grants,All,83059,12.929,8.429,11.173,7
2024,1,All,All grants,NOT STOPPED,57883,8.679,7.143,6.954,5.429
2024,1,All,All grants,STOPPED,25176,22.699,17.571,20.875,16
2024,1,All,Letter of Administration,All,10086,19.985,18.429,19.985,18.429
2024,1,All,Letter of Administration,NOT STOPPED,5565,13.526,9.286,13.526,9.286
2024,1,All,Letter of Administration,STOPPED,4521,27.935,23.714,27.935,23.714
2024,1,All,Letter of Administration with will annexed,All,2455,27.378,23.714,26.891,23.714
2024,1,All,Letter of Administration with will annexed,NOT STOPPED,1054,19.378,21.857,19.093,21.857
2024,1,All,Letter of Administration with will annexed,STOPPED,1401,33.396,28.429,32.757,27.857
2024,1,All,Probate,All,70518,11.416,8.143,9.366,6.571
2024,1,All,Probate,NOT STOPPED,51264,7.933,6.857,5.991,5.143
2024,1,All,Probate,STOPPED,19254,20.691,16.571,18.353,14.857
2024,1,Digital,All grants,All,68953,10.755,8,8.641,6.143
2024,1,Digital,All grants,NOT STOPPED,50549,7.587,6.714,5.611,5
2024,1,Digital,All grants,STOPPED,18404,19.456,16,16.961,14.143
2024,1,Digital,Letter of Administration,All,3336,12.674,7.286,12.674,7.286
2024,1,Digital,Letter of Administration,NOT STOPPED,1773,6.035,4.429,6.035,4.429
2024,1,Digital,Letter of Administration,STOPPED,1563,20.205,14.429,20.205,14.429
2024,1,Digital,Letter of Administration with will annexed,All,377,23.749,20.286,20.576,16.429
2024,1,Digital,Letter of Administration with will annexed,NOT STOPPED,115,9.384,3.429,6.771,1
2024,1,Digital,Letter of Administration with will annexed,STOPPED,262,30.054,28,26.636,23.571
2024,1,Digital,Probate,All,65240,10.582,8,8.365,6.143
2024,1,Digital,Probate,NOT STOPPED,48661,7.639,6.857,5.593,5
2024,1,Digital,Probate,STOPPED,16579,19.218,16,16.503,14
2024,1,Paper,All grants,All,14105,23.556,21.857,23.556,21.857
2024,1,Paper,All grants,NOT STOPPED,7333,16.209,18.857,16.209,18.857
2024,1,Paper,All grants,STOPPED,6772,31.511,25.857,31.511,25.857
2024,1,Paper,Letter of Administration,All,6749,23.601,22.286,23.601,22.286
2024,1,Paper,Letter of Administration,NOT STOPPED,3791,17.032,21.429,17.032,21.429
2024,1,Paper,Letter of Administration,STOPPED,2958,32.02,28,32.02,28
2024,1,Paper,Letter of Administration with will annexed,All,2078,28.036,23.857,28.036,23.857
2024,1,Paper,Letter of Administration with will annexed,NOT STOPPED,939,20.602,22.286,20.602,22.286
2024,1,Paper,Letter of Administration with will annexed,STOPPED,1139,34.165,28.571,34.165,28.571
2024,1,Paper,Probate,All,5278,21.734,17.429,21.734,17.429
2024,1,Paper,Probate,NOT STOPPED,2603,13.425,8.286,13.425,8.286
2024,1,Paper,Probate,STOPPED,2675,29.818,23,29.818,23
2024,2,All,All grants,All,81983,10.085,4.143,8.188,2
2024,2,All,All grants,NOT STOPPED,61648,5.658,3.286,3.849,1.571
2024,2,All,All grants,STOPPED,20335,23.505,17.571,21.344,15.429
2024,2,All,Letter of Administration,All,12683,15.941,11.143,15.941,11.143
2024,2,All,Letter of Administration,NOT STOPPED,8824,10.693,8,10.693,8
2024,2,All,Letter of Administration,STOPPED,3859,27.94,21.714,27.94,21.714
2024,2,All,Letter of Administration with will annexed,All,2343,27.582,23.714,27.083,23.714
2024,2,All,Letter of Administration with will annexed,NOT STOPPED,1130,19.509,20.857,19.29,20.857
2024,2,All,Letter of Administration with will annexed,STOPPED,1213,35.102,29.571,34.343,28.857
2024,2,All,Probate,All,66957,8.363,3.714,6.058,1.714
2024,2,All,Probate,NOT STOPPED,51694,4.496,3.286,2.343,1.429
2024,2,All,Probate,STOPPED,15263,21.461,16.429,18.643,14
2024,2,Digital,All grants,All,67898,7.698,3.714,5.411,1.714
2024,2,Digital,All grants,NOT STOPPED,53190,4.223,3.143,2.126,1.429
2024,2,Digital,All grants,STOPPED,14708,20.267,16,17.291,13.429
2024,2,Digital,Letter of Administration,All,5848,9.655,6.714,9.655,6.714
2024,2,Digital,Letter of Administration,NOT STOPPED,4366,5.302,5,5.302,5
2024,2,Digital,Letter of Administration,STOPPED,1482,22.48,15.286,22.48,15.286
2024,2,Digital,Letter of Administration with will annexed,All,290,26.384,16.214,22.673,13.786
2024,2,Digital,Letter of Administration with will annexed,NOT STOPPED,102,11.303,9.286,9.073,7
2024,2,Digital,Letter of Administration with will annexed,STOPPED,188,34.567,29,30.052,24.357
2024,2,Digital,Probate,All,61760,7.425,3.571,4.928,1.571
2024,2,Digital,Probate,NOT STOPPED,48722,4.111,3.143,1.827,1.286
2024,2,Digital,Probate,STOPPED,13038,19.809,16,16.517,13.143
2024,2,Paper,All grants,All,14084,21.585,19.143,21.57,19.143
2024,2,Paper,All grants,NOT STOPPED,8458,14.685,15.286,14.681,15.286
2024,2,Paper,All grants,STOPPED,5626,31.957,26,31.927,26
2024,2,Paper,Letter of Administration,All,6835,21.319,19.714,21.319,19.714
2024,2,Paper,Letter of Administration,NOT STOPPED,4458,15.973,17,15.973,17
2024,2,Paper,Letter of Administration,STOPPED,2377,31.345,25.714,31.345,25.714
2024,2,Paper,Letter of Administration with will annexed,All,2053,27.751,24,27.706,24
2024,2,Paper,Letter of Administration with will annexed,NOT STOPPED,1028,20.324,21.571,20.304,21.571
2024,2,Paper,Letter of Administration with will annexed,STOPPED,1025,35.201,29.714,35.13,29.714
2024,2,Paper,Probate,All,5196,19.498,15.429,19.477,15.429
2024,2,Paper,Probate,NOT STOPPED,2972,10.803,4.571,10.798,4.571
2024,2,Paper,Probate,STOPPED,2224,31.117,24.143,31.074,24.143
2024,3,All,All grants,All,89471,9.014,3,7.224,1.286
2024,3,All,All grants,NOT STOPPED,58763,4.343,2.286,2.644,0.429
2024,3,All,All grants,STOPPED,30708,17.954,12.857,15.989,11
2024,3,All,Letter of Administration,All,16089,13.458,10,13.458,10
2024,3,All,Letter of Administration,NOT STOPPED,9518,8.063,6.643,8.063,6.643
2024,3,All,Letter of Administration,STOPPED,6571,21.271,16.571,21.271,16.571
2024,3,All,Letter of Administration with will annexed,All,2968,22.777,17.143,22.127,16.786
2024,3,All,Letter of Administration with will annexed,NOT STOPPED,1414,14.257,14,13.796,13.786
2024,3,All,Letter of Administration with will annexed,STOPPED,1554,30.53,24.857,29.707,24.143
2024,3,All,Probate,All,70414,7.419,2.571,5.172,0.714
2024,3,All,Probate,NOT STOPPED,47831,3.309,2.143,1.236,0.286
2024,3,All,Probate,STOPPED,22583,16.123,11.429,13.508,8.857
2024,3,Digital,All grants,All,70990,7.014,2.571,4.769,0.714
2024,3,Digital,All grants,NOT STOPPED,48244,3.08,2.143,1.016,0.286
2024,3,Digital,All grants,STOPPED,22746,15.358,11.143,12.727,8.714
2024,3,Digital,Letter of Administration,All,5885,9.496,4,9.496,4
2024,3,Digital,Letter of Administration,NOT STOPPED,3093,3.541,2.714,3.541,2.714
2024,3,Digital,Letter of Administration,STOPPED,2792,16.092,13.286,16.092,13.286
2024,3,Digital,Letter of Administration with will annexed,All,587,21.068,15.286,18.281,12.857
2024,3,Digital,Letter of Administration with will annexed,NOT STOPPED,294,11.062,9,8.936,7
2024,3,Digital,Letter of Administration with will annexed,STOPPED,293,31.108,23.143,27.657,20
2024,3,Digital,Probate,All,64518,6.66,2.571,4.214,0.571
2024,3,Digital,Probate,NOT STOPPED,44857,2.996,2.143,0.79,0.143
2024,3,Digital,Probate,STOPPED,19661,15.019,10.857,12.027,8
2024,3,Paper,All grants,All,18481,16.696,12.571,16.658,12.571
2024,3,Paper,All grants,NOT STOPPED,10519,10.132,9.429,10.11,9.429
2024,3,Paper,All grants,STOPPED,7962,25.369,19.429,25.308,19.429
2024,3,Paper,Letter of Administration,All,10204,15.743,12,15.743,12
2024,3,Paper,Letter of Administration,NOT STOPPED,6425,10.24,9.571,10.24,9.571
2024,3,Paper,Letter of Administration,STOPPED,3779,25.097,19.714,25.097,19.714
2024,3,Paper,Letter of Administration with will annexed,All,2381,23.198,17.857,23.075,17.571
2024,3,Paper,Letter of Administration with will annexed,NOT STOPPED,1120,15.096,14.286,15.072,14.286
2024,3,Paper,Letter of Administration with will annexed,STOPPED,1261,30.395,25.286,30.183,25
2024,3,Paper,Probate,All,5896,15.721,11,15.651,11
2024,3,Paper,Probate,NOT STOPPED,2974,8.028,2.714,7.961,2.714
2024,3,Paper,Probate,STOPPED,2922,23.551,16.286,23.477,16.143
2024,4,All,All grants,All,73936,7.928,2.857,5.771,0.286
2024,4,All,All grants,NOT STOPPED,50289,3.595,2.571,1.432,0
2024,4,All,All grants,STOPPED,23647,17.144,9.857,14.998,7.429
2024,4,All,Letter of Administration,All,12400,9.834,3,9.834,3
2024,4,All,Letter of Administration,NOT STOPPED,6898,2.952,1.571,2.952,1.571
2024,4,All,Letter of Administration,STOPPED,5502,18.462,12.286,18.462,12.286
2024,4,All,Letter of Administration with will annexed,All,3878,18.503,13.857,18.003,13.714
2024,4,All,Letter of Administration with will annexed,NOT STOPPED,1839,9.849,8.429,9.542,8.143
2024,4,All,Letter of Administration with will annexed,STOPPED,2039,26.308,20.429,25.635,19.857
2024,4,All,Probate,All,57658,6.807,2.857,4.074,0
2024,4,All,Probate,NOT STOPPED,41552,3.425,2.571,0.82,0
2024,4,All,Probate,STOPPED,16106,15.534,7.857,12.468,4.857
2024,4,Digital,All grants,All,57758,6.176,2.857,3.436,0
2024,4,Digital,All grants,NOT STOPPED,41706,3.134,2.571,0.531,0
2024,4,Digital,All grants,STOPPED,16052,14.08,7,10.983,4.143
2024,4,Digital,Letter of Administration,All,4671,6.451,1.429,6.451,1.429
2024,4,Digital,Letter of Administration,NOT STOPPED,2689,1.31,0.429,1.31,0.429
2024,4,Digital,Letter of Administration,STOPPED,1982,13.426,5.714,13.426,5.714
2024,4,Digital,Letter of Administration with will annexed,All,544,19.439,12.571,16.273,10
2024,4,Digital,Letter of Administration with will annexed,NOT STOPPED,199,7.523,3.429,4.712,0.571
2024,4,Digital,Letter of Administration with will annexed,STOPPED,345,26.311,22,22.942,19.429
2024,4,Digital,Probate,All,52543,6.014,2.857,3.035,0
2024,4,Digital,Probate,NOT STOPPED,38818,3.238,2.571,0.455,0
2024,4,Digital,Probate,STOPPED,13725,13.867,7,10.33,3.714
2024,4,Paper,All grants,All,16178,14.183,6.857,14.107,6.857
2024,4,Paper,All grants,NOT STOPPED,8583,5.832,2.714,5.809,2.714
2024,4,Paper,All grants,STOPPED,7595,23.62,17,23.484,16.857
2024,4,Paper,Letter of Administration,All,7729,11.878,4.143,11.878,4.143
2024,4,Paper,Letter of Administration,NOT STOPPED,4209,4.001,2.286,4.001,2.286
2024,4,Paper,Letter of Administration,STOPPED,3520,21.298,15.286,21.298,15.286
2024,4,Paper,Letter of Administration with will annexed,All,3334,18.35,14,18.286,13.857
2024,4,Paper,Letter of Administration with will annexed,NOT STOPPED,1640,10.131,9,10.128,9
2024,4,Paper,Letter of Administration with will annexed,STOPPED,1694,26.307,20.143,26.183,20
2024,4,Paper,Probate,All,5115,14.95,6.857,14.75,6.714
2024,4,Paper,Probate,NOT STOPPED,2734,6.074,2.143,6.003,2.143
2024,4,Paper,Probate,STOPPED,2381,25.142,16.857,24.794,16.571
2025,,All,All grants,All,295418,6.18,2,4.692,0.429
2025,,All,All grants,NOT STOPPED,212465,2.623,1.571,1.273,0.143
2025,,All,All grants,STOPPED,82953,15.291,8.286,13.45,6.571
2025,,All,Letter of Administration,All,46001,8.833,11.714,8.832,10.857
2025,,All,Letter of Administration,NOT STOPPED,27541,3.59,8.857,3.59,8.857
2025,,All,Letter of Administration,STOPPED,18460,16.655,10.929,16.654,10.786
2025,,All,Letter of Administration with will annexed,All,10326,18.283,13.286,17.73,13.143
2025,,All,Letter of Administration with will annexed,NOT STOPPED,5094,9.577,9,9.298,8.857
2025,,All,Letter of Administration with will annexed,STOPPED,5232,26.761,19.714,25.939,19.143
2025,,All,Probate,All,239091,5.147,1.857,3.333,0.286
2025,,All,Probate,NOT STOPPED,179830,2.278,1.571,0.691,0.143
2025,,All,Probate,STOPPED,59261,13.853,7,11.349,4.857
2025,,Digital,All grants,All,244812,4.632,1.857,2.858,0.286
2025,,Digital,All grants,NOT STOPPED,184963,2.114,1.571,0.565,0.143
2025,,Digital,All grants,STOPPED,59849,12.412,6.286,9.946,4.286
2025,,Digital,Letter of Administration,All,20087,4.846,2.429,4.846,2.429
2025,,Digital,Letter of Administration,NOT STOPPED,12783,1.072,0.429,1.072,0.429
2025,,Digital,Letter of Administration,STOPPED,7304,11.451,5.143,11.451,5.143
2025,,Digital,Letter of Administration with will annexed,All,1634,16.983,8.429,14.467,6.571
2025,,Digital,Letter of Administration with will annexed,NOT STOPPED,785,5.701,3,3.939,1.143
2025,,Digital,Letter of Administration with will annexed,STOPPED,849,27.414,19.714,24.201,17
2025,,Digital,Probate,All,223091,4.522,1.857,2.594,0.143
2025,,Digital,Probate,NOT STOPPED,171395,2.176,1.571,0.512,0.143
2025,,Digital,Probate,STOPPED,51696,12.302,6.429,9.5,4.143
2025,,Paper,All grants,All,50606,13.671,7.857,13.566,7.714
2025,,Paper,All grants,NOT STOPPED,27502,6.046,4,6.038,4
2025,,Paper,All grants,STOPPED,23104,22.747,15.143,22.526,15
2025,,Paper,Letter of Administration,All,25914,11.924,9.5,11.923,9.286
2025,,Paper,Letter of Administration,NOT STOPPED,14758,5.772,6.786,5.772,6.786
2025,,Paper,Letter of Administration,STOPPED,11156,20.063,12.571,20.06,12.357
2025,,Paper,Letter of Administration with will annexed,All,8692,18.528,13.857,18.343,13.714
2025,,Paper,Letter of Administration with will annexed,NOT STOPPED,4309,10.283,10.143,10.274,10.143
2025,,Paper,Letter of Administration with will annexed,STOPPED,4383,26.634,19.714,26.276,19.286
2025,,Paper,Probate,All,16000,13.862,4.714,13.631,4.571
2025,,Paper,Probate,NOT STOPPED,8435,4.363,1.857,4.341,1.857
2025,,Paper,Probate,STOPPED,7565,24.454,16,23.989,15.571
2025,1,All,All grants,All,80867,6.233,1.571,4.757,0.286
2025,1,All,All grants,NOT STOPPED,55109,2.434,1.286,1.143,0
2025,1,All,All grants,STOPPED,25758,14.362,7.286,12.488,5.429
2025,1,All,Letter of Administration,All,13033,8.655,22.571,8.654,22.571
2025,1,All,Letter of Administration,NOT STOPPED,7666,3.305,1.429,3.305,1.429
2025,1,All,Letter of Administration,STOPPED,5367,16.298,22.571,16.294,22.571
2025,1,All,Letter of Administration with will annexed,All,3243,16.402,11,15.946,10.714
2025,1,All,Letter of Administration with will annexed,NOT STOPPED,1469,7.334,4.571,7.132,4.143
2025,1,All,Letter of Administration with will annexed,STOPPED,1774,23.911,17.857,23.246,17.143
2025,1,All,Probate,All,64591,5.234,1.429,3.408,0.143
2025,1,All,Probate,NOT STOPPED,45974,2.132,1.286,0.591,0
2025,1,All,Probate,STOPPED,18617,12.894,6.143,10.366,4
2025,1,Digital,All grants,All,66249,4.704,1.429,2.92,0.143
2025,1,Digital,All grants,NOT STOPPED,47518,1.948,1.143,0.452,0
2025,1,Digital,All grants,STOPPED,18731,11.697,5.714,9.181,3.571
2025,1,Digital,Letter of Administration,All,5855,5.362,1.143,5.362,1.143
2025,1,Digital,Letter of Administration,NOT STOPPED,3705,1.151,0.429,1.151,0.429
2025,1,Digital,Letter of Administration,STOPPED,2150,12.619,6.143,12.619,6.143
2025,1,Digital,Letter of Administration with will annexed,All,436,15.798,7.571,13.356,5.143
2025,1,Digital,Letter of Administration with will annexed,NOT STOPPED,176,4.44,1.714,2.77,0.286
2025,1,Digital,Letter of Administration with will annexed,STOPPED,260,23.486,17.786,20.521,13.714
2025,1,Digital,Probate,All,59958,4.559,1.429,2.606,0.143
2025,1,Digital,Probate,NOT STOPPED,43637,2.006,1.286,0.383,0
2025,1,Digital,Probate,STOPPED,16321,11.387,5.571,8.547,3.143
2025,1,Paper,All grants,All,14618,13.161,7.143,13.08,7.143
2025,1,Paper,All grants,NOT STOPPED,7591,5.473,3.143,5.466,3.143
2025,1,Paper,All grants,STOPPED,7027,21.467,14.857,21.305,14.714
2025,1,Paper,Letter of Administration,All,7178,11.342,14.714,11.339,14.714
2025,1,Paper,Letter of Administration,NOT STOPPED,3961,5.319,4.286,5.319,4.286
2025,1,Paper,Letter of Administration,STOPPED,3217,18.757,22.571,18.75,22.571
2025,1,Paper,Letter of Administration with will annexed,All,2807,16.495,11.143,16.349,11.143
2025,1,Paper,Letter of Administration with will annexed,NOT STOPPED,1293,7.728,5.286,7.725,5.286
2025,1,Paper,Letter of Administration with will annexed,STOPPED,1514,23.984,17.857,23.713,17.714
2025,1,Paper,Probate,All,4633,13.96,5.143,13.797,5.143
2025,1,Paper,Probate,NOT STOPPED,2337,4.486,1.429,4.464,1.429
2025,1,Paper,Probate,STOPPED,2296,23.604,17.286,23.297,16.857
2025,2,All,All grants,All,73061,6.019,1.857,4.403,0.429
2025,2,All,All grants,NOT STOPPED,53070,2.544,1.714,1.053,0.143
2025,2,All,All grants,STOPPED,19991,15.244,8,13.296,6.143
2025,2,All,Letter of Administration,All,10456,8.464,8.929,8.464,8.929
2025,2,All,Letter of Administration,NOT STOPPED,6278,2.85,1,2.85,1
2025,2,All,Letter of Administration,STOPPED,4178,16.9,12,16.9,12
2025,2,All,Letter of Administration with will annexed,All,1987,18.886,11.857,18.154,11.571
2025,2,All,Letter of Administration with will annexed,NOT STOPPED,844,7.274,3.571,6.823,3.286
2025,2,All,Letter of Administration with will annexed,STOPPED,1143,27.461,19.286,26.52,19
2025,2,All,Probate,All,60618,5.176,1.857,3.252,0.286
2025,2,All,Probate,NOT STOPPED,45948,2.416,1.714,0.702,0.143
2025,2,All,Probate,STOPPED,14670,13.82,7.143,11.239,4.857
2025,2,Digital,All grants,All,61810,4.645,1.857,2.758,0.286
2025,2,Digital,All grants,NOT STOPPED,47094,2.251,1.714,0.572,0.143
2025,2,Digital,All grants,STOPPED,14716,12.304,6.143,9.754,4
2025,2,Digital,Letter of Administration,All,4799,4.533,0.714,4.533,0.714
2025,2,Digital,Letter of Administration,NOT STOPPED,3070,0.86,0.143,0.86,0.143
2025,2,Digital,Letter of Administration,STOPPED,1729,11.056,4.429,11.056,4.429
2025,2,Digital,Letter of Administration with will annexed,All,384,18.206,7,15.031,4.929
2025,2,Digital,Letter of Administration with will annexed,NOT STOPPED,164,4.233,2.071,2.033,0.571
2025,2,Digital,Letter of Administration with will annexed,STOPPED,220,28.623,17.5,24.719,15.143
2025,2,Digital,Probate,All,56627,4.562,1.857,2.525,0.286
2025,2,Digital,Probate,NOT STOPPED,43860,2.341,1.714,0.547,0.143
2025,2,Digital,Probate,STOPPED,12767,12.192,6.286,9.319,4
2025,2,Paper,All grants,All,11251,13.569,6.286,13.439,6.286
2025,2,Paper,All grants,NOT STOPPED,5976,4.854,3.143,4.843,3.143
2025,2,Paper,All grants,STOPPED,5275,23.443,15.429,23.177,15.143
2025,2,Paper,Letter of Administration,All,5657,11.798,14.714,11.798,14.714
2025,2,Paper,Letter of Administration,NOT STOPPED,3208,4.754,4.857,4.754,4.857
2025,2,Paper,Letter of Administration,STOPPED,2449,21.025,14.714,21.025,14.714
2025,2,Paper,Letter of Administration with will annexed,All,1603,19.049,12.286,18.902,12.143
2025,2,Paper,Letter of Administration with will annexed,NOT STOPPED,680,8.007,5.714,7.978,5.643
2025,2,Paper,Letter of Administration with will annexed,STOPPED,923,27.184,19.714,26.95,19.429
2025,2,Paper,Probate,All,3991,13.879,5.429,13.57,5.286
2025,2,Paper,Probate,NOT STOPPED,2088,3.979,1.857,3.957,1.857
2025,2,Paper,Probate,STOPPED,1903,24.741,16.714,24.117,16.429
2025,3,All,All grants,All,74611,6.383,2.143,4.925,0.857
2025,3,All,All grants,NOT STOPPED,54885,2.97,2,1.652,0.571
2025,3,All,All grants,STOPPED,19726,15.881,9.143,14.032,7.286
2025,3,All,Letter of Administration,All,12251,8.918,10.857,8.918,10
2025,3,All,Letter of Administration,NOT STOPPED,7755,4.318,10.857,4.318,10.857
2025,3,All,Letter of Administration,STOPPED,4496,16.852,10.857,16.851,10.429
2025,3,All,Letter of Administration with will annexed,All,2788,18.534,13.286,18.003,13.143
2025,3,All,Letter of Administration with will annexed,NOT STOPPED,1552,10.992,10.429,10.749,10.429
2025,3,All,Letter of Administration with will annexed,STOPPED,1236,28.005,20.429,27.111,19.857
2025,3,All,Probate,All,59572,5.293,2.143,3.492,0.714
2025,3,All,Probate,NOT STOPPED,45578,2.467,2,0.888,0.429
2025,3,All,Probate,STOPPED,13994,14.499,7.714,11.971,5.429
2025,3,Digital,All grants,All,60925,4.823,2,3.055,0.714
2025,3,Digital,All grants,NOT STOPPED,46788,2.307,2,0.761,0.429
2025,3,Digital,All grants,STOPPED,14137,13.149,7,10.648,4.857
2025,3,Digital,Letter of Administration,All,4987,5.066,1.429,5.066,1.429
2025,3,Digital,Letter of Administration,NOT STOPPED,3264,1.379,0.714,1.379,0.714
2025,3,Digital,Letter of Administration,STOPPED,1723,12.051,5.571,12.051,5.571
2025,3,Digital,Letter of Administration with will annexed,All,425,16.836,8,14.561,6.571
2025,3,Digital,Letter of Administration with will annexed,NOT STOPPED,231,6.714,6,5.133,4.429
2025,3,Digital,Letter of Administration with will annexed,STOPPED,194,28.887,20,25.788,18
2025,3,Digital,Probate,All,55513,4.709,2.143,2.787,0.714
2025,3,Digital,Probate,NOT STOPPED,43293,2.353,2,0.692,0.429
2025,3,Digital,Probate,STOPPED,12220,13.054,7,10.209,4.714
2025,3,Paper,All grants,All,13686,13.33,8.429,13.247,8.429
2025,3,Paper,All grants,NOT STOPPED,8097,6.8,4.429,6.797,4.429
2025,3,Paper,All grants,STOPPED,5589,22.791,15,22.593,14.857
2025,3,Paper,Letter of Administration,All,7264,11.562,9.429,11.562,9
2025,3,Paper,Letter of Administration,NOT STOPPED,4491,6.455,10.857,6.455,10.857
2025,3,Paper,Letter of Administration,STOPPED,2773,19.835,13,19.833,13
2025,3,Paper,Letter of Administration with will annexed,All,2363,18.84,13.714,18.622,13.571
2025,3,Paper,Letter of Administration with will annexed,NOT STOPPED,1321,11.739,11,11.731,11
2025,3,Paper,Letter of Administration with will annexed,STOPPED,1042,27.841,20.429,27.358,20.071
2025,3,Paper,Probate,All,4059,13.287,4.286,13.136,4.143
2025,3,Paper,Probate,NOT STOPPED,2285,4.623,2.286,4.616,2.286
2025,3,Paper,Probate,STOPPED,1774,24.446,15,24.109,14.714
2025,4,All,All grants,All,66879,6.066,1.714,4.672,0.143
2025,4,All,All grants,NOT STOPPED,49401,2.535,1.429,1.235,0
2025,4,All,All grants,STOPPED,17478,16.048,9.143,14.386,7.571
2025,4,All,Letter of Administration,All,10261,9.334,11.429,9.333,10.429
2025,4,All,Letter of Administration,NOT STOPPED,5842,3.794,4.643,3.794,4.643
2025,4,All,Letter of Administration,STOPPED,4419,16.658,11.714,16.657,11.429
2025,4,All,Letter of Administration with will annexed,All,2308,20.106,15.357,19.541,15.286
2025,4,All,Letter of Administration with will annexed,NOT STOPPED,1229,12.052,13.714,11.754,13.571
2025,4,All,Letter of Administration with will annexed,STOPPED,1079,29.279,20.857,28.41,20.286
2025,4,All,Probate,All,54310,4.852,1.571,3.159,0.143
2025,4,All,Probate,NOT STOPPED,42330,2.085,1.429,0.576,0
2025,4,All,Probate,STOPPED,11980,14.631,8,12.285,5.857
2025,4,Digital,All grants,All,55828,4.323,1.571,2.681,0.143
2025,4,Digital,All grants,NOT STOPPED,43563,1.941,1.429,0.468,0
2025,4,Digital,All grants,STOPPED,12265,12.786,6.857,10.538,5.143
2025,4,Digital,Letter of Administration,All,4446,4.255,1.571,4.255,1.571
2025,4,Digital,Letter of Administration,NOT STOPPED,2744,0.835,0.143,0.835,0.143
2025,4,Digital,Letter of Administration,STOPPED,1702,9.769,3.857,9.769,3.857
2025,4,Digital,Letter of Administration with will annexed,All,389,17.264,11,15.053,9.571
2025,4,Digital,Letter of Administration with will annexed,NOT STOPPED,214,6.77,3.571,5.073,2
2025,4,Digital,Letter of Administration with will annexed,STOPPED,175,30.096,21.857,27.258,20.286
2025,4,Digital,Probate,All,50993,4.231,1.571,2.449,0
2025,4,Digital,Probate,NOT STOPPED,40605,1.99,1.429,0.419,0
2025,4,Digital,Probate,STOPPED,10388,12.989,7.286,10.382,5.143
2025,4,Paper,All grants,All,11051,14.871,9.286,14.731,9.286
2025,4,Paper,All grants,NOT STOPPED,5838,6.967,4.5,6.956,4.429
2025,4,Paper,All grants,STOPPED,5213,23.723,15.714,23.438,15.571
2025,4,Paper,Letter of Administration,All,5815,13.217,11.429,13.216,10.429
2025,4,Paper,Letter of Administration,NOT STOPPED,3098,6.414,6.643,6.414,6.643
2025,4,Paper,Letter of Administration,STOPPED,2717,20.974,14.143,20.971,14.143
2025,4,Paper,Letter of Administration with will annexed,All,1919,20.682,15.571,20.45,15.571
2025,4,Paper,Letter of Administration with will annexed,NOT STOPPED,1015,13.166,14.429,13.163,14.429
2025,4,Paper,Letter of Administration with will annexed,STOPPED,904,29.121,20.857,28.633,20.357
2025,4,Paper,Probate,All,3317,14.409,3.714,14.078,3.571
2025,4,Paper,Probate,NOT STOPPED,1725,4.313,0.286,4.276,0.286
2025,4,Paper,Probate,STOPPED,1592,25.348,14.214,24.699,13.714
